Lab no.,Division,N,NO3,NH4_N,P,K,Ca,Mg,S,Fe,Mn,Zn,Cu,Boron,Mo,Na,Cl,Vine_Status
1713.0,Sangli,1.18,1015.0,474,0.25,1.47,0.96,0.48,0.12,67,102.0,74,40,44.12,0.47,0.38,0.26,Nutrient Deficient
2798.0,Sangli,1.9,1279.0,618,0.46,1.23,0.65,0.27,0.15,54,69.0,81,17,56.17,0.49,0.4,0.21,Nutrient Deficient
2865.0,Sangli,1.06,948.0,471,0.23,3.29,1.58,0.51,0.13,65,72.0,78,12,55.12,0.39,0.37,0.21,Nutrient Deficient
1267.0,Sangli,1.79,1198.0,667,0.33,1.52,0.82,0.4,0.15,64,106.0,36,16,44.01,0.41,0.31,0.39,Nutrient Deficient
280.0,Sangli,1.27,1190.0,508,0.22,1.01,1.1,0.51,0.1,86,64.0,130,49,46.6,0.54,0.19,0.17,Nutrient Deficient
753.0,Sangli,1.84,1284.0,689,0.42,2.09,0.73,0.3,0.14,81,85.0,97,44,41.57,0.41,0.29,0.26,Nutrient Deficient
123.0,Sangli,1.27,852.0,681,0.44,1.96,1.93,0.61,0.14,96,105.0,100,23,49.11,0.54,0.19,0.14,Nutrient Deficient
2680.0,Sangli,1.69,1480.0,887,0.41,3.56,0.93,0.52,0.14,70,65.0,69,24,56.73,0.42,0.49,0.49,Nutrient Excess
2625.0,Sangli,1.62,1102.0,887,0.52,2.94,1.15,0.59,0.09,90,69.0,69,23,49.07,0.38,0.22,0.14,Nutrient Excess
1812.0,Sangli,1.52,1038.0,601,0.56,3.54,0.92,0.49,0.15,80,168.0,97,63,50.18,0.56,0.35,0.24,Nutrient Deficient
2676.0,Sangli,1.69,1266.0,494,0.42,2.17,1.36,0.57,0.14,71,67.0,80,26,51.17,0.51,0.21,0.17,Balanced / Optimal
878.0,Sangli,1.15,1130.0,671,0.42,3.99,0.85,0.45,0.12,59,51.0,131,12,44.17,0.47,0.42,0.5,Toxicity Risk
526.0,Sangli,0.95,1011.0,632,0.46,3.03,1.38,0.53,0.16,84,65.0,106,277,49.19,0.51,0.19,0.2,Nutrient Deficient
370.0,Sangli,0.95,1091.0,571,0.24,2.0,1.51,0.59,0.17,46,164.0,61,32,36.72,0.48,0.4,0.31,Nutrient Deficient
3233.0,Sangli,1.27,1332.0,709,0.42,0.96,0.6,0.28,0.14,39,115.0,138,36,44.64,0.52,0.28,0.23,Nutrient Deficient
3755.0,Sangli,1.27,910.0,609,0.26,2.54,1.72,0.52,0.16,77,173.0,127,17,51.13,0.47,0.45,0.28,Nutrient Deficient
1285.0,Sangli,1.34,1206.0,523,0.64,1.76,0.95,0.43,0.15,90,72.0,127,16,48.09,0.37,0.29,0.54,Toxicity Risk
3563.0,Sangli,0.96,996.0,601,0.32,2.83,1.39,0.44,0.12,107,84.0,175,16,47.99,0.39,0.19,0.18,Nutrient Deficient
1956.0,Sangli,1.4,1193.0,493,0.41,2.93,0.72,0.29,0.11,111,76.0,148,29,55.12,0.58,0.21,0.21,Nutrient Deficient
1296.0,Sangli,1.11,955.0,678,0.62,1.51,1.64,0.57,0.14,69,90.0,59,53,50.74,0.47,0.29,0.2,Nutrient Deficient
538.0,Sangli,1.43,1102.0,604,0.67,3.48,1.66,0.53,0.14,73,80.0,152,255,61.27,0.42,0.17,0.3,Nutrient Excess
3261.0,Sangli,1.4,1149.0,479,0.25,3.13,1.5,0.51,0.15,109,89.0,89,119,47.98,0.71,0.71,0.37,Toxicity Risk
1329.0,Sangli,1.85,1500.0,674,0.51,2.85,1.56,0.41,0.13,103,161.0,184,67,45.13,0.5,0.23,0.43,Nutrient Deficient
217.0,Sangli,1.21,1013.0,512,0.37,1.7,0.77,0.39,0.13,94,144.0,101,62,43.61,0.5,0.21,0.17,Nutrient Deficient
4979.0,Solapur,1.27,863.0,463,0.25,1.24,0.79,0.39,0.15,78,20.0,64,13,43.7,0.39,0.35,0.43,Nutrient Deficient
48.0,Sangli,1.73,1271.0,592,0.53,2.28,1.39,0.47,0.15,124,98.0,92,24,51.78,0.44,0.27,0.14,Nutrient Deficient
4278.0,Pune,1.68,1471.0,667,0.52,2.7,1.01,0.48,0.14,96,70.0,155,90,51.37,0.49,0.35,0.24,Nutrient Deficient
997.0,Sangli,1.74,1366.0,912,0.46,3.69,1.44,0.4,0.16,40,84.0,64,18,57.84,0.53,0.24,0.35,Nutrient Deficient
4896.0,Pune,1.4,1355.0,667,0.43,2.93,0.9,0.33,0.13,63,55.0,172,26,39.58,0.51,0.46,0.33,Nutrient Deficient
33.0,Sangli,1.27,1045.0,516,0.55,2.57,1.53,0.53,0.18,64,61.0,60,16,47.14,0.44,0.35,0.28,Nutrient Deficient
2174.0,Sangli,1.06,857.0,571,0.39,2.12,1.01,0.55,0.12,67,75.0,78,8,48.12,0.47,0.31,0.6,Toxicity Risk
1066.0,Sangli,1.23,980.0,471,0.17,2.7,0.7,0.3,0.12,47,103.0,81,23,54.17,0.49,0.25,0.28,Nutrient Deficient
5054.0,Solapur,1.85,879.0,612,0.67,3.55,0.71,0.33,0.16,83,104.0,188,47,50.7,0.62,0.41,0.45,Nutrient Deficient
5078.0,Solapur,1.28,810.0,390,0.25,1.63,1.06,0.49,0.16,81,51.0,93,60,41.71,0.47,0.32,0.39,Nutrient Deficient
1967.0,Sangli,0.79,942.0,801,0.62,3.1,1.08,0.49,0.17,54,111.0,90,24,49.19,0.51,0.41,0.55,Toxicity Risk
2727.0,Sangli,1.47,1096.0,711,0.37,3.47,1.01,0.52,0.14,56,92.0,107,21,46.12,0.59,0.34,0.14,Nutrient Deficient
3797.0,Sangli,1.86,1420.0,714,0.23,2.67,1.41,0.69,0.11,71,397.0,68,57,51.02,0.46,0.28,0.55,Toxicity Risk
4527.0,Pune,1.22,1000.0,481,0.54,1.89,0.87,0.34,0.16,117,51.0,162,92,40.45,0.48,0.27,0.19,Nutrient Deficient
5178.0,Solapur,1.16,879.0,670,0.44,3.36,1.16,0.35,0.13,67,47.0,96,12,43.69,0.51,0.21,0.34,Nutrient Deficient
2311.0,Sangli,1.61,960.0,509,0.56,2.78,1.08,0.47,0.16,61,93.0,101,38,54.64,0.51,0.45,0.21,Nutrient Deficient
3811.0,Sangli,1.4,1019.0,478,0.56,2.3,0.69,0.27,0.16,43,37.0,110,48,54.25,0.53,0.31,0.25,Nutrient Deficient
4333.0,Pune,1.06,1092.0,492,0.37,2.29,1.38,0.68,0.14,62,121.0,83,138,51.57,0.51,0.25,0.21,Nutrient Deficient
676.0,Pune,1.64,1215.0,471,0.5,2.32,0.65,0.15,0.13,60,92.0,90,45,44.71,0.45,0.3,0.19,Nutrient Deficient
712.0,Sangli,1.68,920.0,598,0.31,0.98,1.06,0.24,0.14,37,84.0,55,21,42.69,0.46,0.19,0.26,Nutrient Deficient
416.0,Pune,1.06,947.0,388,0.27,1.42,0.97,0.46,0.16,59,97.0,68,38,51.66,0.49,0.36,0.29,Nutrient Deficient
4118.0,Sangli,1.01,1125.0,863,0.42,1.91,1.51,0.63,0.16,80,124.0,189,129,50.12,0.51,0.32,0.24,Nutrient Deficient
3985.0,Sangli,1.0,1495.0,769,0.44,2.34,1.22,0.31,0.16,115,51.0,79,15,56.96,0.53,0.25,0.23,Nutrient Deficient
4847.0,Pune,1.55,857.0,668,0.47,2.36,1.16,0.38,0.12,102,55.0,78,34,47.66,0.41,0.31,0.32,Nutrient Deficient
3373.0,Sangli,1.06,910.0,666,0.57,2.04,1.58,0.47,0.16,67,104.0,129,48,51.67,0.53,0.17,0.14,Nutrient Deficient
2871.0,Sangli,1.29,847.0,517,0.41,3.63,1.34,0.56,0.13,83,67.0,105,61,50.92,0.57,0.45,0.42,Nutrient Deficient
4827.0,Pune,1.16,1210.0,494,0.35,2.33,1.82,0.6,0.14,139,104.0,66,15,41.62,0.44,0.29,0.19,Nutrient Deficient
4840.0,Pune,1.68,999.0,513,0.48,3.25,0.68,0.46,0.13,69,116.0,153,90,45.73,0.41,0.48,0.21,Nutrient Deficient
2663.0,Sangli,1.16,1167.0,467,0.51,4.32,0.95,0.25,0.14,69,84.0,89,62,46.84,0.51,0.27,0.17,Nutrient Deficient
3058.0,Sangli,1.27,874.0,343,0.34,1.8,2.52,0.63,0.13,107,84.0,130,286,50.18,0.39,0.28,0.19,Nutrient Deficient
1356.0,Sangli,1.32,955.0,608,0.17,2.39,1.07,0.3,0.14,71,68.0,108,10,39.17,0.47,0.23,0.15,Nutrient Deficient
3290.0,Sangli,1.59,800.0,517,0.41,1.54,1.01,0.36,0.12,51,53.0,24,13,51.08,0.46,0.32,0.14,Nutrient Deficient
1315.0,Sangli,1.48,1215.0,509,0.45,3.64,0.88,0.49,0.17,74,50.0,137,70,53.66,0.47,0.47,0.21,Nutrient Deficient
816.0,Solapur,1.0,765.0,592,0.4,2.98,0.61,0.39,0.12,54,51.0,116,10,41.71,0.47,0.33,0.31,Nutrient Deficient
1882.0,Sangli,1.62,1341.0,703,0.77,3.08,0.95,0.41,0.16,49,146.0,111,38,41.58,0.46,0.21,0.14,Nutrient Deficient
2782.0,Sangli,0.95,874.0,517,0.66,1.2,1.14,0.47,0.16,55,69.0,66,23,51.17,0.53,0.22,0.26,Nutrient Deficient
2589.0,Sangli,0.84,868.0,585,0.33,1.48,0.99,0.51,0.13,64,114.0,111,99,53.66,0.54,0.24,0.32,Nutrient Deficient
4607.0,Pune,1.21,1460.0,502,0.54,3.82,1.85,0.49,0.15,63,147.0,97,47,40.63,0.4,0.46,0.5,Toxicity Risk
4469.0,Pune,1.06,1044.0,471,0.4,3.44,2.62,0.43,0.1,70,54.0,65,26,52.35,0.52,0.23,0.21,Nutrient Deficient
4074.0,Sangli,1.22,1045.0,669,0.42,1.95,1.21,0.41,0.16,379,112.0,137,17,49.62,0.53,0.36,0.21,Nutrient Deficient
670.0,Pune,1.21,1045.0,611,0.45,1.9,0.94,0.22,0.1,71,57.0,206,55,41.11,0.41,0.38,0.25,Nutrient Deficient
2845.0,Sangli,2.02,1430.0,624,0.27,2.91,1.19,0.52,0.12,72,134.0,60,19,54.63,0.46,0.43,0.29,Nutrient Deficient
3552.0,Sangli,1.69,956.0,543,0.5,2.84,0.62,0.24,0.14,40,89.0,55,14,43.64,0.51,0.21,0.28,Nutrient Deficient
2427.0,Sangli,1.43,795.0,312,0.5,2.46,1.43,0.34,0.17,62,51.0,105,41,58.67,0.54,0.42,0.21,Nutrient Deficient
3894.0,Sangli,1.64,1072.0,380,0.19,1.76,2.27,0.77,0.13,72,90.0,94,233,54.64,0.58,0.27,0.1,Nutrient Deficient
4936.0,Solapur,0.95,916.0,669,0.34,2.58,1.9,0.67,0.12,129,133.0,78,52,61.18,0.71,0.21,0.32,Nutrient Deficient
2119.0,Sangli,1.16,1044.0,492,0.82,3.03,1.36,0.51,0.12,51,67.0,92,73,49.83,0.44,0.57,0.39,Toxicity Risk
731.0,Sangli,0.96,810.0,411,0.5,1.21,0.98,0.24,0.15,51,145.0,83,36,41.78,0.44,0.24,0.13,Nutrient Deficient
877.0,Sangli,1.22,895.0,478,0.48,4.04,0.72,0.41,0.14,78,41.0,139,23,42.89,0.41,0.4,0.5,Toxicity Risk
960.0,Sangli,1.85,1185.0,479,0.36,3.88,0.93,0.39,0.17,65,88.0,66,19,56.17,0.49,0.23,0.21,Nutrient Deficient
1213.0,Sangli,1.27,1367.0,714,0.49,3.29,1.48,0.58,0.17,54,76.0,83,19,52.11,0.63,0.43,0.43,Nutrient Deficient
2350.0,Sangli,0.96,1460.0,453,0.64,4.08,0.91,0.31,0.16,131,129.0,93,209,61.63,0.43,0.41,0.35,Nutrient Deficient
286.0,Sangli,1.0,942.0,711,0.54,2.35,1.46,0.63,0.15,74,69.0,112,59,51.71,0.38,0.36,0.26,Nutrient Deficient
3013.0,Sangli,1.46,1025.0,512,0.54,2.81,1.01,0.55,0.13,55,43.0,124,21,49.12,0.67,0.21,0.21,Nutrient Excess
2739.0,Sangli,1.79,1264.0,611,0.59,3.8,2.35,0.53,0.17,156,98.0,97,225,48.8,0.49,0.27,0.23,Nutrient Excess
3964.0,Sangli,0.9,1190.0,497,0.46,3.13,1.72,0.52,0.16,106,98.0,94,18,61.27,0.43,0.26,0.26,Nutrient Deficient
3533.0,Sangli,1.43,1435.0,711,0.4,2.26,1.83,0.63,0.15,109,90.0,104,23,56.84,0.44,0.29,0.31,Nutrient Deficient
3393.0,Sangli,1.57,1470.0,501,0.31,1.45,1.22,0.37,0.13,47,97.0,71,24,41.78,0.43,0.22,0.16,Nutrient Deficient
4395.0,Pune,1.0,1236.0,509,0.53,2.95,2.24,0.53,0.17,51,41.0,48,27,50.99,0.54,0.35,0.21,Nutrient Deficient
1827.0,Sangli,1.46,1436.0,703,0.31,1.87,1.36,0.57,0.16,73,95.0,113,12,49.78,0.71,0.26,0.23,Nutrient Deficient
3236.0,Sangli,1.46,1470.0,578,0.62,2.02,0.61,0.36,0.16,84,97.0,80,34,48.13,0.47,0.24,0.14,Nutrient Deficient
1625.0,Sangli,1.32,1377.0,712,0.47,1.35,1.01,0.43,0.13,60,127.0,67,70,46.6,0.43,0.25,0.21,Nutrient Deficient
339.0,Sangli,1.27,1097.0,613,0.42,1.92,1.08,0.56,0.12,81,85.0,132,82,45.09,0.53,0.46,0.17,Nutrient Deficient
230.0,Pune,1.59,1027.0,476,0.56,2.68,1.78,0.61,0.13,58,56.0,71,21,44.62,0.51,0.27,0.21,Nutrient Excess
5009.0,Solapur,1.12,1086.0,711,0.5,2.6,1.15,0.51,0.13,71,76.0,84,13,53.63,0.53,0.2,0.14,Nutrient Deficient
4061.0,Sangli,1.64,1168.0,423,0.49,1.84,2.54,0.56,0.17,79,89.0,155,30,56.96,0.47,0.39,0.39,Balanced / Optimal
4365.0,Pune,1.64,1029.0,755,0.36,2.79,1.14,0.51,0.16,83,118.0,51,13,47.66,0.42,0.34,0.31,Nutrient Deficient
1207.0,Sangli,1.79,1220.0,609,0.41,3.98,0.93,0.39,0.15,60,34.0,59,16,53.67,0.48,0.45,0.38,Nutrient Deficient
804.0,Sangli,1.28,1440.0,511,0.44,2.86,1.07,0.45,0.16,70,97.0,98,42,41.09,0.49,0.53,0.47,Toxicity Risk
1507.0,Sangli,1.68,1058.0,587,0.32,2.54,1.39,0.62,0.14,65,72.0,94,31,53.17,0.44,0.32,0.17,Nutrient Deficient
44.0,Sangli,1.45,1191.0,612,0.36,1.99,2.09,0.62,0.16,83,172.0,87,35,52.11,0.49,0.29,0.28,Nutrient Deficient
4952.0,Solapur,1.33,997.0,759,0.27,0.86,1.02,0.61,0.12,73,104.0,64,13,53.23,0.63,0.25,0.16,Nutrient Deficient
3152.0,Sangli,1.4,800.0,601,0.44,2.11,0.86,0.29,0.13,37,61.0,65,50,56.88,0.39,0.36,0.19,Nutrient Deficient
3668.0,Sangli,1.62,1501.0,617,0.58,2.6,1.14,0.29,0.15,67,66.0,147,45,46.78,0.43,0.28,0.26,Nutrient Deficient
1046.0,Sangli,1.29,1415.0,792,0.34,3.33,0.89,0.38,0.16,50,85.0,118,32,54.61,0.54,0.47,0.33,Nutrient Deficient
726.0,Sangli,1.41,800.0,601,0.32,1.54,0.76,0.31,0.13,46,94.0,87,24,40.12,0.47,0.26,0.32,Nutrient Deficient
1765.0,Sangli,1.06,1079.0,612,0.64,2.42,0.84,0.37,0.17,119,68.0,98,146,52.64,0.45,0.21,0.14,Nutrient Deficient
1881.0,Sangli,1.57,1135.0,608,0.23,2.43,1.02,0.46,0.1,279,120.0,122,34,45.02,0.51,0.42,0.31,Nutrient Deficient
2343.0,Sangli,1.69,1210.0,527,0.59,3.42,1.04,0.49,0.16,74,41.0,59,18,51.18,0.41,0.16,0.18,Nutrient Deficient
4651.0,Pune,0.95,857.0,378,0.64,2.53,1.7,0.74,0.12,61,73.0,51,23,59.16,0.61,0.46,0.21,Nutrient Deficient
1204.0,Pune,0.9,1150.0,499,0.25,3.83,1.64,0.3,0.15,65,32.0,50,13,71.61,0.54,0.46,0.13,Nutrient Deficient
900.0,Sangli,1.23,1490.0,871,0.49,3.42,0.8,0.28,0.17,43,112.0,115,16,45.71,0.54,0.21,0.43,Nutrient Deficient
543.0,Sangli,1.27,1097.0,631,0.43,3.58,1.41,0.45,0.16,91,95.0,178,295,44.87,0.39,0.29,0.26,Nutrient Deficient
1547.0,Sangli,2.02,1270.0,536,0.42,2.11,0.74,0.24,0.11,73,108.0,111,22,41.66,0.38,0.23,0.19,Nutrient Deficient
4736.0,Pune,1.64,1282.0,471,0.51,3.13,1.93,0.37,0.16,65,146.0,204,256,46.82,0.41,0.37,0.21,Nutrient Deficient
1550.0,Sangli,1.91,1468.0,606,0.34,2.89,1.17,0.42,0.1,54,129.0,60,30,49.73,0.42,0.39,0.28,Nutrient Deficient
1618.0,Sangli,1.27,980.0,711,0.31,1.14,0.85,0.36,0.13,89,83.0,108,21,49.19,0.43,0.28,0.32,Nutrient Deficient
1302.0,Sangli,1.4,750.0,517,0.54,2.59,2.31,0.58,0.14,181,102.0,187,274,51.12,0.48,0.29,0.21,Nutrient Excess
4421.0,Pune,1.57,1508.0,666,0.56,2.67,1.15,0.57,0.16,79,97.0,92,23,67.96,0.52,0.33,0.47,Nutrient Excess
317.0,Sangli,1.335,1092.0,671,0.59,2.2,1.1,0.54,0.16,47,64.0,94,58,46.01,0.61,0.42,0.31,Balanced / Optimal
2535.0,Sangli,1.73,1160.0,671,0.35,3.12,1.04,0.44,0.16,81,90.0,62,17,49.63,0.49,0.29,0.39,Nutrient Deficient
3813.0,Sangli,1.43,1110.0,554,0.38,2.36,0.84,0.33,0.13,76,143.0,55,22,46.12,0.72,0.21,0.14,Nutrient Deficient
2335.0,Sangli,1.34,1500.0,714,0.23,3.13,0.92,0.39,0.16,60,82.0,131,35,51.68,0.71,0.33,0.32,Nutrient Deficient
2306.0,Sangli,1.07,1075.0,777,0.62,3.74,1.06,0.39,0.15,68,83.0,93,15,54.63,0.43,0.46,0.29,Nutrient Deficient
892.0,Sangli,1.35,1478.0,712,0.34,2.39,1.49,0.52,0.14,40,97.0,118,18,50.18,0.52,0.32,0.35,Nutrient Deficient
2563.0,Sangli,1.16,771.0,598,0.52,1.94,1.26,0.36,0.17,53,68.0,126,14,46.12,0.43,0.38,0.19,Nutrient Deficient
1582.0,Sangli,1.58,815.0,509,0.43,1.07,1.21,0.63,0.12,131,169.0,124,109,41.68,0.6,0.36,0.27,Nutrient Deficient
1269.0,Sangli,1.4,1361.0,612,0.48,3.65,1.69,0.35,0.17,98,85.0,94,16,41.74,0.51,0.43,0.31,Nutrient Deficient
5028.0,Solapur,1.74,1071.0,521,0.43,2.83,0.69,0.28,0.13,76,63.0,74,25,49.2,0.4,0.43,0.45,Nutrient Deficient
847.0,Pune,1.18,1500.0,693,0.46,2.85,0.76,0.47,0.14,73,181.0,72,23,51.78,0.52,0.25,0.78,Toxicity Risk
2492.0,Sangli,1.43,1125.0,571,0.49,1.84,1.44,0.63,0.17,77,113.0,67,14,54.46,0.6,0.15,0.13,Balanced / Optimal
4961.0,Solapur,1.17,1071.0,613,0.42,2.45,0.83,0.44,0.14,65,134.0,124,25,61.25,0.51,0.57,0.14,Toxicity Risk
2432.0,Sangli,0.95,1287.0,595,0.65,1.66,1.16,0.39,0.18,336,182.0,92,19,49.12,0.51,0.36,0.31,Nutrient Deficient
4983.0,Solapur,1.54,783.0,583,0.52,2.47,0.69,0.39,0.17,53,47.0,90,13,52.64,0.43,0.47,0.14,Nutrient Deficient
3031.0,Sangli,1.62,1500.0,693,0.65,2.92,1.22,0.42,0.16,55,136.0,216,90,45.13,15.65,0.42,0.5,Toxicity Risk
3362.0,Sangli,1.67,1491.0,671,0.23,3.21,1.87,0.5,0.13,129,80.0,66,12,50.66,0.54,0.32,0.39,Nutrient Deficient
4468.0,Pune,1.72,1460.0,578,0.54,3.4,1.17,0.39,0.16,55,104.0,117,37,62.54,0.65,0.28,0.19,Nutrient Deficient
3319.0,Sangli,0.95,997.0,584,0.57,2.7,0.87,0.21,0.12,62,134.0,113,17,46.78,0.32,0.34,0.35,Nutrient Deficient
2185.0,Sangli,1.9,1250.0,972,0.33,1.39,1.31,0.51,0.16,51,52.0,59,7,48.43,0.38,0.36,0.28,Nutrient Deficient
1587.0,Sangli,1.32,1430.0,678,0.2,1.81,1.25,0.39,0.17,60,86.0,49,72,49.78,0.51,0.21,0.16,Nutrient Deficient
4180.0,Pune,1.16,1450.0,598,0.48,3.62,2.78,0.6,0.16,116,55.0,51,11,41.1,0.47,0.45,0.28,Nutrient Deficient
4274.0,Pune,1.23,1190.0,388,0.36,2.01,1.29,0.66,0.16,59,44.0,89,31,51.67,0.45,0.43,0.21,Nutrient Deficient
4657.0,Pune,0.95,1450.0,509,0.32,1.54,2.62,0.68,0.14,108,300.0,48,48,48.64,0.4,0.48,0.38,Nutrient Deficient
3769.0,Sangli,1.37,1218.0,703,0.27,2.12,1.46,0.47,0.14,118,305.0,185,17,44.16,0.57,0.25,0.37,Nutrient Deficient
580.0,Sangli,1.59,1209.0,509,0.83,2.55,2.09,0.65,0.2,131,68.0,163,333,53.78,0.54,0.27,0.35,Nutrient Excess
827.0,Solapur,1.0,845.0,669,0.26,2.64,0.69,0.17,0.12,80,21.0,84,7,41.84,0.53,0.33,0.43,Nutrient Deficient
3910.0,Sangli,1.34,1015.0,471,0.47,1.07,0.63,0.27,0.12,49,101.0,132,16,40.71,0.43,0.2,0.26,Nutrient Deficient
4033.0,Sangli,1.85,1175.0,611,0.53,2.88,0.97,0.33,0.11,51,54.0,83,44,41.78,0.4,0.34,0.21,Nutrient Deficient
5090.0,Solapur,1.01,950.0,453,0.36,2.88,1.85,0.55,0.1,136,82.0,122,11,54.65,0.54,0.32,0.41,Nutrient Deficient
4111.0,Sangli,1.06,1217.0,383,0.33,1.7,1.06,0.52,0.16,118,78.0,51,29,50.67,0.41,0.25,0.14,Nutrient Deficient
4699.0,Pune,1.28,1048.0,701,0.35,1.76,1.33,0.66,0.17,187,115.0,140,143,56.11,0.61,0.48,0.21,Nutrient Deficient
3450.0,Sangli,1.74,1362.0,663,0.52,2.54,0.72,0.41,0.13,71,113.0,66,18,54.65,0.6,0.29,0.21,Nutrient Deficient
3186.0,Sangli,1.15,1374.0,598,0.4,2.38,1.69,0.81,0.2,133,80.0,88,47,41.74,0.47,0.46,0.15,Nutrient Deficient
3792.0,Sangli,1.17,1175.0,587,0.57,1.81,1.78,0.61,0.15,126,142.0,144,138,52.64,0.48,0.38,0.21,Nutrient Deficient
3099.0,Sangli,1.18,1102.0,617,0.45,1.96,2.35,0.61,0.15,183,72.0,98,306,54.11,0.55,0.24,0.17,Nutrient Deficient
2787.0,Sangli,1.12,1020.0,578,0.27,2.38,0.61,0.39,0.15,49,89.0,76,12,46.12,0.49,0.25,0.25,Nutrient Deficient
1631.0,Sangli,1.23,1096.0,611,0.35,2.52,1.28,0.56,0.15,131,159.0,217,198,54.37,0.41,0.46,0.42,Nutrient Deficient
4119.0,Sangli,1.27,1209.0,568,0.41,2.64,1.46,0.63,0.13,96,143.0,120,13,50.11,0.51,0.47,0.48,Nutrient Deficient
4885.0,Pune,0.89,757.0,412,0.33,1.79,2.05,0.42,0.12,52,117.0,105,15,50.12,0.48,0.14,0.17,Nutrient Deficient
5114.0,Solapur,1.06,1072.0,512,0.61,1.33,0.91,0.36,0.16,66,51.0,102,67,49.88,0.54,0.31,0.2,Nutrient Deficient
2072.0,Sangli,1.34,847.0,293,0.5,2.16,1.76,0.51,0.13,66,54.0,93,30,40.12,0.6,0.25,0.26,Balanced / Optimal
655.0,Pune,0.89,799.0,378,0.44,2.79,2.63,0.46,0.16,95,23.0,103,50,40.17,0.43,0.27,0.21,Nutrient Deficient
3106.0,Sangli,1.43,1211.0,560,0.69,2.89,1.3,0.41,0.13,53,93.0,107,17,50.13,0.48,0.17,0.16,Nutrient Deficient
3059.0,Sangli,1.9,1345.0,571,0.69,2.51,0.88,0.36,0.17,59,98.0,117,43,51.78,0.58,0.18,0.19,Nutrient Deficient
3876.0,Sangli,0.74,997.0,709,0.2,2.54,1.28,0.57,0.16,65,125.0,184,481,54.38,0.52,0.28,0.21,Nutrient Deficient
791.0,Sangli,1.74,1069.0,494,0.34,2.01,1.07,0.44,0.14,51,70.0,85,99,40.56,0.48,0.38,0.16,Nutrient Deficient
2316.0,Sangli,1.06,931.0,659,0.38,2.8,1.2,0.51,0.17,79,266.0,109,16,52.64,0.49,0.37,0.32,Nutrient Deficient
3355.0,Sangli,0.95,948.0,617,0.28,2.09,1.67,0.66,0.15,74,120.0,71,149,44.07,0.63,0.14,0.14,Nutrient Deficient
419.0,Pune,1.74,1289.0,711,0.69,3.11,0.76,0.37,0.13,55,75.0,115,102,51.66,0.66,0.32,0.19,Nutrient Deficient
1340.0,Sangli,1.85,1178.0,509,0.37,3.77,1.05,0.57,0.13,52,120.0,82,26,50.92,0.49,0.48,0.35,Nutrient Deficient
798.0,Sangli,1.68,735.0,762,0.39,1.35,0.96,0.37,0.15,49,46.0,49,30,46.6,0.41,0.44,0.1,Nutrient Deficient
3803.0,Sangli,1.12,997.0,493,0.42,2.13,2.01,0.66,0.16,171,91.0,68,51,51.92,0.51,0.51,0.35,Toxicity Risk
1264.0,Sangli,1.06,1160.0,864,0.18,0.98,0.69,0.33,0.12,57,102.0,86,35,40.71,0.56,0.45,0.16,Nutrient Deficient
1802.0,Sangli,1.22,1430.0,512,0.41,2.55,0.69,0.39,0.16,71,273.0,92,10,41.42,0.49,0.46,0.35,Nutrient Deficient
3220.0,Sangli,1.74,997.0,383,0.27,2.17,1.34,0.49,0.1,60,191.0,104,9,41.66,0.37,0.26,0.27,Nutrient Deficient
2241.0,Sangli,0.95,1415.0,418,0.6,3.98,1.09,0.52,0.17,96,70.0,91,73,43.13,0.37,0.41,0.27,Nutrient Deficient
3630.0,Sangli,1.18,1125.0,535,0.35,3.13,1.38,0.55,0.13,52,168.0,85,12,48.33,0.49,0.2,0.19,Nutrient Deficient
2019.0,Sangli,1.68,1179.0,478,0.33,2.59,0.7,0.4,0.14,59,101.0,68,15,44.78,0.41,0.27,0.14,Nutrient Deficient
2908.0,Sangli,1.16,990.0,308,0.56,1.37,0.88,0.45,0.15,67,84.0,117,9,50.17,0.38,0.26,0.26,Nutrient Deficient
3251.0,Sangli,1.9,1172.0,392,0.27,1.03,1.07,0.6,0.16,106,221.0,132,108,46.12,0.46,0.18,0.15,Nutrient Deficient
19.0,Sangli,1.68,1169.0,631,0.5,2.44,1.09,0.5,0.12,383,62.0,46,66,46.6,0.49,0.34,0.31,Nutrient Deficient
3501.0,Sangli,1.21,895.0,830,0.23,1.59,1.07,0.43,0.13,65,296.0,117,30,47.65,0.34,0.24,0.13,Nutrient Deficient
4286.0,Pune,1.23,1153.0,712,0.27,2.99,1.89,0.51,0.12,72,189.0,180,24,50.15,0.57,0.46,0.44,Nutrient Deficient
3708.0,Sangli,0.79,848.0,516,0.19,2.86,1.52,0.4,0.14,43,262.0,71,12,47.98,0.51,0.27,0.14,Nutrient Deficient
933.0,Sangli,1.23,895.0,713,0.34,2.12,0.89,0.46,0.16,46,101.0,107,26,50.78,0.57,0.47,0.5,Toxicity Risk
1953.0,Sangli,1.64,1395.0,666,0.55,2.3,0.89,0.38,0.17,69,54.0,89,18,50.05,0.47,0.19,0.14,Nutrient Deficient
4836.0,Pune,1.74,979.0,680,0.51,2.74,1.65,0.38,0.14,63,40.0,83,52,45.78,0.39,0.25,0.14,Nutrient Deficient
3098.0,Sangli,1.12,970.0,492,0.72,2.25,0.7,0.38,0.13,132,95.0,143,53,46.6,0.45,0.28,0.17,Nutrient Deficient
2153.0,Sangli,1.79,1280.0,471,0.5,2.06,1.79,0.5,0.13,71,48.0,98,46,50.74,0.49,0.28,0.4,Nutrient Deficient
747.0,Solapur,1.27,1115.0,512,0.42,3.54,0.6,0.23,0.12,47,26.0,45,11,38.63,0.39,0.2,0.38,Nutrient Deficient
3016.0,Sangli,1.37,1009.0,701,0.5,2.95,1.21,0.36,0.16,49,48.0,128,24,42.14,0.41,0.43,0.26,Nutrient Deficient
3782.0,Sangli,1.23,1126.0,408,0.8,4.0,0.59,0.41,0.15,73,90.0,140,24,40.22,0.42,0.27,0.26,Nutrient Deficient
3896.0,Sangli,1.18,997.0,409,0.32,2.59,2.03,0.62,0.16,47,112.0,108,19,50.92,0.63,0.33,0.21,Nutrient Deficient
3873.0,Sangli,1.28,809.0,484,0.4,1.7,1.28,0.59,0.15,55,101.0,94,17,56.63,0.51,0.21,0.19,Nutrient Deficient
77.0,Sangli,1.28,1047.0,479,0.39,2.28,1.39,0.5,0.13,65,107.0,52,50,50.92,0.43,0.23,0.21,Nutrient Deficient
2098.0,Sangli,1.28,1372.0,677,0.35,2.82,0.78,0.44,0.13,67,59.0,95,8,46.6,0.44,0.26,0.07,Nutrient Deficient
256.0,Sangli,0.89,795.0,689,0.17,2.42,1.7,0.61,0.12,109,147.0,92,38,41.87,0.58,0.14,0.14,Nutrient Deficient
4006.0,Sangli,1.41,1254.0,663,0.38,1.84,1.82,0.45,0.16,53,109.0,134,16,52.76,0.44,0.14,0.28,Nutrient Deficient
4156.0,Pune,0.95,1157.0,509,0.53,2.18,1.42,0.59,0.11,72,147.0,67,56,43.07,0.41,0.23,0.19,Nutrient Deficient
4878.0,Pune,1.43,1091.0,685,0.44,1.22,0.62,0.43,0.12,63,73.0,96,21,41.88,0.39,0.37,0.25,Nutrient Deficient
2230.0,Sangli,1.4,1057.0,330,0.39,2.1,1.63,0.49,0.16,115,64.0,112,143,54.97,0.53,0.25,0.14,Nutrient Deficient
1308.0,Sangli,1.6,1009.0,401,0.42,2.63,1.14,0.3,0.14,52,72.0,118,8,55.16,0.42,0.43,0.41,Nutrient Deficient
407.0,Sangli,1.21,1027.0,679,0.45,3.0,1.2,0.47,0.14,260,142.0,138,39,47.12,0.37,0.36,0.26,Nutrient Deficient
3017.0,Sangli,1.69,1400.0,718,0.54,1.59,0.8,0.41,0.12,73,146.0,78,10,46.6,0.71,0.23,0.14,Nutrient Deficient
4041.0,Sangli,1.46,998.0,692,0.35,4.28,1.29,0.49,0.13,44,104.0,71,32,39.57,0.39,0.39,0.47,Nutrient Deficient
4593.0,Pune,1.34,1430.0,569,0.46,3.07,1.85,0.38,0.15,55,125.0,65,90,49.17,0.66,0.24,0.28,Nutrient Deficient
4103.0,Sangli,1.57,1509.0,674,0.46,3.78,1.11,0.36,0.14,61,201.0,94,13,53.94,0.67,0.19,0.49,Nutrient Deficient
340.0,Sangli,1.59,1250.0,457,0.21,1.85,0.94,0.33,0.14,74,115.0,133,143,43.83,0.61,0.16,0.14,Nutrient Deficient
2979.0,Sangli,1.27,1092.0,639,0.24,2.4,1.09,0.43,0.13,92,107.0,67,18,48.67,0.5,0.28,0.27,Nutrient Deficient
4540.0,Pune,1.85,1475.0,777,0.48,3.55,0.74,0.47,0.14,71,85.0,40,12,63.5,0.54,0.35,0.19,Nutrient Deficient
3507.0,Sangli,0.9,1196.0,880,0.44,2.55,1.74,0.49,0.16,77,98.0,58,67,49.74,0.44,0.2,0.25,Nutrient Deficient
2406.0,Sangli,1.06,997.0,398,0.17,3.99,1.31,0.62,0.16,68,247.0,87,18,56.17,0.51,0.34,0.14,Nutrient Deficient
2569.0,Sangli,1.48,1120.0,711,0.39,2.32,1.09,0.49,0.12,195,154.0,120,35,47.64,0.61,0.39,0.35,Nutrient Deficient
3637.0,Sangli,0.9,1027.0,312,0.32,2.13,1.33,0.53,0.1,74,128.0,81,23,40.17,0.59,0.16,0.26,Nutrient Deficient
4191.0,Pune,1.34,1058.0,518,0.24,1.36,1.1,0.49,0.16,72,302.0,137,53,46.11,0.53,0.43,0.48,Nutrient Deficient
522.0,Sangli,1.22,1093.0,693,0.43,3.38,1.09,0.54,0.16,40,112.0,93,70,62.13,0.37,0.31,0.21,Nutrient Deficient
3357.0,Sangli,1.32,1278.0,718,0.38,3.76,1.37,0.61,0.15,84,242.0,116,43,52.17,0.49,0.46,0.38,Nutrient Deficient
1211.0,Sangli,1.68,955.0,349,0.39,1.14,1.49,0.46,0.16,67,93.0,73,307,41.42,0.3,0.29,0.14,Nutrient Deficient
3865.0,Sangli,1.28,950.0,748,0.62,1.74,0.86,0.41,0.14,76,76.0,77,36,43.81,0.51,0.32,0.43,Nutrient Deficient
2695.0,Sangli,1.12,1496.0,561,0.36,2.75,1.38,0.53,0.17,51,85.0,131,9,43.66,0.53,0.35,0.24,Nutrient Deficient
4288.0,Pune,0.9,1018.0,478,0.27,3.95,1.89,0.66,0.14,78,104.0,121,63,54.37,0.44,0.47,0.32,Nutrient Deficient
2582.0,Sangli,1.43,1017.0,704,0.32,3.33,0.7,0.49,0.11,52,129.0,202,31,40.12,0.32,0.49,0.58,Toxicity Risk
5050.0,Solapur,1.42,1026.0,520,0.28,2.91,1.13,0.35,0.13,50,30.0,90,61,43.69,0.51,0.23,0.22,Nutrient Deficient
680.0,Sangli,1.46,1080.0,384,0.62,1.31,0.87,0.33,0.1,39,81.0,111,18,37.97,0.4,0.44,0.58,Toxicity Risk
4001.0,Sangli,1.64,907.0,492,0.44,3.54,1.05,0.5,0.1,75,145.0,98,26,56.09,0.47,0.36,0.21,Nutrient Deficient
1232.0,Sangli,2.24,1190.0,522,0.52,3.05,1.2,0.55,0.14,124,267.0,175,31,50.6,0.36,0.46,0.19,Nutrient Excess
1859.0,Sangli,1.22,1044.0,492,0.59,2.39,0.82,0.6,0.13,55,44.0,63,43,40.31,0.5,0.22,0.14,Nutrient Deficient
308.0,Sangli,1.37,1209.0,501,0.32,1.39,1.01,0.56,0.13,69,69.0,91,29,42.84,0.38,0.2,0.14,Nutrient Deficient
4794.0,Pune,1.27,1304.0,612,0.65,4.27,0.81,0.47,0.15,73,140.0,67,20,49.46,0.5,0.16,0.28,Nutrient Deficient
3486.0,Sangli,1.53,1295.0,391,0.63,1.9,1.38,0.39,0.15,62,80.0,89,58,46.11,0.45,0.41,0.4,Nutrient Deficient
1832.0,Sangli,1.28,1096.0,453,0.32,1.83,0.88,0.4,0.12,124,120.0,127,26,37.55,0.54,0.25,0.27,Nutrient Deficient
3347.0,Sangli,1.12,919.0,612,0.3,2.48,1.09,0.52,0.1,119,49.0,155,33,50.92,0.49,0.3,0.18,Nutrient Deficient
2901.0,Sangli,1.11,1025.0,518,0.27,0.99,0.74,0.33,0.12,40,65.0,64,10,48.66,0.4,0.27,0.21,Nutrient Deficient
2919.0,Sangli,1.06,1079.0,662,0.26,2.84,1.41,0.47,0.1,87,125.0,112,12,61.17,0.44,0.27,0.35,Nutrient Deficient
961.0,Sangli,1.62,1040.0,512,0.49,3.94,0.97,0.42,0.18,48,129.0,93,23,54.12,0.47,0.25,0.35,Nutrient Deficient
2551.0,Sangli,1.21,1190.0,678,0.43,1.97,1.21,0.54,0.12,283,256.0,139,129,47.11,0.46,0.43,0.21,Nutrient Deficient
228.0,Pune,1.06,953.0,463,0.39,2.02,2.31,0.68,0.13,73,125.0,110,40,49.17,0.52,0.19,0.19,Nutrient Deficient
3986.0,Sangli,1.4,895.0,412,0.36,1.44,1.03,0.38,0.14,64,108.0,104,10,43.67,0.53,0.39,0.41,Nutrient Deficient
1467.0,Sangli,1.21,840.0,478,0.25,1.44,0.97,0.48,0.15,94,147.0,51,9,54.16,0.5,0.25,0.26,Nutrient Deficient
4732.0,Pune,1.46,1195.0,611,0.6,2.93,0.76,0.55,0.16,38,52.0,54,83,52.65,0.42,0.17,0.21,Nutrient Excess
882.0,Pune,1.67,1092.0,518,0.52,2.55,0.97,0.4,0.15,45,62.0,105,41,49.12,0.41,0.26,0.33,Nutrient Deficient
3488.0,Sangli,1.46,1208.0,415,0.21,2.06,1.44,0.47,0.19,103,86.0,49,29,47.12,0.47,0.22,0.14,Nutrient Deficient
3442.0,Sangli,0.9,910.0,309,0.31,2.31,1.51,0.52,0.13,319,103.0,249,312,43.78,0.47,0.48,0.17,Nutrient Deficient
266.0,Pune,0.72,785.0,592,0.3,1.69,1.19,0.63,0.14,62,105.0,105,9,46.89,0.57,0.26,0.21,Nutrient Deficient
2966.0,Sangli,1.59,909.0,371,0.29,2.91,0.53,0.24,0.15,61,69.0,112,14,42.68,0.52,0.47,0.14,Nutrient Deficient
5075.0,Solapur,1.16,1204.0,586,0.24,2.9,1.05,0.35,0.16,54,59.0,127,17,51.18,0.47,0.44,0.35,Nutrient Deficient
585.0,Sangli,1.48,1297.0,471,0.47,2.3,1.78,0.58,0.16,119,38.0,180,227,53.74,0.53,0.19,0.33,Nutrient Excess
208.0,Pune,1.16,906.0,412,0.15,1.31,1.02,0.41,0.1,78,170.0,96,51,48.13,0.51,0.23,0.21,Nutrient Deficient
4304.0,Pune,1.0,1096.0,383,0.27,3.07,2.18,0.59,0.14,191,63.0,68,84,50.06,0.52,0.41,0.57,Toxicity Risk
4289.0,Pune,0.85,1476.0,630,0.32,1.3,1.64,0.39,0.19,38,115.0,183,54,51.78,0.49,0.17,0.19,Nutrient Deficient
1533.0,Sangli,1.07,735.0,401,0.32,2.25,1.4,0.66,0.12,78,106.0,69,55,58.67,0.53,0.22,0.31,Nutrient Deficient
2043.0,Sangli,1.34,1093.0,401,0.55,2.0,1.43,0.46,0.15,60,122.0,65,45,41.7,0.47,0.33,0.15,Nutrient Deficient
2390.0,Sangli,1.28,841.0,498,0.18,1.87,0.91,0.38,0.13,61,26.0,50,12,56.11,0.74,0.38,0.15,Nutrient Deficient
1629.0,Sangli,1.27,986.0,709,0.46,3.03,1.0,0.34,0.17,55,114.0,97,43,51.66,0.48,0.37,0.25,Nutrient Deficient
1994.0,Sangli,1.74,987.0,457,0.33,2.1,0.98,0.44,0.17,67,106.0,98,62,51.66,0.49,0.39,0.31,Nutrient Deficient
4927.0,Pune,1.42,1361.0,571,0.36,2.92,0.74,0.3,0.36,54,79.0,74,58,59.05,0.38,0.29,0.16,Nutrient Deficient
4913.0,Pune,1.29,1290.0,718,0.37,3.89,1.11,0.55,0.15,55,77.0,163,16,63.88,0.41,0.34,0.47,Nutrient Deficient
4330.0,Pune,1.64,819.0,792,0.52,2.72,1.13,0.48,0.12,68,24.0,152,23,43.93,0.41,0.45,0.21,Nutrient Deficient
1864.0,Sangli,1.23,860.0,612,0.69,1.62,1.39,0.63,0.12,44,80.0,92,36,53.67,0.47,0.49,0.17,Nutrient Deficient
1695.0,Sangli,1.12,1097.0,762,0.87,2.66,0.93,0.41,0.16,53,40.0,88,50,59.12,0.41,0.45,0.28,Nutrient Deficient
2487.0,Sangli,1.53,1460.0,488,0.47,3.99,1.28,0.41,0.16,71,47.0,85,13,43.43,0.52,0.14,0.33,Nutrient Deficient
468.0,Sangli,1.32,1209.0,471,0.56,3.33,1.1,0.47,0.12,65,73.0,95,17,51.76,0.42,0.37,0.17,Nutrient Deficient
3737.0,Sangli,1.74,1136.0,501,0.57,2.42,1.28,0.41,0.14,98,31.0,67,74,48.11,0.54,0.19,0.19,Nutrient Deficient
2228.0,Sangli,1.43,1215.0,368,0.48,1.26,1.07,0.55,0.13,117,40.0,88,48,35.17,0.53,0.06,0.14,Balanced / Optimal
1138.0,Pune,1.12,1435.0,613,0.34,3.64,1.21,0.55,0.15,62,223.0,92,24,61.17,0.61,0.44,0.33,Nutrient Deficient
201.0,Sangli,1.69,1213.0,392,0.39,1.93,0.94,0.56,0.13,76,172.0,102,85,43.61,0.73,0.13,0.14,Nutrient Deficient
1801.0,Sangli,1.29,1475.0,912,0.66,3.43,0.88,0.42,0.15,96,119.0,148,44,38.64,0.53,0.34,0.43,Nutrient Deficient
2435.0,Sangli,1.08,867.0,775,0.59,3.43,1.61,0.63,0.12,64,90.0,118,20,43.66,0.41,0.28,0.23,Nutrient Deficient
2429.0,Sangli,1.53,1096.0,716,0.78,2.9,1.83,0.57,0.16,76,54.0,165,106,49.17,0.41,0.53,0.35,Toxicity Risk
4695.0,Pune,1.29,1102.0,571,0.59,4.17,0.73,0.46,0.14,64,78.0,104,16,42.84,0.51,0.22,0.32,Nutrient Deficient
1697.0,Sangli,1.48,950.0,552,0.5,3.56,1.21,0.6,0.14,59,251.0,123,100,46.11,0.51,0.37,0.28,Nutrient Excess
1951.0,Sangli,0.9,1180.0,489,0.56,1.87,1.09,0.47,0.17,93,68.0,78,35,61.27,0.51,0.2,0.14,Nutrient Deficient
2692.0,Sangli,1.01,1196.0,785,0.33,2.97,1.34,0.49,0.17,65,66.0,87,19,49.66,0.46,0.24,0.21,Nutrient Deficient
2796.0,Sangli,1.48,1298.0,701,0.39,2.64,0.69,0.38,0.1,42,88.0,110,11,49.12,0.47,0.43,0.5,Toxicity Risk
3105.0,Sangli,1.4,1450.0,673,0.74,2.82,1.49,0.62,0.15,84,46.0,88,361,61.17,0.48,0.23,0.31,Nutrient Excess
796.0,Sangli,1.79,940.0,611,0.32,3.77,1.3,0.49,0.13,103,170.0,111,19,54.37,0.42,0.43,0.31,Nutrient Deficient
251.0,Sangli,1.53,1210.0,612,0.53,3.13,0.96,0.43,0.12,55,87.0,73,22,43.68,0.51,0.24,0.27,Nutrient Deficient
1473.0,Sangli,1.61,1056.0,601,0.5,3.46,0.71,0.47,0.16,147,193.0,134,19,51.78,0.41,0.4,0.21,Nutrient Deficient
5129.0,Solapur,1.23,1317.0,512,0.64,2.63,0.69,0.31,0.14,59,51.0,59,9,46.0,0.49,0.39,0.31,Nutrient Deficient
659.0,Pune,1.64,924.0,604,0.49,2.97,1.17,0.36,0.13,196,129.0,140,93,44.01,0.47,0.17,0.14,Nutrient Deficient
2045.0,Sangli,1.37,1055.0,474,0.55,2.34,1.65,0.4,0.13,69,101.0,63,31,54.11,0.51,0.29,0.16,Nutrient Deficient
3460.0,Sangli,0.9,1096.0,675,0.5,1.82,1.08,0.33,0.19,46,146.0,84,35,47.39,0.47,0.36,0.21,Nutrient Deficient
1703.0,Sangli,1.34,813.0,500,0.45,2.97,0.89,0.36,0.12,59,44.0,128,57,61.27,0.46,0.39,0.16,Nutrient Deficient
2939.0,Sangli,1.28,1417.0,912,0.52,1.84,0.58,0.37,0.18,53,78.0,111,276,48.94,0.48,0.27,0.21,Nutrient Deficient
3898.0,Sangli,1.23,970.0,478,0.39,1.96,0.97,0.35,0.12,82,62.0,114,32,56.87,0.51,0.31,0.16,Nutrient Deficient
1636.0,Sangli,1.27,920.0,824,0.37,3.89,0.92,0.42,0.13,53,88.0,178,90,50.11,0.38,0.44,0.28,Nutrient Deficient
4817.0,Pune,1.23,1030.0,460,0.36,1.79,0.91,0.45,0.13,78,94.0,197,33,49.18,0.44,0.3,0.24,Nutrient Deficient
4807.0,Pune,1.27,975.0,522,0.53,1.09,0.84,0.43,0.15,54,39.0,77,16,38.29,0.47,0.34,0.21,Nutrient Deficient
306.0,Sangli,1.17,1094.0,571,0.23,2.35,1.63,0.57,0.14,62,83.0,76,29,47.12,0.51,0.31,0.21,Nutrient Deficient
1443.0,Sangli,2.28,1042.0,871,0.66,3.04,0.69,0.42,0.18,101,103.0,127,23,50.71,0.49,0.35,0.28,Nutrient Deficient
1846.0,Sangli,1.32,1219.0,488,0.27,1.3,0.61,0.24,0.14,69,52.0,35,10,49.17,0.59,0.23,0.14,Nutrient Deficient
4148.0,Pune,1.06,1012.0,518,0.53,2.81,0.58,0.52,0.13,38,129.0,76,20,44.84,0.49,0.24,0.28,Nutrient Deficient
1422.0,Sangli,1.32,1450.0,886,0.39,2.4,0.64,0.42,0.15,59,38.0,39,13,41.67,0.51,0.35,0.15,Nutrient Deficient
3480.0,Sangli,1.4,1110.0,638,0.32,2.85,0.68,0.41,0.13,48,49.0,97,18,49.71,0.47,0.26,0.26,Nutrient Deficient
2146.0,Sangli,1.0,1055.0,569,0.63,2.16,1.76,0.58,0.16,69,55.0,129,60,49.12,0.56,0.46,0.21,Nutrient Deficient
100.0,Sangli,0.89,860.0,350,0.4,1.14,1.35,0.5,0.19,80,43.0,70,10,48.33,0.74,0.14,0.071,Nutrient Deficient
38.0,Sangli,1.19,1004.0,516,0.46,2.63,0.67,0.38,0.14,73,109.0,58,35,49.12,0.44,0.25,0.21,Nutrient Deficient
3174.0,Sangli,1.74,1480.0,598,0.71,1.74,1.07,0.37,0.15,62,43.0,95,16,50.98,0.52,0.27,0.21,Nutrient Deficient
2541.0,Sangli,1.45,889.0,417,0.71,3.54,0.72,0.43,0.14,64,39.0,74,13,55.14,0.43,0.44,0.23,Nutrient Deficient
2407.0,Sangli,1.59,1367.0,518,0.58,2.82,1.47,0.59,0.14,313,69.0,35,8,54.36,0.38,0.26,0.35,Nutrient Excess
3276.0,Sangli,1.34,985.0,432,0.5,3.26,1.46,0.69,0.15,69,182.0,76,19,51.66,0.43,0.41,0.21,Nutrient Excess
232.0,Pune,1.16,989.0,511,0.64,2.14,2.34,0.59,0.13,78,77.0,128,23,53.12,0.71,0.23,0.19,Nutrient Deficient
2586.0,Sangli,1.48,1071.0,711,0.66,3.9,1.26,0.51,0.17,206,91.0,193,43,47.71,0.48,0.3,0.14,Nutrient Excess
2437.0,Sangli,1.29,950.0,788,0.4,2.28,0.86,0.26,0.12,50,38.0,82,21,52.11,0.43,0.15,0.16,Nutrient Deficient
4476.0,Pune,1.06,1208.0,706,0.3,1.81,1.39,0.61,0.16,73,63.0,87,12,53.03,0.43,0.23,0.21,Nutrient Deficient
1382.0,Sangli,1.34,1213.0,749,0.48,2.81,0.89,0.39,0.14,79,115.0,92,53,47.67,0.47,0.41,0.39,Nutrient Deficient
779.0,Sangli,1.79,1410.0,578,0.57,2.8,0.59,0.29,0.17,94,106.0,79,32,39.67,0.44,0.3,0.16,Nutrient Deficient
7.0,Pune,1.17,1149.0,518,0.37,1.25,1.74,0.69,0.13,220,73.0,85,23,50.12,0.51,0.33,0.35,Nutrient Deficient
3437.0,Sangli,1.74,1097.0,584,0.68,2.98,0.95,0.39,0.17,63,65.0,78,207,42.68,0.47,0.32,0.14,Nutrient Deficient
1617.0,Sangli,1.4,1149.0,577,0.68,2.44,1.36,0.58,0.12,94,51.0,78,34,55.23,0.45,0.31,0.14,Nutrient Excess
3088.0,Sangli,1.36,1011.0,574,0.35,2.3,0.89,0.36,0.17,48,305.0,79,13,41.57,0.46,0.08,0.23,Nutrient Deficient
4716.0,Pune,1.43,1175.0,585,0.31,2.72,1.53,0.41,0.12,108,41.0,60,15,42.66,0.53,0.46,0.36,Nutrient Deficient
4904.0,Pune,1.75,1020.0,471,0.69,3.56,0.97,0.3,0.13,60,39.0,79,13,44.73,0.53,0.27,0.34,Nutrient Deficient
3038.0,Sangli,0.89,825.0,391,0.53,2.95,2.35,0.55,0.2,121,213.0,133,57,47.46,0.6,0.29,0.21,Nutrient Deficient
941.0,Sangli,1.12,990.0,711,0.37,2.58,0.99,0.47,0.16,63,102.0,155,29,44.13,0.47,0.35,0.21,Nutrient Deficient
2081.0,Sangli,1.4,1091.0,366,0.25,2.6,1.81,0.58,0.12,86,119.0,48,74,54.37,0.46,0.26,0.17,Nutrient Deficient
3326.0,Sangli,1.4,1305.0,671,0.44,2.78,1.3,0.39,0.15,46,143.0,187,29,50.12,0.51,0.49,0.35,Nutrient Deficient
3837.0,Sangli,0.7,905.0,641,0.44,2.85,1.54,0.63,0.13,61,109.0,157,85,54.12,0.48,0.36,0.27,Nutrient Deficient
2524.0,Sangli,1.62,903.0,508,0.31,3.33,1.72,0.49,0.12,66,136.0,116,23,55.22,0.51,0.23,0.13,Nutrient Deficient
5135.0,Solapur,1.38,1356.0,512,0.65,3.62,0.77,0.33,0.13,44,29.0,91,59,46.12,0.47,0.35,0.38,Nutrient Deficient
1830.0,Sangli,1.27,1296.0,711,0.41,2.34,2.6,0.63,0.14,69,51.0,109,84,54.81,0.54,0.24,0.21,Nutrient Deficient
629.0,Sangli,0.95,897.0,492,0.43,2.48,1.96,0.63,0.17,282,296.0,126,89,49.67,0.55,0.51,0.42,Toxicity Risk
2015.0,Sangli,0.9,1005.0,611,0.65,2.05,2.55,0.68,0.13,52,85.0,112,25,53.8,0.53,0.29,0.18,Nutrient Deficient
2854.0,Sangli,1.43,791.0,561,0.41,2.89,0.69,0.28,0.14,90,80.0,93,13,48.12,0.42,0.2,0.26,Nutrient Deficient
5014.0,Solapur,1.06,843.0,689,0.46,1.69,0.97,0.38,0.13,70,82.0,59,13,61.14,0.51,0.27,0.31,Nutrient Deficient
3747.0,Sangli,1.85,1373.0,512,0.45,2.42,1.3,0.48,0.16,76,112.0,137,19,47.81,0.47,0.42,0.31,Nutrient Deficient
5043.0,Solapur,0.97,1501.0,468,0.3,4.25,0.69,0.29,0.12,59,20.0,114,12,41.71,0.39,0.32,0.46,Nutrient Deficient
4123.0,Sangli,1.27,1007.0,801,0.42,2.82,2.1,0.65,0.15,71,80.0,118,24,51.6,0.38,0.45,0.23,Nutrient Deficient
2319.0,Sangli,1.23,846.0,512,0.49,2.59,0.99,0.49,0.17,78,106.0,93,34,58.66,0.5,0.27,0.33,Nutrient Deficient
3256.0,Sangli,1.27,1110.0,301,0.41,1.09,1.26,0.57,0.1,93,81.0,97,109,44.78,0.52,0.13,0.14,Nutrient Deficient
1097.0,Pune,1.06,970.0,478,0.2,2.37,1.6,0.4,0.14,65,118.0,78,11,51.66,0.47,0.35,0.28,Nutrient Deficient
600.0,Sangli,1.32,1094.0,372,0.77,4.44,2.37,0.52,0.15,62,72.0,192,343,56.09,0.5,0.51,0.43,Toxicity Risk
2629.0,Sangli,1.46,815.0,467,0.39,2.96,1.06,0.33,0.13,75,78.0,116,8,57.84,0.49,0.32,0.35,Nutrient Deficient
52.0,Sangli,1.62,1291.0,337,0.47,2.67,0.86,0.46,0.16,54,26.0,36,15,50.91,0.46,0.3,0.21,Nutrient Deficient
4364.0,Pune,1.85,1001.0,510,0.6,2.79,0.97,0.59,0.12,61,311.0,59,39,49.17,0.4,0.17,0.2,Nutrient Excess
4467.0,Pune,1.06,1245.0,668,0.5,2.61,2.02,0.62,0.4,74,97.0,185,28,50.91,0.45,0.43,0.19,Nutrient Deficient
4153.0,Pune,0.95,1005.0,672,0.35,1.52,1.42,0.47,0.14,41,125.0,106,52,45.24,0.41,0.3,0.28,Nutrient Deficient
1088.0,Sangli,1.12,930.0,588,0.47,3.99,0.69,0.32,0.16,66,40.0,95,12,59.17,0.47,0.28,0.14,Nutrient Deficient
4360.0,Pune,1.21,1240.0,705,0.52,3.55,1.74,0.46,0.13,135,65.0,105,86,46.71,0.47,0.24,0.31,Nutrient Deficient
1395.0,Sangli,0.95,1075.0,481,0.39,3.78,1.44,0.51,0.14,92,69.0,103,29,47.87,0.41,0.38,0.26,Nutrient Deficient
32.0,Sangli,0.9,992.0,419,0.5,2.39,0.9,0.47,0.14,48,54.0,62,12,49.63,0.49,0.27,0.21,Nutrient Deficient
504.0,Sangli,1.64,1298.0,517,0.68,3.25,0.59,0.28,0.16,104,88.0,140,41,45.13,0.53,0.3,0.21,Nutrient Deficient
381.0,Pune,1.0,1096.0,511,0.44,1.44,1.45,0.61,0.11,54,69.0,80,26,41.18,0.38,0.22,0.21,Nutrient Deficient
102.0,Sangli,1.17,874.0,409,0.33,1.01,1.21,0.51,0.13,90,74.0,78,12,49.17,0.49,0.21,0.14,Nutrient Deficient
4037.0,Sangli,1.4,946.0,711,0.24,1.93,0.87,0.41,0.1,64,75.0,96,12,52.72,0.5,0.24,0.21,Nutrient Deficient
1409.0,Sangli,2.18,805.0,798,0.33,1.7,0.51,0.29,0.14,42,123.0,132,12,35.33,0.43,0.42,0.21,Nutrient Deficient
4465.0,Pune,1.74,975.0,508,0.53,2.0,0.74,0.58,0.2,51,39.0,44,20,69.87,0.44,0.28,0.44,Balanced / Optimal
4270.0,Pune,1.33,1155.0,411,0.39,1.51,1.17,0.43,0.16,48,74.0,64,50,40.52,0.53,0.44,0.25,Nutrient Deficient
1505.0,Sangli,1.12,1007.0,701,0.28,3.27,1.28,0.54,0.13,54,38.0,89,29,50.09,0.39,0.29,0.28,Nutrient Deficient
2433.0,Sangli,1.34,1030.0,471,0.53,0.96,0.99,0.46,0.13,86,132.0,112,338,40.73,0.47,0.21,0.26,Nutrient Deficient
3716.0,Sangli,1.43,1124.0,392,0.32,2.02,1.41,0.42,0.13,66,39.0,61,27,43.61,0.47,0.21,0.23,Nutrient Deficient
3866.0,Sangli,1.79,1380.0,578,0.33,3.24,1.22,0.4,0.15,69,82.0,100,17,43.66,0.63,0.27,0.32,Nutrient Deficient
4970.0,Solapur,0.95,1361.0,669,0.28,2.64,0.94,0.39,0.16,65,50.0,87,11,60.66,0.47,0.25,0.28,Nutrient Deficient
3218.0,Sangli,1.48,1475.0,711,0.34,4.33,2.18,0.65,0.17,103,142.0,145,315,61.27,0.48,0.44,0.18,Nutrient Deficient
2305.0,Sangli,1.53,1120.0,512,0.69,3.81,1.48,0.52,0.16,62,85.0,71,80,61.14,0.41,0.49,0.39,Nutrient Excess
2399.0,Sangli,1.27,1290.0,632,0.33,2.2,1.43,0.66,0.1,83,50.0,65,33,50.78,0.46,0.25,0.31,Nutrient Deficient
3248.0,Sangli,1.0,861.0,493,0.43,1.95,1.19,0.37,0.16,47,89.0,62,30,57.43,0.57,0.19,0.19,Nutrient Deficient
4130.0,Pune,1.06,1006.0,511,0.34,2.93,1.69,0.64,0.13,81,66.0,96,83,65.45,0.42,0.19,0.24,Nutrient Deficient
1484.0,Sangli,0.84,1126.0,517,0.24,2.27,2.09,0.58,0.15,46,68.0,104,67,51.84,0.54,0.26,0.21,Nutrient Deficient
944.0,Sangli,0.9,825.0,516,0.3,3.11,1.3,0.66,0.16,147,168.0,102,17,50.64,0.46,0.48,0.41,Nutrient Deficient
5039.0,Solapur,1.16,1064.0,712,0.47,2.7,0.83,0.35,0.13,65,29.0,42,27,49.11,0.39,0.3,0.21,Nutrient Deficient
904.0,Sangli,1.46,755.0,612,0.36,3.26,0.92,0.44,0.12,49,76.0,70,15,49.18,0.48,0.26,0.43,Nutrient Deficient
3457.0,Sangli,1.28,905.0,554,0.27,1.65,0.63,0.35,0.15,60,103.0,97,23,49.74,0.54,0.39,0.14,Nutrient Deficient
1023.0,Sangli,1.06,1500.0,511,0.18,2.59,1.25,0.48,0.19,77,74.0,58,14,56.13,46.0,0.3,0.4,Nutrient Deficient
1399.0,Sangli,1.85,906.0,492,0.59,2.12,1.22,0.54,0.12,134,116.0,68,41,51.66,0.49,0.26,0.25,Balanced / Optimal
2173.0,Sangli,1.43,906.0,711,0.36,2.79,0.87,0.27,0.17,71,73.0,184,30,54.71,0.37,0.33,0.26,Nutrient Deficient
1109.0,Pune,1.06,1055.0,708,0.16,2.35,0.91,0.23,0.14,82,95.0,31,17,51.63,0.53,0.22,0.21,Nutrient Deficient
737.0,Pune,1.79,1205.0,612,0.53,2.02,0.6,0.33,0.12,64,55.0,78,85,40.63,0.47,0.47,0.32,Nutrient Deficient
3941.0,Sangli,1.43,1135.0,478,0.57,2.58,0.63,0.41,0.14,61,85.0,51,12,48.12,0.43,0.36,0.16,Nutrient Deficient
2448.0,Sangli,1.43,1021.0,518,0.49,2.66,0.72,0.28,0.14,72,56.0,75,23,48.12,0.47,0.31,0.17,Nutrient Deficient
245.0,Sangli,1.11,1126.0,711,0.45,2.09,1.38,0.51,0.19,99,85.0,96,60,47.89,0.52,0.23,0.28,Nutrient Deficient
3252.0,Sangli,0.89,894.0,492,0.54,2.35,1.96,0.57,0.13,223,190.0,134,44,61.27,0.51,0.41,0.43,Nutrient Deficient
673.0,Pune,1.16,1170.0,492,0.35,1.21,0.74,0.15,0.13,47,79.0,111,55,42.66,0.45,0.4,0.25,Nutrient Deficient
1141.0,Solapur,0.95,875.0,704,0.46,3.39,0.93,0.28,0.13,59,60.0,82,43,53.18,0.59,0.32,0.35,Nutrient Deficient
258.0,Sangli,1.06,875.0,476,0.62,3.02,1.26,0.59,0.1,45,44.0,58,105,43.78,0.71,0.29,0.19,Nutrient Deficient
4675.0,Pune,1.12,1093.0,616,0.44,2.96,1.57,0.42,0.13,83,56.0,67,31,45.73,0.51,0.25,0.12,Nutrient Deficient
4157.0,Pune,1.35,1326.0,426,0.35,2.33,1.27,0.36,0.12,70,95.0,140,245,43.96,0.41,0.39,0.28,Nutrient Deficient
3735.0,Sangli,1.23,1372.0,632,0.32,3.21,0.63,0.33,0.14,69,72.0,89,12,51.22,0.54,0.23,0.31,Nutrient Deficient
1753.0,Sangli,1.14,1215.0,711,0.51,0.99,0.85,0.49,0.13,60,136.0,143,74,39.12,0.41,0.33,0.14,Nutrient Deficient
2243.0,Sangli,1.17,895.0,392,0.44,2.44,2.73,0.71,0.11,205,72.0,60,120,56.11,0.63,0.2,0.38,Nutrient Deficient
2444.0,Sangli,1.16,975.0,794,0.19,2.39,0.61,0.41,0.13,39,86.0,54,18,53.66,0.43,0.37,0.21,Nutrient Deficient
4332.0,Pune,1.23,1197.0,557,0.44,3.11,1.82,0.59,0.15,197,136.0,32,11,51.66,0.58,0.46,0.17,Nutrient Deficient
3447.0,Sangli,1.16,1035.0,336,0.23,2.13,0.87,0.41,0.12,70,41.0,49,44,49.84,0.61,0.22,0.13,Nutrient Deficient
906.0,Sangli,0.84,750.0,517,0.28,2.82,0.97,0.5,0.14,53,281.0,121,10,44.86,0.43,0.43,0.43,Nutrient Deficient
1241.0,Sangli,1.69,1077.0,605,0.25,1.21,0.57,0.37,0.12,62,109.0,117,95,42.94,0.44,0.32,0.5,Toxicity Risk
4604.0,Pune,1.79,1460.0,612,0.5,3.13,1.8,0.69,0.2,71,74.0,112,23,58.73,0.47,0.23,0.57,Toxicity Risk
4012.0,Sangli,1.53,736.0,625,0.68,2.06,0.74,0.35,0.14,64,97.0,82,62,45.73,0.71,0.16,0.28,Nutrient Deficient
4522.0,Pune,1.09,995.0,518,0.26,3.18,1.02,0.41,0.17,65,212.0,106,27,50.75,0.43,0.19,0.07,Nutrient Deficient
2721.0,Sangli,0.83,755.0,460,0.32,2.97,1.28,0.38,0.13,73,32.0,114,35,57.97,0.54,0.24,0.21,Nutrient Deficient
2504.0,Sangli,1.4,1063.0,612,0.46,2.51,0.63,0.34,0.13,66,81.0,187,27,39.59,0.46,0.27,0.28,Nutrient Deficient
1535.0,Sangli,1.68,1297.0,632,0.62,2.84,0.56,0.28,0.15,46,247.0,116,42,51.05,0.5,0.28,0.29,Nutrient Deficient
1762.0,Sangli,0.9,950.0,471,0.21,1.64,1.74,0.58,0.13,49,89.0,138,32,46.78,0.57,0.42,0.43,Nutrient Deficient
4859.0,Pune,1.06,924.0,608,0.16,2.15,1.27,0.63,0.11,63,124.0,140,45,46.66,0.48,0.43,0.35,Nutrient Deficient
979.0,Pune,1.29,1445.0,669,0.42,2.19,0.85,0.39,0.17,96,103.0,207,33,51.78,0.51,0.48,0.44,Nutrient Deficient
1454.0,Sangli,1.69,1094.0,689,0.44,2.87,1.08,0.44,0.1,59,223.0,119,20,47.38,0.38,0.29,0.31,Nutrient Deficient
2662.0,Sangli,1.7,1290.0,493,0.18,2.46,1.07,0.36,0.1,70,72.0,88,32,43.56,0.71,0.23,0.28,Nutrient Deficient
1790.0,Sangli,2.18,1250.0,592,0.72,2.66,2.09,0.5,0.17,77,86.0,82,31,58.67,0.51,0.33,0.14,Nutrient Deficient
4837.0,Pune,1.06,867.0,756,0.3,1.47,1.12,0.4,0.16,84,97.0,91,47,46.7,0.52,0.35,0.19,Nutrient Deficient
3328.0,Sangli,1.16,1217.0,612,0.67,3.9,1.08,0.59,0.14,146,57.0,172,32,49.31,0.47,0.3,0.43,Nutrient Deficient
716.0,Sangli,1.54,875.0,912,0.53,1.21,0.69,0.33,0.16,65,56.0,192,38,41.09,0.51,0.21,0.19,Nutrient Deficient
450.0,Sangli,1.53,1195.0,501,0.29,2.06,1.31,0.61,0.14,64,193.0,94,22,42.94,0.49,0.26,0.17,Nutrient Deficient
2965.0,Sangli,1.18,1097.0,712,0.27,3.95,1.47,0.42,0.15,58,48.0,85,17,54.64,0.42,0.28,0.35,Nutrient Deficient
1844.0,Sangli,1.17,1000.0,390,0.36,3.01,2.36,0.52,0.17,380,102.0,130,189,50.12,0.57,0.28,0.31,Nutrient Deficient
1862.0,Sangli,1.57,1490.0,611,0.28,2.96,1.09,0.58,0.14,72,110.0,113,9,45.74,0.58,0.26,0.27,Nutrient Deficient
4072.0,Sangli,1.43,1175.0,698,0.31,0.85,0.69,0.3,0.13,59,64.0,37,11,46.77,0.63,0.16,0.15,Nutrient Deficient
3318.0,Sangli,1.18,869.0,617,0.49,1.63,0.87,0.29,0.14,53,120.0,103,17,45.81,0.47,0.21,0.21,Nutrient Deficient
1286.0,Sangli,1.39,996.0,616,0.41,1.37,0.57,0.29,0.13,51,106.0,139,41,41.33,0.48,0.37,0.35,Nutrient Deficient
4213.0,Pune,1.53,1229.0,624,0.61,2.45,1.17,0.46,0.14,72,79.0,71,27,47.12,0.54,0.32,0.31,Nutrient Deficient
363.0,Sangli,1.1,998.0,678,0.42,2.63,1.16,0.47,0.11,172,89.0,98,43,42.24,0.66,0.25,0.26,Nutrient Deficient
2817.0,Sangli,1.32,1025.0,471,0.28,2.63,1.34,0.54,0.16,73,195.0,62,99,50.63,0.47,0.29,0.39,Nutrient Deficient
3842.0,Sangli,1.79,1217.0,560,0.48,1.71,1.01,0.41,0.13,269,87.0,85,12,42.93,0.54,0.15,0.14,Nutrient Deficient
2333.0,Sangli,1.32,1206.0,588,0.4,2.28,0.99,0.65,0.13,66,140.0,122,35,43.62,0.41,0.32,0.25,Nutrient Deficient
2086.0,Sangli,1.62,1367.0,489,0.25,3.1,1.31,0.4,0.13,71,146.0,92,11,40.04,0.43,0.25,0.17,Nutrient Deficient
387.0,Sangli,1.43,1198.0,493,0.47,2.27,0.73,0.28,0.13,66,248.0,94,14,45.84,0.53,0.31,0.24,Nutrient Deficient
1060.0,Sangli,1.34,1400.0,612,0.61,3.93,0.63,0.29,0.17,68,99.0,199,37,59.01,0.44,0.42,0.33,Nutrient Deficient
3094.0,Sangli,1.64,1377.0,912,0.52,2.82,1.17,0.41,0.16,99,88.0,112,48,47.12,0.4,0.34,0.28,Nutrient Deficient
1387.0,Sangli,1.34,1207.0,486,0.33,1.23,1.5,0.71,0.13,100,204.0,76,46,54.71,0.51,0.25,0.34,Nutrient Deficient
3409.0,Sangli,1.21,1475.0,769,0.41,2.4,0.8,0.43,0.13,99,109.0,114,11,44.74,0.67,0.18,0.21,Nutrient Deficient
2835.0,Sangli,1.16,1092.0,392,0.43,2.39,1.41,0.51,0.18,49,44.0,52,21,47.08,0.43,0.25,0.14,Nutrient Deficient
1563.0,Sangli,0.88,754.0,488,0.53,2.6,1.07,0.33,0.17,103,44.0,116,43,53.68,0.63,0.43,0.29,Nutrient Deficient
1084.0,Pune,1.29,900.0,579,0.3,2.48,1.2,0.57,0.14,114,33.0,62,28,44.63,0.47,0.48,0.33,Nutrient Deficient
4424.0,Pune,0.78,698.0,417,0.15,2.76,2.93,0.67,0.1,58,64.0,65,10,61.17,0.53,0.19,0.19,Nutrient Deficient
756.0,Sangli,1.46,1471.0,493,0.27,2.52,1.06,0.22,0.15,75,177.0,154,21,43.61,0.49,0.37,0.19,Nutrient Deficient
5207.0,Satara,1.06,753.0,505,0.47,1.69,1.38,0.58,0.14,86,92.0,97,42,44.78,0.71,0.27,0.28,Nutrient Deficient
3641.0,Sangli,0.9,907.0,617,0.29,3.21,1.07,0.33,0.13,68,145.0,122,127,50.11,0.44,0.32,0.16,Nutrient Deficient
3021.0,Sangli,1.48,1148.0,634,0.33,3.0,1.41,0.57,0.13,66,92.0,51,15,56.12,0.45,0.49,0.21,Nutrient Deficient
2806.0,Sangli,2.01,1200.0,501,0.49,0.81,1.17,0.51,0.12,91,95.0,91,68,43.63,0.51,0.26,0.17,Nutrient Deficient
3048.0,Sangli,1.43,1207.0,434,0.51,2.89,0.9,0.43,0.13,83,53.0,135,144,51.66,0.68,0.41,0.35,Nutrient Deficient
2584.0,Sangli,1.69,1207.0,592,0.38,2.11,1.93,0.5,0.13,118,70.0,128,21,49.84,0.54,0.19,0.28,Nutrient Deficient
1447.0,Sangli,1.01,1475.0,516,0.76,3.31,1.78,0.67,0.15,119,277.0,218,358,53.99,0.48,0.28,0.46,Nutrient Deficient
2358.0,Sangli,1.53,1296.0,556,0.62,2.59,0.86,0.25,0.16,54,41.0,51,40,49.66,0.5,0.24,0.21,Nutrient Deficient
5187.0,Solapur,1.2,993.0,836,0.21,1.28,0.59,0.23,0.14,59,24.0,41,15,49.74,0.43,0.16,0.14,Nutrient Deficient
174.0,Sangli,1.32,1097.0,718,0.32,0.95,0.99,0.48,0.12,57,118.0,72,22,43.92,0.61,0.19,0.21,Nutrient Deficient
1646.0,Sangli,1.62,1115.0,556,0.64,1.84,1.26,0.39,0.13,75,159.0,120,18,50.12,0.43,0.36,0.31,Nutrient Deficient
5208.0,Satara,1.0,763.0,409,0.29,0.99,0.99,0.39,0.1,74,112.0,79,37,46.71,0.66,0.22,0.21,Nutrient Deficient
85.0,Sangli,1.0,1011.0,453,0.44,1.46,1.37,0.4,0.13,71,54.0,49,51,43.15,0.69,0.24,0.21,Nutrient Deficient
296.0,Sangli,1.53,1296.0,511,0.58,2.1,0.68,0.28,0.1,59,47.0,83,80,51.74,0.42,0.19,0.21,Nutrient Deficient
4622.0,Pune,0.95,1197.0,478,0.27,3.95,1.7,0.47,0.14,81,71.0,39,11,52.97,0.57,0.4,0.33,Nutrient Deficient
2084.0,Sangli,2.33,1156.0,678,0.48,2.44,0.7,0.34,0.14,83,113.0,159,20,46.78,0.44,0.42,0.17,Nutrient Deficient
3057.0,Sangli,0.84,875.0,906,0.41,1.76,1.15,0.44,0.14,66,100.0,141,15,50.92,0.57,0.28,0.35,Nutrient Deficient
2265.0,Sangli,0.95,800.0,305,0.44,1.38,1.65,0.63,0.17,136,43.0,74,114,42.71,0.49,0.25,0.16,Nutrient Deficient
3119.0,Sangli,1.27,874.0,409,0.55,3.54,0.93,0.52,0.16,47,109.0,79,91,50.61,0.71,0.25,0.15,Nutrient Deficient
2466.0,Sangli,1.6,1060.0,491,0.67,2.2,1.43,0.57,0.15,99,128.0,111,43,53.11,0.74,0.13,0.14,Balanced / Optimal
4124.0,Sangli,2.02,1096.0,561,0.45,1.95,0.57,0.29,0.14,55,65.0,77,12,41.78,0.6,0.28,0.31,Nutrient Deficient
825.0,Solapur,1.01,880.0,613,0.28,3.4,1.26,0.35,0.11,81,27.0,39,9,42.71,0.51,0.39,0.45,Nutrient Deficient
3102.0,Sangli,1.74,1278.0,478,0.62,2.22,1.13,0.39,0.16,65,84.0,49,99,55.12,0.41,0.45,0.15,Nutrient Deficient
3885.0,Sangli,1.18,820.0,581,0.41,3.98,1.64,0.63,0.13,109,146.0,51,62,52.11,0.44,0.32,0.19,Nutrient Deficient
727.0,Sangli,1.79,735.0,711,0.54,1.21,0.87,0.46,0.11,59,56.0,165,31,46.78,0.44,0.46,0.58,Toxicity Risk
2773.0,Sangli,1.53,1088.0,588,0.41,2.32,0.69,0.43,0.14,80,112.0,44,21,51.83,0.45,0.28,0.19,Nutrient Deficient
1935.0,Sangli,1.29,1020.0,703,0.4,3.01,1.09,0.26,0.19,72,79.0,156,17,45.13,0.38,0.37,0.23,Nutrient Deficient
1829.0,Sangli,1.79,1341.0,384,0.3,2.06,1.09,0.56,0.14,91,36.0,59,32,59.79,0.43,0.25,0.12,Nutrient Deficient
1866.0,Sangli,1.48,1330.0,863,0.47,1.64,0.6,0.37,0.1,72,67.0,59,23,40.62,0.51,0.26,0.14,Nutrient Deficient
2540.0,Sangli,1.46,1259.0,711,0.41,2.55,0.77,0.47,0.12,76,165.0,155,13,39.97,0.41,0.25,0.54,Toxicity Risk
4825.0,Pune,1.29,1300.0,623,0.56,1.52,0.81,0.3,0.13,62,74.0,129,65,42.8,0.5,0.48,0.49,Nutrient Deficient
871.0,Sangli,1.85,1480.0,718,0.56,2.21,0.92,0.54,0.14,78,178.0,139,16,41.12,0.44,0.29,0.21,Nutrient Excess
740.0,Sangli,1.79,980.0,478,0.45,1.23,0.96,0.28,0.12,64,116.0,127,84,39.66,0.42,0.25,0.38,Nutrient Deficient
2821.0,Sangli,1.16,1097.0,598,0.58,4.44,0.93,0.33,0.19,66,124.0,82,13,56.96,0.4,0.53,0.49,Toxicity Risk
3594.0,Sangli,1.06,1005.0,671,0.51,1.8,0.7,0.39,0.15,38,212.0,123,10,47.98,0.39,0.24,0.31,Nutrient Deficient
4627.0,Pune,1.11,786.0,366,0.4,1.07,1.68,0.47,0.13,53,28.0,81,40,39.98,0.51,0.16,0.07,Nutrient Deficient
1609.0,Sangli,1.11,1218.0,712,0.44,2.83,1.22,0.6,0.16,65,134.0,65,16,42.11,0.43,0.27,0.14,Nutrient Deficient
4898.0,Pune,1.23,744.0,613,0.52,2.0,0.69,0.55,0.2,117,97.0,79,23,54.12,0.5,0.13,0.19,Nutrient Deficient
1504.0,Sangli,1.45,1096.0,560,0.35,3.21,1.31,0.36,0.17,55,64.0,101,17,61.75,0.47,0.4,0.16,Nutrient Deficient
2376.0,Sangli,1.4,1297.0,556,0.21,2.58,1.09,0.47,0.14,56,101.0,71,11,53.72,0.46,0.29,0.19,Nutrient Deficient
3151.0,Sangli,1.06,1096.0,592,0.58,3.73,0.95,0.38,0.12,74,68.0,143,110,50.92,0.44,0.46,0.31,Nutrient Deficient
3880.0,Sangli,1.11,951.0,371,0.47,3.94,1.17,0.46,0.16,70,128.0,108,85,47.7,0.49,0.23,0.17,Nutrient Deficient
388.0,Sangli,1.48,1126.0,507,0.49,2.82,0.72,0.29,0.15,72,230.0,58,13,46.11,0.54,0.25,0.19,Nutrient Deficient
1470.0,Sangli,1.72,1495.0,767,0.48,2.86,1.19,0.29,0.14,42,52.0,49,23,52.64,0.54,0.2,0.16,Nutrient Deficient
500.0,Sangli,1.11,1291.0,768,0.37,3.01,2.51,0.71,0.13,88,185.0,109,57,49.12,0.48,0.32,0.29,Nutrient Deficient
1663.0,Sangli,1.0,835.0,362,0.46,1.54,2.12,0.69,0.14,104,151.0,94,47,54.68,0.67,0.19,0.39,Nutrient Deficient
3528.0,Sangli,1.12,1198.0,301,0.36,0.96,1.43,0.44,0.15,62,62.0,55,43,48.89,0.47,0.22,0.14,Nutrient Deficient
2771.0,Sangli,2.02,1207.0,518,0.41,2.89,1.36,0.54,0.14,132,56.0,137,188,47.18,0.63,0.39,0.26,Nutrient Excess
3786.0,Sangli,1.64,1120.0,370,0.58,1.65,0.73,0.45,0.14,92,40.0,77,11,51.72,0.58,0.17,0.16,Nutrient Deficient
2892.0,Sangli,1.43,1460.0,498,0.53,3.46,1.12,0.41,0.15,50,64.0,71,51,52.11,0.51,0.43,0.19,Nutrient Deficient
4863.0,Pune,0.95,1102.0,511,0.46,3.84,2.31,0.61,0.15,55,63.0,62,45,51.72,0.51,0.28,0.19,Nutrient Deficient
5023.0,Solapur,1.54,1242.0,840,0.58,3.35,1.13,0.57,0.13,60,187.0,78,18,53.08,0.51,0.41,0.14,Nutrient Excess
4891.0,Pune,1.43,1173.0,603,0.49,2.32,1.63,0.4,0.17,50,95.0,201,248,40.33,0.45,0.39,0.47,Nutrient Deficient
3176.0,Sangli,1.53,1016.0,711,0.65,1.78,0.96,0.52,0.17,73,150.0,184,119,45.81,0.49,0.25,0.19,Balanced / Optimal
2884.0,Sangli,1.12,1037.0,611,0.36,2.58,0.93,0.33,0.13,46,105.0,93,16,50.66,0.44,0.08,0.14,Nutrient Deficient
108.0,Sangli,1.12,852.0,393,0.39,3.47,1.16,0.55,0.15,97,50.0,74,53,55.12,0.51,0.14,0.14,Nutrient Deficient
2990.0,Sangli,0.9,788.0,498,0.62,1.65,3.02,0.7,0.13,71,91.0,159,174,43.15,0.66,0.21,0.14,Nutrient Deficient
3160.0,Sangli,1.27,869.0,699,0.54,2.06,0.98,0.49,0.15,64,51.0,172,43,54.17,0.33,0.24,0.33,Nutrient Deficient
3029.0,Sangli,1.48,1196.0,484,0.52,3.78,1.34,0.43,0.18,86,202.0,91,20,55.12,0.32,0.63,0.54,Toxicity Risk
2970.0,Sangli,1.85,1514.0,508,0.33,3.05,1.25,0.39,0.13,80,87.0,114,49,53.6,0.36,0.51,0.43,Toxicity Risk
1968.0,Sangli,1.28,1129.0,714,0.42,2.58,1.31,0.44,0.15,56,80.0,193,39,50.67,0.3,0.45,0.58,Toxicity Risk
299.0,Sangli,0.9,942.0,578,0.45,1.97,1.12,0.6,0.12,60,129.0,111,57,46.12,0.38,0.27,0.21,Nutrient Deficient
869.0,Sangli,1.47,1000.0,588,0.43,4.95,0.77,0.29,0.13,66,208.0,125,12,44.12,0.47,0.22,0.21,Nutrient Deficient
4351.0,Pune,1.14,1057.0,405,0.45,2.59,1.13,0.58,0.15,73,103.0,97,25,42.0,0.43,0.3,0.33,Nutrient Deficient
4169.0,Pune,1.37,1215.0,619,0.25,1.55,0.72,0.43,0.1,123,178.0,109,12,46.16,0.4,0.42,0.33,Nutrient Deficient
1800.0,Sangli,0.95,1007.0,612,0.53,3.31,1.92,0.61,0.13,69,206.0,97,74,55.12,0.53,0.43,0.28,Nutrient Deficient
3559.0,Sangli,1.16,1175.0,371,0.19,1.66,1.01,0.39,0.16,68,135.0,109,77,43.66,0.54,0.24,0.14,Nutrient Deficient
4182.0,Pune,0.84,849.0,478,0.35,2.36,0.98,0.38,0.09,71,160.0,129,13,40.71,0.59,0.45,0.25,Nutrient Deficient
4919.0,Pune,1.68,1500.0,588,0.22,1.08,1.34,0.4,0.13,118,118.0,218,83,42.65,0.41,0.47,0.29,Nutrient Deficient
690.0,Solapur,1.23,1545.0,466,0.5,1.71,0.61,0.39,0.12,45,41.0,64,24,40.61,0.38,0.27,0.32,Nutrient Deficient
3213.0,Sangli,2.01,1424.0,517,0.61,3.11,0.75,0.32,0.12,96,61.0,59,85,49.12,0.33,0.39,0.14,Nutrient Deficient
858.0,Pune,1.62,1375.0,518,0.45,2.59,1.4,0.41,0.15,53,39.0,82,12,41.78,0.41,0.28,0.35,Nutrient Deficient
252.0,Sangli,1.0,957.0,523,0.38,2.79,0.94,0.4,0.1,83,88.0,99,10,45.12,0.49,0.28,0.16,Nutrient Deficient
1027.0,Sangli,1.68,790.0,617,0.17,1.84,1.14,0.51,0.14,69,82.0,91,12,54.63,0.51,0.25,0.4,Nutrient Deficient
1645.0,Sangli,1.37,849.0,392,0.45,2.64,0.89,0.29,0.14,38,51.0,94,19,39.74,0.58,0.25,0.21,Nutrient Deficient
565.0,Sangli,1.74,1359.0,572,0.82,1.9,1.32,0.5,0.14,62,93.0,133,284,50.13,0.43,0.34,0.24,Nutrient Deficient
3055.0,Sangli,1.74,984.0,479,0.59,1.14,0.72,0.29,0.13,51,27.0,85,33,49.18,0.46,0.22,0.26,Nutrient Deficient
150.0,Solapur,1.53,1096.0,678,0.36,1.53,0.71,0.32,0.15,82,52.0,91,29,53.12,0.5,0.26,0.21,Nutrient Deficient
4140.0,Pune,1.32,947.0,369,0.56,2.74,1.39,0.39,0.16,57,82.0,65,83,51.36,0.64,0.36,0.31,Nutrient Deficient
91.0,Sangli,1.23,1218.0,405,0.23,1.55,2.02,0.79,0.1,74,90.0,59,16,44.87,0.54,0.2,0.14,Nutrient Deficient
1040.0,Sangli,1.29,940.0,664,0.23,3.67,1.41,0.36,0.16,56,133.0,51,13,54.74,0.46,0.32,0.21,Nutrient Deficient
1824.0,Sangli,1.32,950.0,401,0.26,3.13,1.37,0.36,0.13,144,113.0,61,14,49.67,0.58,0.26,0.35,Nutrient Deficient
3762.0,Sangli,1.06,1190.0,571,0.56,3.78,1.09,0.4,0.13,47,63.0,93,19,51.17,0.52,0.26,0.21,Nutrient Deficient
3928.0,Sangli,2.02,1317.0,908,0.19,1.44,0.55,0.26,0.14,70,136.0,135,14,41.66,0.41,0.48,0.43,Nutrient Deficient
3991.0,Sangli,0.9,795.0,678,0.63,3.84,1.2,0.51,0.17,47,76.0,121,29,58.66,0.49,0.24,0.21,Nutrient Deficient
782.0,Sangli,1.46,995.0,667,0.64,2.4,0.63,0.34,0.13,54,46.0,135,14,37.09,0.48,0.44,0.16,Nutrient Deficient
4692.0,Pune,1.2,883.0,449,0.56,1.7,0.97,0.49,0.14,73,174.0,101,15,51.66,0.51,0.14,0.14,Nutrient Deficient
1649.0,Sangli,1.0,1126.0,409,0.54,2.14,0.6,0.38,0.16,71,64.0,78,17,42.76,0.51,0.25,0.18,Nutrient Deficient
694.0,Sangli,1.4,1093.0,578,0.56,1.85,0.73,0.33,0.14,39,38.0,114,24,39.74,0.41,0.45,0.19,Nutrient Deficient
1572.0,Sangli,1.06,916.0,433,0.4,2.43,1.74,0.6,0.17,186,109.0,108,15,49.19,0.46,0.26,0.19,Nutrient Deficient
309.0,Sangli,0.84,749.0,678,0.26,1.34,1.31,0.49,0.19,78,108.0,104,8,40.71,0.5,0.24,0.19,Nutrient Deficient
1746.0,Sangli,1.46,872.0,509,0.5,3.16,0.69,0.5,0.17,96,171.0,110,17,49.84,0.51,0.26,0.28,Nutrient Deficient
2216.0,Sangli,1.79,1128.0,784,0.48,1.8,0.63,0.4,0.16,87,26.0,76,51,41.09,0.51,0.22,0.14,Nutrient Deficient
4007.0,Sangli,1.01,880.0,371,0.31,3.29,2.58,0.58,0.14,93,64.0,114,204,45.73,0.61,0.19,0.16,Nutrient Deficient
2731.0,Sangli,0.74,917.0,378,0.62,3.48,1.98,0.81,0.21,91,105.0,142,188,41.66,0.48,0.28,0.26,Nutrient Deficient
2184.0,Sangli,1.12,1091.0,518,0.31,1.29,1.39,0.5,0.12,45,97.0,77,26,61.13,0.6,0.23,0.13,Nutrient Deficient
631.0,Sangli,1.28,1096.0,671,0.7,3.27,2.23,0.63,0.19,223,216.0,114,69,50.11,0.56,0.5,0.32,Toxicity Risk
708.0,Sangli,1.4,900.0,371,0.54,1.22,0.82,0.41,0.17,46,73.0,98,97,49.66,0.42,0.47,0.26,Nutrient Deficient
1320.0,Sangli,1.21,1275.0,465,0.45,1.87,1.66,0.61,0.14,78,224.0,147,33,52.78,0.47,0.32,0.14,Nutrient Deficient
2617.0,Sangli,1.43,1020.0,829,0.3,2.3,1.21,0.52,0.12,91,154.0,123,40,46.05,0.66,0.44,0.22,Nutrient Deficient
742.0,Sangli,1.91,1120.0,379,0.55,1.87,0.74,0.4,0.14,61,85.0,111,39,42.69,0.41,0.27,0.32,Nutrient Deficient
25.0,Sangli,1.8,1304.0,659,0.32,1.16,1.01,0.4,0.13,211,98.0,59,17,53.66,0.49,0.2,0.26,Nutrient Deficient
4571.0,Pune,1.9,1500.0,462,0.39,2.05,0.94,0.64,0.14,58,170.0,75,51,51.17,0.51,0.35,0.28,Nutrient Deficient
4324.0,Pune,1.27,934.0,498,0.25,3.45,1.61,0.62,0.13,98,96.0,42,11,53.11,0.71,0.44,0.32,Nutrient Deficient
3919.0,Sangli,1.27,1024.0,664,0.65,3.14,1.43,0.62,0.14,83,92.0,116,38,50.17,0.47,0.26,0.1,Nutrient Deficient
1313.0,Sangli,1.43,1097.0,578,0.45,2.23,0.94,0.33,0.19,92,184.0,179,36,46.99,0.47,0.29,0.35,Nutrient Deficient
2958.0,Sangli,1.12,1034.0,631,0.36,1.79,1.07,0.43,0.1,69,182.0,34,17,34.56,0.63,0.19,0.19,Nutrient Deficient
2382.0,Sangli,1.22,847.0,509,0.41,1.82,0.66,0.34,0.13,66,133.0,120,33,48.33,0.46,0.39,0.26,Nutrient Deficient
986.0,Sangli,2.02,1495.0,588,0.58,3.05,0.87,0.38,0.17,66,131.0,78,33,56.17,0.47,0.2,0.43,Nutrient Deficient
4466.0,Pune,1.4,1442.0,505,0.39,3.23,1.7,0.38,0.15,65,37.0,74,48,50.12,0.54,0.43,0.17,Nutrient Deficient
3354.0,Sangli,0.95,820.0,305,0.46,1.51,1.34,0.59,0.16,100,41.0,54,11,44.78,0.71,0.25,0.26,Nutrient Deficient
3749.0,Sangli,1.29,1109.0,711,0.39,2.78,1.24,0.64,0.19,74,240.0,62,19,56.12,0.42,0.63,0.55,Toxicity Risk
5137.0,Solapur,1.45,997.0,510,0.51,2.46,0.69,0.24,0.16,51,58.0,118,14,50.82,0.51,0.27,0.28,Nutrient Deficient
3136.0,Sangli,1.28,860.0,703,0.47,3.88,1.64,0.49,0.16,92,241.0,118,17,52.12,0.47,0.36,0.33,Nutrient Deficient
1361.0,Sangli,1.0,925.0,401,0.27,1.73,2.47,0.81,0.16,132,48.0,194,95,46.12,4.91,0.26,0.28,Nutrient Deficient
3829.0,Sangli,1.06,1035.0,671,0.41,2.55,1.14,0.49,0.12,53,89.0,98,24,42.5,0.54,0.31,0.28,Nutrient Deficient
945.0,Pune,0.84,1071.0,492,0.23,2.74,1.25,0.39,0.13,118,300.0,155,39,54.16,0.41,0.46,0.43,Nutrient Deficient
3961.0,Sangli,1.43,1169.0,684,0.57,2.99,1.28,0.58,0.13,63,120.0,61,13,41.66,0.55,0.42,0.4,Nutrient Excess
3798.0,Sangli,1.64,1150.0,492,0.6,2.25,0.73,0.36,0.15,63,181.0,147,36,50.11,0.46,0.28,0.26,Nutrient Deficient
80.0,Solapur,0.95,905.0,439,0.64,3.53,0.98,0.51,0.16,66,105.0,64,65,61.27,0.54,0.29,0.14,Nutrient Deficient
3819.0,Sangli,0.95,993.0,609,0.78,2.34,1.22,0.47,0.14,197,305.0,193,33,51.79,0.49,0.37,0.28,Nutrient Deficient
2860.0,Sangli,0.9,895.0,479,0.49,3.2,1.05,0.29,0.19,67,34.0,41,19,49.74,0.6,0.22,0.18,Nutrient Deficient
5022.0,Solapur,0.9,878.0,464,0.28,1.77,1.0,0.31,0.12,118,52.0,121,17,42.39,0.44,0.44,0.49,Nutrient Deficient
2195.0,Sangli,1.16,1021.0,471,0.43,2.46,1.9,0.51,0.16,111,88.0,82,154,43.78,0.43,0.21,0.15,Nutrient Deficient
3144.0,Sangli,0.9,985.0,409,0.39,2.77,0.81,0.37,0.13,66,40.0,89,28,53.66,0.41,0.27,0.21,Nutrient Deficient
1748.0,Sangli,1.4,1190.0,701,0.38,2.83,0.89,0.34,0.12,55,247.0,90,35,45.71,0.4,0.42,0.26,Nutrient Deficient
4746.0,Pune,1.79,1355.0,792,0.34,2.35,0.94,0.38,0.12,61,71.0,74,64,40.08,0.43,0.17,0.35,Nutrient Deficient
4384.0,Pune,1.64,1378.0,644,0.54,2.58,1.32,0.66,0.14,73,89.0,121,45,43.77,0.47,0.47,0.31,Nutrient Excess
3572.0,Sangli,1.68,1495.0,501,0.62,2.86,1.39,0.51,0.14,67,86.0,117,35,41.12,0.51,0.28,0.14,Nutrient Excess
3877.0,Sangli,1.35,1124.0,343,0.34,1.99,1.06,0.47,0.17,89,112.0,124,153,62.13,0.54,0.29,0.23,Nutrient Deficient
4217.0,Pune,1.16,997.0,678,0.39,3.04,0.65,0.53,0.15,63,123.0,148,19,40.79,0.48,0.21,0.21,Nutrient Deficient
3838.0,Sangli,0.95,1027.0,512,0.54,1.36,0.95,0.29,0.15,76,97.0,184,97,40.86,0.56,0.48,0.39,Nutrient Deficient
159.0,Solapur,1.37,1071.0,781,0.28,1.06,0.97,0.35,0.13,46,123.0,66,27,53.16,0.64,0.19,0.14,Nutrient Deficient
3468.0,Sangli,1.21,1259.0,488,0.44,1.91,0.65,0.41,0.12,51,66.0,148,168,37.97,0.4,0.48,0.58,Toxicity Risk
2510.0,Sangli,1.85,1141.0,688,0.38,2.6,0.84,0.28,0.13,68,47.0,89,23,49.74,0.51,0.48,0.19,Nutrient Deficient
4200.0,Pune,1.06,870.0,623,0.37,2.79,1.07,0.39,0.14,55,95.0,40,19,48.16,0.47,0.28,0.14,Nutrient Deficient
157.0,Solapur,1.16,889.0,789,0.42,1.08,0.5,0.29,0.17,39,61.0,49,27,50.84,0.5,0.19,0.14,Nutrient Deficient
2635.0,Sangli,1.43,1126.0,375,0.44,2.83,2.22,0.57,0.17,69,141.0,81,47,47.97,0.49,0.3,0.23,Nutrient Excess
1603.0,Sangli,0.84,800.0,473,0.46,3.47,2.02,0.63,0.13,47,71.0,85,36,56.88,0.56,0.3,0.21,Nutrient Deficient
4737.0,Pune,1.27,875.0,476,0.6,2.81,0.75,0.42,0.13,96,120.0,103,106,45.78,0.66,0.44,0.33,Nutrient Deficient
5132.0,Solapur,1.46,1000.0,601,0.24,1.11,1.14,0.41,0.12,41,58.0,193,39,39.01,0.47,0.21,0.45,Nutrient Deficient
5012.0,Solapur,0.93,849.0,770,0.36,3.33,0.69,0.35,0.13,71,46.0,91,12,52.17,0.51,0.44,0.39,Nutrient Deficient
3452.0,Sangli,0.84,946.0,374,0.3,1.56,1.51,0.39,0.13,64,122.0,94,43,47.42,0.71,0.19,0.41,Nutrient Deficient
4493.0,Pune,0.9,1055.0,418,0.44,2.3,1.78,0.66,0.09,55,119.0,54,10,50.68,0.43,0.38,0.21,Nutrient Deficient
3550.0,Sangli,0.81,1124.0,343,0.35,1.47,0.95,0.32,0.14,56,101.0,107,22,49.71,0.51,0.22,0.28,Nutrient Deficient
3432.0,Sangli,1.37,875.0,471,0.23,1.35,1.15,0.51,0.14,89,133.0,80,13,54.64,0.5,0.24,0.19,Nutrient Deficient
2323.0,Sangli,0.69,1175.0,652,0.35,3.52,1.07,0.59,0.15,74,98.0,97,38,47.12,0.43,0.49,0.39,Nutrient Deficient
1386.0,Sangli,1.43,905.0,671,0.64,1.05,0.87,0.4,0.16,55,53.0,94,58,47.12,0.54,0.29,0.17,Nutrient Deficient
5074.0,Solapur,1.22,1340.0,617,0.48,2.28,0.62,0.35,0.13,59,21.0,64,19,43.05,0.49,0.24,0.21,Nutrient Deficient
4023.0,Sangli,1.06,980.0,484,0.3,1.54,1.2,0.43,0.13,83,35.0,37,12,47.12,0.48,0.25,0.17,Nutrient Deficient
2079.0,Sangli,1.4,1168.0,459,0.46,1.95,0.7,0.24,0.1,55,48.0,56,11,41.42,0.41,0.25,0.31,Nutrient Deficient
2826.0,Sangli,1.15,942.0,693,0.4,2.38,0.86,0.51,0.16,69,199.0,102,57,46.78,0.47,0.48,0.26,Nutrient Deficient
4078.0,Sangli,1.17,906.0,571,0.85,3.05,1.21,0.46,0.16,71,51.0,117,25,48.44,0.47,0.29,0.43,Nutrient Deficient
5097.0,Solapur,1.08,849.0,611,0.5,3.17,0.69,0.31,0.16,49,58.0,85,12,53.18,0.49,0.41,0.21,Nutrient Deficient
3990.0,Sangli,1.53,907.0,428,0.28,3.78,1.35,0.57,0.15,91,72.0,66,11,52.17,0.47,0.27,0.24,Nutrient Deficient
4058.0,Sangli,1.27,1142.0,492,0.5,2.34,1.47,0.57,0.16,76,72.0,127,58,51.17,0.52,0.43,0.32,Nutrient Deficient
2628.0,Sangli,1.06,1077.0,512,0.45,2.28,1.3,0.38,0.17,44,111.0,93,276,49.19,0.52,0.13,0.26,Nutrient Deficient
717.0,Sangli,2.18,865.0,678,0.62,1.44,0.59,0.29,0.15,74,109.0,218,17,44.78,0.5,0.32,0.19,Nutrient Deficient
5092.0,Solapur,1.45,1072.0,492,0.5,4.13,0.91,0.3,0.13,61,135.0,144,11,52.97,0.44,0.48,0.47,Nutrient Deficient
1338.0,Sangli,1.14,855.0,509,0.32,2.77,1.28,0.58,0.14,47,84.0,104,30,46.89,0.47,0.25,0.14,Nutrient Deficient
4236.0,Pune,1.7,1207.0,442,0.44,2.21,1.41,0.69,0.15,69,52.0,105,51,42.74,0.46,0.45,0.21,Nutrient Excess
3462.0,Sangli,1.69,1092.0,490,0.3,1.3,1.09,0.29,0.13,40,81.0,63,27,34.55,0.53,0.23,0.17,Nutrient Deficient
4113.0,Sangli,1.29,1079.0,408,0.23,1.35,0.88,0.42,0.1,208,68.0,43,9,44.88,0.47,0.22,0.17,Nutrient Deficient
1307.0,Sangli,1.62,1256.0,663,0.27,4.29,1.28,0.43,0.12,43,128.0,77,15,47.72,0.5,0.39,0.41,Nutrient Deficient
4757.0,Pune,1.12,975.0,488,0.24,2.36,1.12,0.4,0.14,99,104.0,111,26,50.66,0.66,0.47,0.19,Nutrient Deficient
1424.0,Sangli,1.62,1111.0,378,0.61,1.25,0.78,0.36,0.12,42,89.0,105,37,44.01,0.38,0.3,0.28,Nutrient Deficient
4133.0,Pune,2.61,1510.0,800,0.69,3.68,0.58,0.36,0.14,55,37.0,42,21,51.63,0.47,0.26,0.33,Nutrient Deficient
1637.0,Sangli,1.06,1125.0,401,0.42,2.8,1.57,0.43,0.18,81,90.0,59,16,50.1,0.5,0.33,0.21,Nutrient Deficient
3278.0,Sangli,1.43,1079.0,678,0.36,2.25,0.89,0.49,0.11,72,203.0,134,19,47.9,0.44,0.44,0.38,Nutrient Deficient
4731.0,Pune,1.64,868.0,508,0.64,2.76,0.91,0.38,0.12,139,38.0,47,11,51.63,0.51,0.36,0.27,Nutrient Deficient
2312.0,Sangli,1.29,824.0,412,0.38,2.51,1.01,0.35,0.14,43,36.0,51,20,43.85,0.49,0.32,0.26,Nutrient Deficient
383.0,Sangli,1.32,1125.0,578,0.69,2.95,0.84,0.38,0.13,49,39.0,97,73,40.63,0.43,0.36,0.15,Nutrient Deficient
4955.0,Solapur,1.02,1348.0,354,0.24,2.45,0.96,0.39,0.1,49,21.0,50,13,38.3,0.42,0.21,0.31,Nutrient Deficient
3962.0,Sangli,1.34,999.0,517,0.48,2.96,0.78,0.45,0.16,87,43.0,114,25,58.66,0.49,0.44,0.43,Nutrient Deficient
1574.0,Sangli,0.84,1017.0,716,0.27,3.98,1.51,0.59,0.17,86,69.0,32,9,51.78,0.46,0.31,0.07,Nutrient Deficient
2529.0,Sangli,0.89,760.0,432,0.59,2.51,0.86,0.56,0.14,87,75.0,49,10,44.37,0.54,0.3,0.43,Nutrient Deficient
4793.0,Pune,1.64,887.0,393,0.47,3.81,0.99,0.3,0.15,109,103.0,105,82,50.12,0.51,0.48,0.28,Nutrient Deficient
4953.0,Solapur,1.27,873.0,712,0.63,2.22,0.69,0.4,0.13,72,29.0,87,24,46.63,0.58,0.21,0.22,Nutrient Deficient
1237.0,Sangli,1.15,1296.0,692,0.39,1.95,2.55,0.71,0.17,81,119.0,73,74,50.92,0.43,0.25,0.48,Nutrient Deficient
3321.0,Sangli,1.22,1125.0,468,0.61,2.84,1.72,0.55,0.12,55,58.0,59,12,50.92,0.51,0.25,0.38,Nutrient Deficient
2322.0,Sangli,1.62,863.0,694,0.69,3.1,0.94,0.48,0.13,101,196.0,121,109,53.67,0.47,0.14,0.21,Nutrient Deficient
1253.0,Sangli,1.85,1094.0,912,0.58,2.42,0.94,0.45,0.13,60,240.0,205,41,41.85,0.36,0.64,0.55,Toxicity Risk
2088.0,Sangli,1.74,1420.0,509,0.44,2.44,0.65,0.3,0.12,59,69.0,85,14,40.57,0.37,0.42,0.31,Nutrient Deficient
492.0,Pune,1.32,1159.0,416,0.37,3.92,0.89,0.31,0.13,56,41.0,66,24,49.12,0.57,0.34,0.24,Nutrient Deficient
4511.0,Pune,1.47,1149.0,613,0.39,2.93,0.63,0.2,0.13,45,124.0,66,31,54.17,0.43,0.13,0.17,Nutrient Deficient
1404.0,Sangli,1.46,975.0,561,0.49,1.76,0.79,0.29,0.17,55,41.0,38,11,50.66,0.47,0.29,0.28,Nutrient Deficient
4799.0,Pune,1.34,952.0,793,0.41,2.41,1.05,0.55,0.14,125,210.0,45,19,56.96,0.54,0.19,0.21,Nutrient Excess
4722.0,Pune,1.34,944.0,472,0.52,2.72,1.17,0.53,0.17,83,69.0,71,29,46.71,0.51,0.21,0.21,Nutrient Excess
3882.0,Sangli,1.06,860.0,678,0.26,2.4,1.36,0.56,0.12,51,101.0,118,19,52.64,0.49,0.39,0.19,Nutrient Deficient
199.0,Sangli,1.21,996.0,518,0.3,1.97,1.06,0.49,0.16,88,169.0,141,136,50.17,0.58,0.23,0.17,Nutrient Deficient
3008.0,Sangli,1.18,1190.0,718,0.34,1.64,0.81,0.48,0.14,62,89.0,76,35,49.19,0.71,0.25,0.21,Nutrient Deficient
4503.0,Pune,1.32,857.0,518,0.5,1.47,1.05,0.36,0.13,71,129.0,110,21,47.11,0.49,0.42,0.28,Nutrient Deficient
5180.0,Solapur,1.86,1072.0,613,0.64,1.07,0.83,0.52,0.15,39,82.0,88,189,52.66,0.51,0.14,0.14,Nutrient Deficient
885.0,Sangli,1.32,1612.0,718,0.52,2.56,0.68,0.37,0.17,65,66.0,48,12,43.11,0.51,0.48,0.22,Nutrient Deficient
4778.0,Pune,1.37,748.0,612,0.44,1.99,1.15,0.49,0.12,58,104.0,74,33,50.64,0.48,0.35,0.21,Nutrient Deficient
1874.0,Sangli,1.85,1215.0,558,0.35,2.64,0.72,0.47,0.16,56,76.0,132,33,46.6,0.43,0.31,0.21,Nutrient Deficient
1089.0,Sangli,1.4,985.0,712,0.19,3.46,0.93,0.47,0.16,88,149.0,134,9,45.81,0.49,0.44,0.21,Nutrient Deficient
4458.0,Pune,1.43,1020.0,509,0.35,2.59,0.89,0.31,0.17,78,39.0,51,10,42.13,0.41,0.3,0.21,Nutrient Deficient
2385.0,Sangli,1.11,826.0,693,0.44,2.84,1.57,0.38,0.14,99,53.0,65,12,43.63,0.51,0.31,0.15,Nutrient Deficient
1668.0,Sangli,0.84,1091.0,372,0.3,2.55,0.95,0.33,0.15,72,84.0,110,458,40.18,0.36,0.45,0.16,Nutrient Deficient
329.0,Sangli,1.0,915.0,523,0.76,2.33,0.94,0.39,0.16,51,31.0,98,26,51.71,0.37,0.38,0.21,Nutrient Deficient
664.0,Pune,1.37,1575.0,693,0.53,2.21,0.75,0.38,0.13,74,44.0,43,39,40.56,0.41,0.48,0.44,Nutrient Deficient
1412.0,Sangli,1.06,1816.0,672,0.31,4.37,1.79,0.59,0.16,195,156.0,68,23,61.07,0.5,0.28,0.27,Nutrient Deficient
1911.0,Sangli,0.9,966.0,971,0.31,3.18,1.33,0.49,0.17,61,119.0,131,86,51.18,0.71,0.19,0.17,Nutrient Deficient
3465.0,Sangli,0.84,952.0,666,0.32,2.55,0.92,0.59,0.12,62,69.0,63,58,57.0,0.49,0.75,0.47,Toxicity Risk
171.0,Sangli,1.32,931.0,412,0.48,1.64,1.01,0.51,0.14,237,203.0,70,20,47.42,0.51,0.23,0.21,Balanced / Optimal
3438.0,Sangli,1.24,997.0,484,0.44,2.58,1.07,0.63,0.13,80,101.0,124,44,43.68,0.54,0.29,0.33,Nutrient Deficient
4617.0,Pune,1.4,1022.0,604,0.28,2.81,0.91,0.37,0.16,103,50.0,102,35,43.91,0.47,0.36,0.21,Nutrient Deficient
4931.0,Solapur,1.43,1053.0,467,0.62,4.57,1.17,0.24,0.16,77,63.0,64,13,51.98,0.49,0.55,0.26,Toxicity Risk
1717.0,Sangli,1.79,1377.0,512,0.29,2.12,1.02,0.39,0.15,69,90.0,147,31,40.71,0.54,0.3,0.22,Nutrient Deficient
1624.0,Sangli,1.68,1125.0,509,0.38,1.77,1.48,0.57,0.14,71,133.0,51,148,47.64,0.43,0.4,0.35,Nutrient Deficient
2177.0,Sangli,0.83,855.0,593,0.41,2.4,0.74,0.37,0.13,48,141.0,92,13,57.82,0.54,0.29,0.21,Nutrient Deficient
1044.0,Sangli,1.4,1450.0,667,0.39,3.46,1.09,0.57,0.17,52,55.0,82,10,59.78,0.49,0.43,0.28,Nutrient Deficient
1552.0,Sangli,1.69,1297.0,912,0.5,2.77,1.18,0.37,0.13,67,71.0,84,231,59.12,0.31,0.35,0.17,Nutrient Deficient
173.0,Sangli,1.06,911.0,612,0.62,0.99,0.84,0.41,0.14,101,109.0,66,14,42.81,0.63,0.23,0.19,Nutrient Deficient
890.0,Sangli,1.35,1298.0,871,0.32,3.78,1.48,0.47,0.15,80,182.0,205,21,44.63,0.51,0.39,0.21,Nutrient Deficient
3612.0,Sangli,1.8,1400.0,554,0.32,1.11,0.79,0.21,0.1,75,173.0,80,30,40.12,0.56,0.23,0.27,Nutrient Deficient
2279.0,Sangli,0.95,895.0,667,0.5,2.42,1.09,0.48,0.13,97,141.0,132,19,44.96,0.46,0.29,0.28,Nutrient Deficient
386.0,Sangli,0.84,875.0,387,0.44,2.81,1.07,0.36,0.11,78,158.0,100,128,46.17,0.47,0.35,0.21,Nutrient Deficient
1306.0,Sangli,1.53,1234.0,816,0.36,2.8,1.29,0.69,0.15,76,122.0,133,139,49.19,0.43,0.74,0.26,Toxicity Risk
4536.0,Pune,1.06,1275.0,492,0.42,2.06,1.27,0.58,0.15,61,109.0,196,79,48.13,0.41,0.18,0.14,Nutrient Deficient
4972.0,Solapur,1.23,1265.0,512,0.58,2.76,1.16,0.59,0.13,129,143.0,52,11,49.71,0.5,0.41,0.21,Nutrient Deficient
3888.0,Sangli,1.16,1055.0,716,0.44,2.59,2.36,0.74,0.19,72,186.0,134,57,54.16,0.54,0.38,0.21,Nutrient Deficient
3676.0,Sangli,1.21,1005.0,561,0.19,3.12,1.26,0.46,0.16,65,124.0,74,12,52.64,0.47,0.2,0.35,Nutrient Deficient
3315.0,Sangli,1.32,1020.0,669,0.19,1.34,1.12,0.47,0.14,71,128.0,81,53,42.12,0.48,0.27,0.28,Nutrient Deficient
2961.0,Sangli,2.07,1854.0,793,0.5,1.23,0.68,0.28,0.13,93,174.0,98,18,42.64,0.36,0.45,0.43,Nutrient Deficient
2507.0,Sangli,1.32,846.0,674,0.4,2.58,1.2,0.47,0.13,56,40.0,132,38,43.68,0.51,0.2,0.26,Nutrient Deficient
4404.0,Pune,0.77,745.0,411,0.32,2.18,0.76,0.34,0.16,43,55.0,59,48,50.91,0.47,0.23,0.16,Nutrient Deficient
3920.0,Sangli,1.34,1451.0,681,0.4,1.47,0.73,0.24,0.14,48,131.0,39,12,51.66,0.41,0.18,0.16,Nutrient Deficient
3230.0,Sangli,0.79,996.0,671,0.41,1.95,1.28,0.38,0.1,118,39.0,113,123,47.86,0.49,0.28,0.1,Nutrient Deficient
4464.0,Pune,1.38,1207.0,411,0.19,2.78,2.69,0.74,0.14,63,81.0,114,21,51.17,0.49,0.46,0.44,Nutrient Deficient
379.0,Pune,0.9,818.0,711,0.46,1.92,1.68,0.56,0.14,42,98.0,54,24,45.78,0.52,0.43,0.37,Nutrient Deficient
4402.0,Pune,1.43,1376.0,471,0.43,3.55,1.09,0.31,0.17,55,55.0,87,13,43.79,0.45,0.45,0.32,Nutrient Deficient
3917.0,Sangli,1.22,1155.0,718,0.28,2.22,1.32,0.5,0.13,90,45.0,80,21,50.78,0.44,0.42,0.31,Nutrient Deficient
323.0,Pune,1.32,896.0,569,0.19,1.03,1.11,0.37,0.09,45,117.0,105,54,49.71,0.47,0.26,0.21,Nutrient Deficient
4856.0,Pune,0.9,996.0,478,0.32,2.51,1.17,0.39,0.12,78,68.0,44,15,44.01,0.45,0.39,0.17,Nutrient Deficient
2743.0,Sangli,1.51,1051.0,578,0.3,2.4,1.26,0.61,0.13,69,138.0,100,44,52.72,0.43,0.22,0.17,Nutrient Deficient
196.0,Sangli,1.53,1096.0,654,0.27,2.11,0.98,0.46,0.1,65,197.0,134,13,50.12,0.67,0.22,0.32,Nutrient Deficient
2509.0,Sangli,1.22,1092.0,478,0.55,2.7,0.95,0.44,0.1,73,98.0,47,9,45.11,0.47,0.26,0.23,Nutrient Deficient
4040.0,Sangli,1.32,1020.0,342,0.48,2.05,1.41,0.53,0.14,154,65.0,118,71,56.95,0.49,0.49,0.21,Balanced / Optimal
113.0,Solapur,1.33,836.0,625,0.57,2.33,0.61,0.29,0.13,59,58.0,74,47,50.05,0.71,0.35,0.14,Nutrient Deficient
1347.0,Sangli,1.48,1185.0,581,0.42,2.63,0.73,0.34,0.18,72,163.0,126,17,46.6,0.38,0.49,0.46,Nutrient Deficient
1416.0,Sangli,1.0,1004.0,576,0.59,3.31,1.09,0.46,0.13,70,80.0,106,188,57.82,0.45,0.41,0.33,Nutrient Deficient
1259.0,Sangli,1.0,1019.0,371,0.45,2.71,1.2,0.35,0.12,279,129.0,100,97,54.63,0.61,0.23,0.17,Nutrient Deficient
698.0,Sangli,1.51,1463.0,669,0.64,2.58,0.52,0.27,0.12,53,41.0,94,30,42.11,0.48,0.27,0.32,Nutrient Deficient
3863.0,Sangli,1.27,905.0,511,0.3,1.84,0.86,0.59,0.14,54,90.0,156,61,46.12,0.47,0.34,0.21,Nutrient Deficient
1256.0,Sangli,1.06,1094.0,309,0.58,1.35,1.61,0.61,0.16,58,69.0,94,81,52.64,0.57,0.28,0.21,Nutrient Deficient
2393.0,Sangli,1.12,749.0,887,0.49,3.01,2.01,0.62,0.13,109,101.0,65,149,46.77,0.43,0.42,0.14,Nutrient Deficient
2900.0,Sangli,0.95,1195.0,670,0.43,3.23,0.69,0.4,0.12,66,50.0,63,13,46.78,0.5,0.37,0.55,Toxicity Risk
81.0,Solapur,0.95,997.0,522,0.65,2.7,1.07,0.59,0.13,67,103.0,63,56,57.82,0.69,0.32,0.14,Nutrient Deficient
3396.0,Sangli,1.46,1022.0,549,0.53,3.17,1.52,0.47,0.15,61,80.0,93,36,55.16,0.43,0.5,0.49,Toxicity Risk
4069.0,Sangli,0.75,980.0,561,0.5,1.4,0.86,0.6,0.15,71,73.0,64,16,44.71,0.59,0.29,0.15,Nutrient Deficient
1171.0,Pune,1.06,1500.0,512,0.38,3.95,0.97,0.26,0.17,48,44.0,136,56,58.13,0.42,0.29,0.21,Nutrient Deficient
3816.0,Sangli,1.48,1480.0,611,0.39,2.28,0.93,0.38,0.14,72,80.0,85,23,41.71,0.47,0.37,0.18,Nutrient Deficient
843.0,Sangli,2.02,1480.0,639,0.5,2.4,0.94,0.52,0.16,59,127.0,175,20,54.37,0.47,0.16,0.39,Nutrient Excess
1327.0,Sangli,1.46,1190.0,911,0.35,2.89,0.6,0.23,0.16,75,113.0,156,12,56.86,0.41,0.42,0.67,Toxicity Risk
341.0,Sangli,0.9,909.0,398,0.39,2.35,1.17,0.38,0.15,59,55.0,143,306,46.11,0.54,0.3,0.21,Nutrient Deficient
2157.0,Sangli,1.23,1038.0,343,0.49,4.08,1.2,0.36,0.17,57,76.0,73,12,52.71,0.44,0.2,0.23,Nutrient Deficient
3459.0,Sangli,1.9,997.0,492,0.45,1.51,1.1,0.56,0.1,74,51.0,93,39,42.71,0.47,0.25,0.16,Balanced / Optimal
3214.0,Sangli,1.06,1097.0,613,0.31,1.32,2.02,0.73,0.13,78,81.0,85,31,54.37,0.41,0.36,0.41,Nutrient Deficient
1644.0,Sangli,1.22,966.0,512,0.47,2.64,1.88,0.57,0.16,61,48.0,121,62,49.12,0.42,0.28,0.25,Nutrient Deficient
4412.0,Pune,1.59,1139.0,481,0.48,2.29,1.32,0.66,0.13,140,195.0,85,31,46.73,0.47,0.24,0.19,Nutrient Excess
3307.0,Sangli,1.69,1097.0,711,0.35,1.4,0.9,0.25,0.14,82,277.0,173,274,46.0,0.56,0.27,0.39,Nutrient Deficient
3134.0,Sangli,1.32,1009.0,456,0.56,3.0,0.95,0.57,0.16,101,91.0,194,29,39.63,0.53,0.44,0.41,Nutrient Excess
219.0,Sangli,1.06,864.0,411,0.2,1.05,1.21,0.52,0.1,61,120.0,121,18,43.92,0.61,0.27,0.28,Nutrient Deficient
1261.0,Sangli,1.32,845.0,478,0.44,2.65,1.86,0.46,0.17,69,78.0,165,149,41.6,0.47,0.25,0.19,Nutrient Deficient
3957.0,Sangli,1.06,1015.0,698,0.4,2.18,1.49,0.65,0.13,63,131.0,90,16,46.81,0.43,0.21,0.4,Nutrient Deficient
4305.0,Pune,1.12,1271.0,393,0.46,3.69,1.83,0.61,0.16,60,118.0,193,37,75.61,0.54,0.44,0.14,Nutrient Deficient
4615.0,Pune,0.95,1050.0,604,0.51,3.24,1.05,0.52,0.13,52,85.0,45,19,56.18,0.6,0.19,0.12,Nutrient Deficient
767.0,Sangli,1.46,905.0,511,0.41,1.36,0.71,0.33,0.12,39,61.0,84,17,41.7,0.49,0.29,0.31,Nutrient Deficient
2264.0,Sangli,1.32,1175.0,693,0.37,1.55,0.66,0.27,0.12,48,41.0,102,61,40.63,0.37,0.29,0.4,Nutrient Deficient
4470.0,Pune,1.27,1018.0,420,0.36,2.84,1.6,0.39,0.13,55,101.0,88,21,46.17,0.38,0.23,0.28,Nutrient Deficient
5100.0,Solapur,1.37,833.0,835,0.28,3.53,1.12,0.41,0.13,71,29.0,86,17,53.17,0.5,0.44,0.21,Nutrient Deficient
4546.0,Pune,1.34,1502.0,612,0.52,2.83,1.11,0.56,0.2,62,69.0,91,12,57.61,0.51,0.43,0.28,Nutrient Excess
4903.0,Pune,1.23,1475.0,756,0.15,2.26,1.24,0.49,0.12,124,198.0,200,36,46.72,0.5,0.29,0.46,Nutrient Deficient
781.0,Sangli,1.08,820.0,703,0.4,1.3,0.86,0.41,0.14,51,43.0,88,8,36.88,0.41,0.37,0.39,Nutrient Deficient
2672.0,Sangli,1.4,1029.0,371,0.43,1.78,0.95,0.41,0.1,62,53.0,48,27,40.11,0.53,0.29,0.21,Nutrient Deficient
2166.0,Sangli,1.51,750.0,467,0.5,1.58,0.91,0.62,0.13,53,119.0,59,42,50.05,0.71,0.24,0.16,Balanced / Optimal
2675.0,Sangli,1.21,914.0,692,0.42,2.35,1.01,0.43,0.15,77,67.0,89,57,59.1,0.67,0.44,0.28,Nutrient Deficient
832.0,Sangli,1.4,1409.0,913,0.46,2.05,1.17,0.53,0.15,72,197.0,135,49,47.17,0.41,0.43,0.39,Balanced / Optimal
1604.0,Sangli,0.9,840.0,405,0.87,4.04,0.92,0.48,0.12,73,61.0,97,138,51.17,0.54,0.35,0.19,Nutrient Deficient
2488.0,Sangli,1.51,1475.0,893,0.62,2.44,0.76,0.39,0.16,154,61.0,137,39,49.71,0.51,0.12,0.19,Nutrient Deficient
58.0,Sangli,1.62,1076.0,364,0.38,2.51,1.2,0.45,0.17,96,52.0,67,8,54.37,0.6,0.26,0.21,Nutrient Deficient
4941.0,Solapur,0.9,784.0,466,0.28,1.8,1.27,0.49,0.14,54,30.0,127,11,49.71,0.51,0.2,0.16,Nutrient Deficient
4266.0,Pune,0.99,1052.0,392,0.5,1.96,1.78,0.41,0.14,65,77.0,110,19,39.72,0.45,0.46,0.21,Nutrient Deficient
3349.0,Sangli,1.64,1190.0,592,0.68,2.77,0.91,0.28,0.14,80,160.0,69,47,50.92,0.44,0.47,0.21,Nutrient Deficient
2881.0,Sangli,1.06,1130.0,609,0.47,3.34,1.29,0.61,0.13,59,88.0,78,34,49.14,0.47,0.28,0.27,Nutrient Deficient
4985.0,Solapur,0.95,861.0,796,0.22,3.57,0.97,0.32,0.13,72,21.0,113,19,47.97,0.49,0.31,0.39,Nutrient Deficient
5073.0,Solapur,1.45,904.0,793,0.67,2.67,1.24,0.58,0.11,74,112.0,128,36,38.29,0.58,0.28,0.21,Nutrient Excess
2329.0,Sangli,0.79,1075.0,584,0.77,1.63,2.35,0.63,0.12,46,64.0,124,119,46.6,0.58,0.27,0.14,Nutrient Deficient
903.0,Sangli,1.06,1430.0,978,0.35,1.98,1.12,0.35,0.13,56,104.0,98,36,43.71,0.47,0.2,0.21,Nutrient Deficient
3738.0,Sangli,1.23,805.0,493,0.36,1.6,0.82,0.53,0.12,71,85.0,120,163,54.12,0.47,0.31,0.33,Nutrient Deficient
3771.0,Sangli,1.48,1015.0,372,0.39,1.3,1.21,0.62,0.12,63,118.0,71,11,52.64,0.43,0.25,0.21,Nutrient Deficient
4223.0,Pune,1.64,1176.0,694,0.54,3.83,1.71,0.65,0.14,47,71.0,67,101,75.89,0.51,0.35,0.47,Nutrient Excess
1719.0,Sangli,1.23,990.0,598,0.32,2.63,1.19,0.39,0.16,84,173.0,98,62,61.17,0.5,0.31,0.31,Nutrient Deficient
769.0,Sangli,1.12,1490.0,703,0.29,1.45,0.84,0.38,0.13,63,111.0,116,27,40.78,0.47,0.36,0.16,Nutrient Deficient
4471.0,Pune,1.41,1013.0,518,0.5,3.31,0.99,0.52,0.13,79,97.0,41,20,60.49,0.43,0.28,0.31,Nutrient Excess
3545.0,Sangli,1.11,1612.0,423,0.42,3.13,1.39,0.47,0.14,84,68.0,131,52,49.12,0.49,0.39,0.43,Nutrient Deficient
2083.0,Sangli,1.34,1500.0,669,0.19,2.82,1.24,0.43,0.12,91,34.0,59,12,46.98,0.49,0.2,0.26,Nutrient Deficient
3904.0,Sangli,0.95,1017.0,563,0.53,1.23,0.7,0.49,0.13,47,93.0,77,16,54.37,0.49,0.11,0.14,Nutrient Deficient
114.0,Solapur,1.54,1072.0,604,0.51,1.62,0.83,0.39,0.15,54,92.0,95,53,53.51,0.54,0.21,0.14,Nutrient Deficient
1583.0,Sangli,1.43,970.0,698,0.43,2.24,1.38,0.49,0.13,105,48.0,119,16,40.62,0.51,0.32,0.21,Nutrient Deficient
3397.0,Sangli,0.9,1009.0,401,0.45,1.32,1.76,0.69,0.13,83,51.0,67,30,41.42,0.71,0.24,0.28,Nutrient Deficient
4167.0,Pune,1.06,1112.0,454,0.38,1.17,1.02,0.38,0.12,58,138.0,66,11,56.17,0.49,0.4,0.17,Nutrient Deficient
1268.0,Sangli,1.32,1283.0,513,0.79,1.47,0.94,0.49,0.14,121,34.0,81,33,46.81,0.39,0.25,0.19,Nutrient Deficient
447.0,Sangli,1.37,1019.0,484,0.48,3.42,1.19,0.52,0.15,61,130.0,95,62,41.78,0.57,0.37,0.16,Nutrient Excess
4050.0,Sangli,1.43,1043.0,584,0.47,2.33,0.85,0.3,0.12,47,79.0,71,33,37.09,0.41,0.26,0.24,Nutrient Deficient
3072.0,Sangli,0.9,905.0,433,0.79,1.7,0.91,0.51,0.12,63,101.0,124,58,44.01,0.56,0.37,0.24,Nutrient Deficient
4981.0,Solapur,1.88,1091.0,586,0.23,2.36,1.01,0.46,0.1,53,85.0,89,32,42.57,0.47,0.31,0.14,Nutrient Deficient
352.0,Sangli,1.0,1007.0,561,0.63,2.6,1.34,0.65,0.16,111,136.0,129,99,50.67,0.5,0.31,0.26,Nutrient Deficient
295.0,Sangli,1.43,1207.0,612,0.76,2.44,0.83,0.42,0.16,109,52.0,90,81,58.69,0.33,0.23,0.14,Nutrient Deficient
2922.0,Sangli,1.21,1090.0,508,0.62,2.93,0.63,0.31,0.14,50,97.0,117,40,50.11,0.58,0.36,0.35,Nutrient Deficient
2866.0,Sangli,1.64,1121.0,638,0.35,3.4,0.71,0.31,0.12,61,89.0,59,10,41.78,0.38,0.26,0.45,Nutrient Deficient
5089.0,Solapur,1.34,861.0,769,0.28,2.42,0.69,0.35,0.13,42,47.0,92,38,41.71,0.51,0.21,0.39,Nutrient Deficient
177.0,Sangli,1.06,957.0,493,0.52,1.09,0.76,0.39,0.16,131,47.0,77,15,47.84,0.57,0.24,0.14,Nutrient Deficient
4034.0,Sangli,1.12,1004.0,512,0.27,2.8,1.83,0.54,0.19,63,103.0,61,16,62.06,0.54,0.31,0.17,Nutrient Deficient
1456.0,Sangli,1.4,1096.0,601,0.53,1.85,0.86,0.47,0.14,53,119.0,128,44,49.12,0.52,0.27,0.27,Nutrient Deficient
5057.0,Solapur,1.06,855.0,781,0.28,2.42,0.67,0.39,0.16,56,104.0,124,19,53.82,0.49,0.22,0.32,Nutrient Deficient
5053.0,Solapur,1.46,1231.0,613,0.34,3.4,0.7,0.2,0.13,54,47.0,98,38,45.99,0.43,0.35,0.39,Nutrient Deficient
982.0,Pune,1.34,1450.0,478,0.35,3.8,1.11,0.49,0.13,98,117.0,194,36,56.11,0.54,0.47,0.28,Nutrient Deficient
406.0,Sangli,1.69,1215.0,511,0.42,2.66,1.23,0.51,0.12,285,140.0,131,81,40.87,0.39,0.22,0.31,Nutrient Excess
3475.0,Sangli,1.11,1000.0,532,0.64,1.06,1.2,0.51,0.16,60,37.0,144,58,52.17,0.47,0.4,0.32,Nutrient Deficient
928.0,Sangli,1.01,895.0,712,0.44,3.13,0.95,0.46,0.13,63,58.0,138,12,54.13,0.52,0.48,0.43,Nutrient Deficient
2876.0,Sangli,1.11,1310.0,912,0.25,1.74,1.02,0.42,0.16,91,94.0,79,15,51.66,0.43,0.22,0.17,Nutrient Deficient
96.0,Sangli,1.4,1021.0,481,0.23,1.49,1.5,0.39,0.1,54,44.0,69,24,48.33,0.54,0.19,0.071,Nutrient Deficient
3853.0,Sangli,1.01,785.0,517,0.35,1.98,1.28,0.62,0.1,134,113.0,93,37,50.74,0.63,0.24,0.14,Nutrient Deficient
4265.0,Pune,1.16,995.0,511,0.39,1.89,1.41,0.47,0.15,54,60.0,104,14,54.37,0.56,0.3,0.25,Nutrient Deficient
5104.0,Solapur,1.13,870.0,807,0.21,3.35,1.06,0.31,0.16,80,62.0,88,8,42.71,0.43,0.27,0.39,Nutrient Deficient
3146.0,Sangli,1.85,1278.0,714,0.6,2.05,1.36,0.46,0.15,98,120.0,98,17,44.01,0.51,0.36,0.26,Nutrient Deficient
180.0,Sangli,1.59,1136.0,748,0.46,2.43,1.28,0.61,0.16,56,69.0,116,12,49.19,0.61,0.22,0.28,Nutrient Excess
507.0,Pune,1.27,1228.0,522,0.36,2.82,1.66,0.59,0.17,51,82.0,74,58,69.04,0.52,0.18,0.23,Nutrient Deficient
74.0,Pune,1.12,984.0,481,0.69,3.13,1.32,0.59,0.15,79,63.0,106,19,54.37,0.63,0.3,0.17,Nutrient Deficient
4819.0,Pune,1.04,995.0,401,0.54,1.69,1.7,0.33,0.17,80,33.0,91,56,51.78,0.41,0.47,0.19,Nutrient Deficient
2559.0,Sangli,1.86,1149.0,473,0.79,3.55,0.59,0.33,0.16,61,37.0,78,27,43.71,0.51,0.17,0.19,Nutrient Deficient
3651.0,Sangli,1.48,1191.0,888,0.4,2.2,0.95,0.41,0.14,65,36.0,90,27,51.71,0.43,0.19,0.31,Nutrient Deficient
5210.0,Satara,1.06,753.0,511,0.46,1.69,1.39,0.57,0.14,86,92.0,95,43,45.19,0.71,0.27,0.28,Nutrient Deficient
5038.0,Solapur,0.95,938.0,506,0.49,3.06,0.49,0.24,0.15,90,62.0,70,21,41.71,0.49,0.33,0.26,Nutrient Deficient
4134.0,Pune,1.53,1309.0,671,0.53,1.32,0.99,0.4,0.18,101,85.0,101,11,40.75,0.46,0.43,0.28,Nutrient Deficient
962.0,Sangli,1.57,1000.0,678,0.44,2.51,0.87,0.41,0.14,50,81.0,81,38,56.91,0.46,0.27,0.14,Nutrient Deficient
2331.0,Sangli,1.37,1127.0,571,0.41,1.7,0.72,0.43,0.12,39,64.0,89,18,40.12,0.57,0.26,0.35,Nutrient Deficient
2748.0,Sangli,1.6,1091.0,912,0.34,1.83,1.02,0.55,0.12,62,85.0,69,14,44.81,0.6,0.28,0.21,Nutrient Deficient
4415.0,Pune,1.88,1047.0,557,0.64,2.16,0.74,0.51,0.14,48,141.0,78,26,56.18,0.44,0.14,0.21,Balanced / Optimal
3466.0,Sangli,1.68,1182.0,718,0.45,1.63,0.89,0.37,0.11,86,98.0,101,185,46.6,0.56,0.17,0.14,Nutrient Deficient
3937.0,Sangli,1.23,1028.0,715,0.8,1.74,1.01,0.56,0.17,48,78.0,137,26,44.74,0.53,0.25,0.28,Nutrient Deficient
1472.0,Sangli,1.69,1280.0,484,0.28,1.97,0.84,0.39,0.14,46,51.0,62,20,50.11,0.43,0.19,0.14,Nutrient Deficient
1770.0,Sangli,1.06,990.0,312,0.44,2.34,1.17,0.48,0.13,53,54.0,58,38,42.16,0.47,0.26,0.14,Nutrient Deficient
3481.0,Sangli,1.32,947.0,366,0.32,2.21,1.51,0.36,0.13,74,89.0,93,20,43.66,0.51,0.28,0.21,Nutrient Deficient
4258.0,Pune,1.43,1450.0,975,0.33,2.27,0.61,0.26,0.13,74,79.0,73,21,43.9,0.43,0.17,0.44,Nutrient Deficient
332.0,Sangli,1.27,1091.0,409,0.37,2.33,1.06,0.56,0.1,61,187.0,82,29,51.64,0.52,0.3,0.19,Nutrient Deficient
1222.0,Sangli,1.69,1127.0,608,0.34,2.06,0.86,0.28,0.15,65,120.0,79,33,39.86,0.5,0.33,0.17,Nutrient Deficient
3006.0,Sangli,1.06,1366.0,571,0.42,1.46,1.08,0.31,0.14,46,144.0,179,24,39.13,0.43,0.18,0.2,Nutrient Deficient
3117.0,Sangli,0.95,857.0,358,0.18,1.52,1.43,0.49,0.1,49,51.0,57,10,52.71,0.48,0.2,0.21,Nutrient Deficient
2082.0,Sangli,1.79,1091.0,418,0.42,1.39,1.28,0.47,0.12,59,63.0,71,11,40.66,0.51,0.37,0.21,Nutrient Deficient
2441.0,Sangli,1.17,955.0,672,0.83,2.05,0.68,0.43,0.16,49,61.0,62,21,46.11,0.54,0.39,0.23,Nutrient Deficient
1385.0,Sangli,2.28,1020.0,410,0.39,1.52,0.87,0.34,0.15,68,46.0,69,17,52.64,0.54,0.28,0.16,Nutrient Deficient
2044.0,Sangli,1.48,1296.0,366,0.5,3.35,0.93,0.34,0.11,52,112.0,82,40,42.69,0.47,0.42,0.43,Nutrient Deficient
1049.0,Sangli,1.12,1060.0,863,0.3,2.11,0.78,0.36,0.14,79,144.0,109,56,53.78,0.54,0.49,0.33,Nutrient Deficient
4065.0,Sangli,1.34,1170.0,556,0.32,1.85,1.38,0.41,0.13,59,109.0,87,19,45.84,0.51,0.42,0.43,Nutrient Deficient
3828.0,Sangli,1.62,832.0,581,0.74,2.64,1.19,0.49,0.15,92,55.0,62,58,50.39,0.66,0.15,0.21,Nutrient Deficient
374.0,Pune,1.64,1197.0,608,0.46,2.71,1.39,0.51,0.14,58,82.0,79,28,43.66,0.57,0.41,0.31,Nutrient Excess
1051.0,Sangli,1.46,785.0,718,0.4,2.93,1.16,0.58,0.16,66,181.0,135,16,56.11,0.46,0.28,0.33,Nutrient Deficient
1370.0,Sangli,1.32,1206.0,509,0.62,3.94,2.09,0.78,0.17,137,76.0,95,165,44.83,0.59,0.27,0.19,Nutrient Excess
4031.0,Sangli,1.21,830.0,587,0.26,0.93,1.15,0.38,0.15,67,129.0,145,60,50.97,0.47,0.38,0.29,Nutrient Deficient
3004.0,Sangli,1.27,869.0,423,0.8,2.75,1.28,0.46,0.1,51,48.0,68,38,51.66,0.49,0.28,0.31,Nutrient Deficient
2452.0,Sangli,1.34,985.0,588,0.44,2.8,1.2,0.49,0.18,45,43.0,118,12,56.17,0.51,0.21,0.31,Nutrient Deficient
4247.0,Pune,1.06,1124.0,793,0.54,2.7,0.76,0.31,0.14,223,62.0,96,17,44.78,0.4,0.23,0.19,Nutrient Deficient
2874.0,Sangli,0.9,1190.0,412,0.46,1.85,1.9,0.51,0.13,70,191.0,129,34,49.12,0.47,0.46,0.4,Nutrient Deficient
4224.0,Pune,1.06,1091.0,466,0.49,2.28,0.63,0.43,0.14,101,174.0,92,12,50.12,0.48,0.5,0.43,Toxicity Risk
3169.0,Sangli,1.23,1097.0,579,0.53,2.53,0.95,0.39,0.15,74,66.0,81,33,50.67,0.43,0.2,0.21,Nutrient Deficient
4139.0,Pune,0.79,849.0,393,0.31,1.97,1.72,0.64,0.17,60,82.0,47,20,69.52,0.46,0.47,0.12,Nutrient Deficient
1250.0,Sangli,1.37,957.0,507,0.76,1.59,0.59,0.27,0.14,90,71.0,52,24,50.05,0.51,0.27,0.1,Nutrient Deficient
3471.0,Sangli,1.34,897.0,305,0.56,3.05,0.83,0.29,0.12,54,40.0,76,26,46.01,0.44,0.19,0.12,Nutrient Deficient
1556.0,Sangli,1.28,1500.0,518,0.32,1.82,0.85,0.46,0.12,51,109.0,37,8,46.6,0.54,0.22,0.26,Nutrient Deficient
2717.0,Sangli,0.9,805.0,711,0.26,2.09,1.39,0.69,0.17,93,75.0,71,16,67.9,0.6,0.29,0.21,Nutrient Deficient
1933.0,Sangli,1.4,1367.0,623,0.31,3.63,1.2,0.4,0.19,45,65.0,70,32,50.74,0.43,0.47,0.4,Nutrient Deficient
4875.0,Pune,1.43,1180.0,561,0.62,3.58,0.81,0.37,0.15,48,60.0,84,20,54.11,0.57,0.15,0.26,Nutrient Deficient
823.0,Solapur,0.9,860.0,509,0.33,3.17,0.93,0.29,0.12,83,29.0,41,11,43.61,0.42,0.35,0.39,Nutrient Deficient
5105.0,Solapur,1.12,778.0,711,0.5,2.31,1.28,0.38,0.12,59,68.0,70,25,61.23,0.71,0.21,0.35,Nutrient Deficient
2121.0,Sangli,2.18,1409.0,711,0.27,1.44,0.9,0.36,0.12,69,40.0,85,12,50.67,0.49,0.3,0.4,Nutrient Deficient
692.0,Pune,1.29,1195.0,588,0.49,1.38,0.84,0.34,0.13,69,63.0,76,15,42.11,0.51,0.32,0.32,Nutrient Deficient
3621.0,Sangli,0.74,857.0,684,0.37,3.49,1.07,0.5,0.13,111,76.0,76,59,44.01,0.44,0.41,0.28,Nutrient Deficient
4886.0,Pune,1.21,1223.0,518,0.53,3.83,0.94,0.39,0.16,64,105.0,124,16,51.82,0.54,0.43,0.35,Nutrient Deficient
1287.0,Sangli,1.48,1017.0,711,0.66,3.27,2.8,0.74,0.17,147,104.0,89,32,51.17,0.41,0.36,0.27,Nutrient Excess
3041.0,Sangli,1.43,1197.0,709,0.26,4.16,2.24,0.62,0.16,92,80.0,64,12,49.74,0.63,0.29,0.39,Nutrient Deficient
1716.0,Sangli,1.34,1102.0,612,0.39,1.95,1.22,0.42,0.1,48,185.0,96,57,41.78,0.53,0.29,0.48,Nutrient Deficient
2521.0,Sangli,1.34,1209.0,593,0.33,1.45,0.96,0.5,0.1,58,37.0,97,10,39.69,0.54,0.2,0.14,Nutrient Deficient
1648.0,Sangli,1.16,912.0,678,0.43,2.79,1.01,0.51,0.13,53,70.0,147,21,45.34,0.49,0.3,0.18,Nutrient Deficient
2630.0,Sangli,1.74,1469.0,501,0.23,2.58,1.54,0.57,0.1,279,92.0,128,11,56.66,0.6,0.24,0.39,Nutrient Deficient
4198.0,Pune,1.06,1506.0,556,0.48,3.77,2.32,0.67,0.13,69,92.0,109,54,61.68,0.59,0.54,0.5,Toxicity Risk
3310.0,Sangli,1.23,1296.0,711,0.54,3.94,1.0,0.4,0.15,171,46.0,85,17,54.37,0.41,0.39,0.5,Toxicity Risk
4800.0,Pune,1.74,921.0,571,0.48,1.96,0.84,0.47,0.15,73,91.0,79,83,51.71,0.43,0.35,0.33,Nutrient Deficient
937.0,Sangli,1.12,1085.0,703,0.35,3.51,1.36,0.42,0.16,73,109.0,179,16,43.71,0.54,0.38,0.44,Nutrient Deficient
5130.0,Solapur,1.53,907.0,511,0.19,1.54,1.29,0.24,0.12,71,27.0,107,9,52.66,0.42,0.43,0.24,Nutrient Deficient
420.0,Pune,1.21,1125.0,819,0.49,2.64,0.99,0.46,0.13,53,77.0,100,204,57.41,0.41,0.29,0.24,Nutrient Deficient
1725.0,Sangli,1.18,941.0,363,0.48,2.85,1.49,0.69,0.12,60,85.0,91,42,53.71,0.49,0.4,0.19,Nutrient Deficient
1380.0,Sangli,1.46,997.0,680,0.49,1.16,0.52,0.23,0.1,56,56.0,97,26,38.66,0.44,0.2,0.28,Nutrient Deficient
1804.0,Sangli,1.27,1051.0,474,0.39,1.39,1.07,0.44,0.14,80,219.0,62,19,41.71,0.52,0.31,0.14,Nutrient Deficient
3672.0,Sangli,1.29,1316.0,410,0.44,1.52,0.73,0.24,0.14,39,69.0,71,26,36.45,0.37,0.24,0.21,Nutrient Deficient
3377.0,Sangli,1.35,829.0,611,0.58,2.66,0.64,0.37,0.13,61,97.0,95,41,49.12,0.5,0.24,0.31,Nutrient Deficient
2496.0,Sangli,1.21,985.0,571,0.57,2.55,1.09,0.49,0.17,54,110.0,138,38,56.1,0.54,0.41,0.17,Nutrient Deficient
3787.0,Sangli,1.53,957.0,367,0.43,2.82,0.82,0.51,0.15,120,52.0,59,14,56.96,0.52,0.25,0.32,Nutrient Excess
5082.0,Solapur,0.95,875.0,502,0.34,3.16,1.05,0.55,0.16,71,106.0,60,25,51.67,0.51,0.32,0.16,Nutrient Deficient
2517.0,Sangli,2.34,1228.0,411,0.44,3.96,1.14,0.42,0.13,69,144.0,83,26,50.11,0.47,0.27,0.14,Nutrient Deficient
568.0,Sangli,0.84,966.0,663,0.52,1.44,1.46,0.43,0.16,137,139.0,194,492,48.99,0.51,0.2,0.21,Nutrient Deficient
5154.0,Solapur,1.22,880.0,638,0.34,2.28,1.11,0.36,0.16,46,75.0,75,49,49.7,0.51,0.23,0.25,Nutrient Deficient
3265.0,Sangli,1.53,700.0,588,0.34,2.82,2.12,0.45,0.13,115,171.0,117,97,52.17,0.54,0.4,0.24,Nutrient Deficient
4771.0,Pune,1.23,1200.0,725,0.3,2.86,1.34,0.58,0.16,79,96.0,124,118,43.69,0.47,0.33,0.19,Nutrient Deficient
2897.0,Sangli,1.06,976.0,488,0.69,1.08,1.37,0.35,0.14,50,35.0,116,103,46.14,0.49,0.19,0.14,Nutrient Deficient
1701.0,Sangli,1.86,1213.0,405,0.32,1.55,1.01,0.56,0.14,68,74.0,101,36,51.17,0.47,0.49,0.26,Nutrient Deficient
539.0,Sangli,0.84,924.0,693,0.72,3.75,1.68,0.49,0.13,119,56.0,97,150,46.6,0.47,0.21,0.26,Nutrient Deficient
1421.0,Sangli,1.34,805.0,508,0.62,1.29,0.72,0.39,0.1,123,105.0,118,91,41.65,0.5,0.17,0.07,Nutrient Deficient
4185.0,Pune,1.28,1080.0,712,0.33,2.04,0.92,0.48,0.14,74,140.0,85,15,39.64,0.57,0.44,0.21,Nutrient Deficient
3757.0,Sangli,1.16,749.0,471,0.32,1.07,1.22,0.54,0.14,54,144.0,78,13,41.57,0.47,0.27,0.14,Nutrient Deficient
4573.0,Pune,1.51,1006.0,611,0.26,2.5,0.94,0.33,0.13,51,96.0,90,64,40.77,0.49,0.16,0.21,Nutrient Deficient
2133.0,Sangli,1.9,1183.0,581,0.41,1.12,0.73,0.38,0.12,85,50.0,91,17,50.12,0.63,0.32,0.21,Nutrient Deficient
1024.0,Sangli,1.23,950.0,678,0.25,3.63,1.18,0.68,0.15,68,66.0,89,16,55.18,0.42,0.47,0.45,Nutrient Deficient
5110.0,Solapur,1.17,1040.0,666,0.25,2.72,1.14,0.36,0.14,59,74.0,127,24,57.5,0.49,0.24,0.38,Nutrient Deficient
3605.0,Sangli,1.06,1090.0,609,0.17,1.87,1.13,0.41,0.12,72,50.0,113,17,54.7,0.47,0.41,0.33,Nutrient Deficient
2933.0,Sangli,1.37,900.0,611,0.6,2.22,1.28,0.41,0.17,84,119.0,93,77,51.66,0.52,0.43,0.21,Nutrient Deficient
5193.0,Solapur,1.86,1226.0,915,0.5,3.59,0.56,0.3,0.16,63,82.0,87,79,50.5,0.47,0.37,0.14,Nutrient Deficient
293.0,Sangli,1.43,1196.0,716,0.63,2.65,1.07,0.56,0.16,45,106.0,104,89,56.23,0.38,0.23,0.17,Nutrient Excess
2914.0,Sangli,1.21,1296.0,718,0.24,1.34,0.99,0.36,0.12,50,247.0,152,16,37.11,0.43,0.21,0.32,Nutrient Deficient
2934.0,Sangli,1.79,1374.0,466,0.74,2.16,1.01,0.44,0.13,97,64.0,59,18,39.57,0.39,0.39,0.15,Nutrient Deficient
4773.0,Pune,1.85,1208.0,578,0.32,1.43,1.15,0.4,0.13,65,117.0,105,22,46.71,0.54,0.24,0.17,Nutrient Deficient
972.0,Sangli,0.9,1175.0,871,0.57,3.78,0.81,0.33,0.14,49,26.0,76,11,49.84,0.5,0.25,0.28,Nutrient Deficient
1887.0,Sangli,1.16,1125.0,493,0.3,2.3,1.06,0.46,0.13,69,67.0,121,32,47.04,0.49,0.25,0.23,Nutrient Deficient
411.0,Pune,1.11,1005.0,472,0.33,1.47,1.18,0.53,0.15,99,121.0,114,42,40.81,0.42,0.19,0.14,Nutrient Deficient
1039.0,Sangli,1.62,1130.0,709,0.52,3.6,1.08,0.42,0.14,88,141.0,117,14,56.88,0.44,0.31,0.21,Nutrient Deficient
4718.0,Pune,1.06,855.0,685,0.5,3.41,2.38,0.66,0.12,171,105.0,185,24,51.69,0.47,0.48,0.19,Nutrient Deficient
2290.0,Sangli,1.9,1224.0,710,0.31,2.56,0.82,0.33,0.17,54,68.0,46,9,41.42,0.55,0.31,0.33,Nutrient Deficient
4250.0,Pune,1.74,1551.0,487,0.66,2.06,0.43,0.15,0.14,62,46.0,78,36,44.01,0.39,0.34,0.45,Nutrient Deficient
5058.0,Solapur,1.06,776.0,610,0.46,4.04,0.91,0.23,0.13,90,108.0,96,25,44.41,0.49,0.49,0.45,Nutrient Deficient
4691.0,Pune,1.32,1052.0,492,0.31,1.99,1.34,0.39,0.15,240,72.0,105,23,46.1,0.47,0.35,0.14,Nutrient Deficient
1958.0,Sangli,1.0,1027.0,711,0.27,1.39,1.22,0.57,0.15,106,131.0,59,28,56.84,0.49,0.28,0.1,Nutrient Deficient
666.0,Pune,1.59,855.0,604,0.49,1.84,0.6,0.39,0.13,43,40.0,40,11,54.37,0.47,0.29,0.19,Nutrient Deficient
1534.0,Sangli,1.47,899.0,516,0.38,1.51,0.76,0.33,0.15,57,82.0,121,20,40.16,0.54,0.23,0.4,Nutrient Deficient
3779.0,Sangli,1.74,930.0,488,0.62,1.44,1.1,0.45,0.13,39,106.0,71,20,48.71,0.49,0.24,0.2,Nutrient Deficient
2733.0,Sangli,1.34,1005.0,887,0.6,1.97,1.44,0.57,0.17,104,51.0,125,48,61.27,0.43,0.43,0.17,Balanced / Optimal
867.0,Sangli,0.9,1265.0,412,0.26,1.62,1.12,0.45,0.14,51,85.0,78,27,46.84,0.42,0.29,0.43,Nutrient Deficient
1699.0,Sangli,0.84,1019.0,342,0.39,1.48,1.38,0.59,0.14,61,46.0,73,20,50.74,0.5,0.41,0.24,Nutrient Deficient
1166.0,Solapur,1.12,1340.0,512,0.45,2.08,1.04,0.51,0.12,80,188.0,79,19,51.17,0.51,0.43,0.35,Nutrient Deficient
4386.0,Pune,1.27,857.0,541,0.6,3.83,1.16,0.54,0.16,232,82.0,57,24,43.7,0.54,0.47,0.3,Nutrient Deficient
2962.0,Sangli,0.95,807.0,726,0.54,3.95,1.02,0.63,0.13,73,45.0,88,29,50.66,0.53,0.26,0.21,Nutrient Deficient
3500.0,Sangli,1.27,874.0,678,0.57,2.39,1.94,0.58,0.16,71,115.0,72,26,51.77,0.54,0.29,0.38,Nutrient Deficient
3645.0,Sangli,0.95,1195.0,601,0.3,2.35,1.82,0.51,0.12,54,300.0,157,20,49.15,0.51,0.32,0.24,Nutrient Deficient
2737.0,Sangli,1.18,1470.0,488,0.44,3.06,2.55,0.67,0.15,65,66.0,93,33,51.78,0.53,0.25,0.26,Nutrient Deficient
4862.0,Pune,1.74,900.0,459,0.32,1.45,1.82,0.52,0.13,97,46.0,101,86,49.16,0.5,0.34,0.14,Nutrient Deficient
3900.0,Sangli,1.73,1125.0,578,0.57,2.63,0.99,0.38,0.14,52,44.0,95,12,46.78,0.49,0.31,0.14,Nutrient Deficient
2975.0,Sangli,1.23,1000.0,825,0.49,3.54,0.7,0.26,0.13,76,197.0,102,37,50.57,0.39,0.27,0.26,Nutrient Deficient
378.0,Pune,0.84,797.0,509,0.62,1.97,1.82,0.53,0.16,47,97.0,70,31,43.12,0.5,0.45,0.25,Nutrient Deficient
3209.0,Sangli,1.46,1108.0,321,0.46,3.72,1.21,0.49,0.13,379,281.0,220,372,42.28,0.39,0.75,0.39,Toxicity Risk
2440.0,Sangli,1.27,899.0,478,0.43,3.55,1.43,0.44,0.14,118,73.0,108,51,50.03,0.42,0.36,0.54,Toxicity Risk
4997.0,Solapur,1.27,950.0,706,0.35,1.68,0.61,0.17,0.12,54,66.0,87,36,41.95,0.51,0.29,0.14,Nutrient Deficient
2289.0,Sangli,1.58,1005.0,611,0.74,1.35,1.23,0.6,0.1,61,69.0,127,62,42.69,0.48,0.29,0.21,Balanced / Optimal
155.0,Solapur,1.37,997.0,887,0.65,2.16,0.58,0.35,0.13,53,82.0,67,23,52.84,0.54,0.21,0.14,Nutrient Deficient
851.0,Pune,1.01,1075.0,623,0.4,1.56,0.72,0.37,0.12,67,199.0,73,11,45.74,0.51,0.2,0.39,Nutrient Deficient
4558.0,Pune,1.15,995.0,570,0.22,1.08,1.16,0.61,0.15,226,117.0,105,12,54.11,0.46,0.34,0.12,Nutrient Deficient
3690.0,Sangli,1.12,1110.0,512,0.19,2.05,0.69,0.36,0.15,51,147.0,116,29,39.6,0.47,0.37,0.21,Nutrient Deficient
3141.0,Sangli,1.64,1420.0,578,0.34,2.4,1.07,0.46,0.16,101,156.0,79,36,51.17,0.41,0.28,0.28,Nutrient Deficient
3297.0,Sangli,1.0,917.0,656,0.17,2.68,1.96,0.62,0.14,74,64.0,89,25,71.6,0.71,0.27,0.14,Nutrient Deficient
1230.0,Sangli,1.62,986.0,578,0.58,1.81,1.78,0.7,0.14,78,107.0,116,256,44.01,0.43,0.32,0.28,Balanced / Optimal
1795.0,Sangli,1.06,924.0,709,0.22,2.12,1.69,0.39,0.13,46,50.0,88,31,47.78,0.39,0.23,0.26,Nutrient Deficient
1244.0,Sangli,1.62,857.0,592,0.32,2.11,0.96,0.25,0.15,49,56.0,84,23,50.12,0.52,0.08,0.19,Nutrient Deficient
1930.0,Sangli,1.9,1598.0,671,0.72,2.34,0.73,0.5,0.15,46,41.0,59,12,50.92,0.42,0.27,0.19,Nutrient Deficient
1493.0,Sangli,1.58,1296.0,333,0.88,3.01,1.17,0.45,0.14,129,45.0,102,307,49.19,0.51,0.17,0.21,Nutrient Deficient
2710.0,Sangli,0.84,975.0,423,0.5,2.19,0.91,0.45,0.14,64,48.0,124,22,54.83,0.4,0.42,0.32,Nutrient Deficient
3562.0,Sangli,1.69,1260.0,801,0.69,2.21,0.89,0.43,0.11,67,77.0,81,38,41.7,0.37,0.13,0.1,Nutrient Deficient
64.0,Sangli,1.79,1149.0,460,0.44,2.48,1.36,0.53,0.12,73,40.0,63,15,50.92,0.56,0.17,0.21,Nutrient Excess
1959.0,Sangli,1.23,1430.0,517,0.28,3.94,1.61,0.59,0.15,65,95.0,165,21,60.41,0.51,0.42,0.18,Nutrient Deficient
4864.0,Pune,1.48,1208.0,478,0.5,2.32,1.41,0.69,0.13,75,128.0,83,16,50.65,0.57,0.19,0.21,Nutrient Excess
3944.0,Sangli,1.74,1345.0,693,0.4,2.71,1.19,0.68,0.11,64,91.0,117,148,54.12,0.47,0.39,0.26,Nutrient Deficient
243.0,Sangli,0.95,1070.0,378,0.37,2.56,1.38,0.53,0.1,90,86.0,129,12,46.74,0.57,0.22,0.14,Nutrient Deficient
4271.0,Pune,1.74,1158.0,778,0.55,2.57,1.56,0.62,0.14,108,77.0,61,34,50.12,0.51,0.31,0.21,Nutrient Excess
3238.0,Sangli,1.43,1044.0,711,0.53,3.6,1.14,0.47,0.14,47,98.0,120,52,47.11,0.39,0.27,0.28,Nutrient Deficient
5144.0,Solapur,1.9,977.0,686,0.65,2.42,1.07,0.57,0.17,56,109.0,64,27,54.52,0.61,0.23,0.14,Nutrient Excess
3498.0,Sangli,1.55,1213.0,493,0.72,1.95,0.71,0.23,0.13,53,65.0,63,125,41.69,0.42,0.24,0.21,Nutrient Deficient
2862.0,Sangli,1.84,1211.0,610,0.33,2.25,0.83,0.42,0.14,118,111.0,124,12,50.03,0.54,0.3,0.26,Nutrient Deficient
4665.0,Pune,1.06,750.0,571,0.26,1.17,2.07,0.44,0.1,47,38.0,51,20,43.66,0.54,0.26,0.17,Nutrient Deficient
3404.0,Sangli,1.17,1096.0,411,0.58,3.78,0.77,0.43,0.16,92,39.0,78,17,49.84,0.41,0.49,0.37,Nutrient Deficient
2336.0,Sangli,1.23,891.0,378,0.56,1.95,2.66,0.58,0.13,96,53.0,51,84,40.11,0.51,0.26,0.27,Nutrient Deficient
3587.0,Sangli,1.12,1058.0,609,0.19,2.09,1.21,0.41,0.16,137,135.0,69,16,44.86,0.71,0.22,0.21,Nutrient Deficient
3604.0,Sangli,1.85,1207.0,673,0.45,1.87,0.7,0.35,0.09,93,198.0,109,110,40.74,0.43,0.28,0.29,Nutrient Deficient
3697.0,Sangli,1.74,1160.0,556,0.87,1.4,0.89,0.43,0.15,204,85.0,77,62,46.12,0.57,0.29,0.19,Nutrient Deficient
335.0,Sangli,1.27,1150.0,611,0.42,2.64,1.38,0.57,0.13,101,134.0,114,212,50.11,0.51,0.23,0.21,Nutrient Deficient
3591.0,Sangli,1.96,1545.0,912,0.17,2.34,1.07,0.4,0.14,66,219.0,164,30,50.67,0.47,0.54,0.45,Toxicity Risk
4652.0,Pune,1.12,1315.0,486,0.4,3.19,1.78,0.53,0.16,59,71.0,106,40,47.66,0.54,0.42,0.17,Nutrient Deficient
2738.0,Sangli,1.69,850.0,592,0.69,2.79,0.79,0.44,0.13,89,101.0,201,58,49.12,0.44,0.32,0.19,Nutrient Deficient
5070.0,Solapur,1.27,1103.0,781,0.29,1.98,0.83,0.35,0.12,52,73.0,64,20,41.73,0.51,0.19,0.14,Nutrient Deficient
518.0,Pune,1.59,942.0,755,0.32,2.56,1.51,0.66,0.17,63,55.0,51,33,69.9,0.43,0.16,0.27,Nutrient Deficient
2895.0,Sangli,1.18,1170.0,384,0.33,3.92,1.54,0.51,0.11,82,81.0,122,13,54.63,0.47,0.24,0.27,Nutrient Deficient
862.0,Pune,1.85,1050.0,756,0.52,2.72,0.61,0.35,0.12,95,75.0,105,37,51.63,0.39,0.3,0.21,Nutrient Deficient
3543.0,Sangli,1.85,1007.0,312,0.42,2.4,1.06,0.69,0.15,99,48.0,66,36,51.18,0.51,0.39,0.17,Nutrient Excess
4670.0,Pune,1.16,853.0,696,0.44,2.32,1.23,0.45,0.15,58,55.0,74,33,57.48,0.44,0.18,0.16,Nutrient Deficient
268.0,Sangli,1.27,1298.0,409,0.53,1.9,1.08,0.5,0.15,81,67.0,89,10,53.67,0.52,0.28,0.21,Nutrient Deficient
1715.0,Sangli,1.3,1110.0,575,0.68,2.4,0.68,0.37,0.13,40,55.0,137,26,51.18,0.51,0.49,0.39,Nutrient Deficient
2626.0,Sangli,1.06,1109.0,509,0.45,1.81,1.79,0.54,0.16,76,67.0,184,282,48.71,0.54,0.28,0.21,Nutrient Deficient
2330.0,Sangli,1.79,997.0,432,0.41,2.42,0.84,0.25,0.13,84,76.0,132,49,42.11,0.42,0.29,0.26,Nutrient Deficient
4070.0,Sangli,1.64,750.0,300,0.57,3.48,0.56,0.24,0.17,41,85.0,77,39,52.11,0.51,0.19,0.14,Nutrient Deficient
2674.0,Sangli,0.9,997.0,762,0.46,1.9,1.26,0.29,0.17,54,110.0,107,52,61.27,0.37,0.39,0.29,Nutrient Deficient
3847.0,Sangli,1.68,1460.0,411,0.79,1.01,0.7,0.31,0.1,54,93.0,93,14,40.12,0.54,0.16,0.16,Nutrient Deficient
4317.0,Pune,1.11,1018.0,484,0.17,1.56,1.8,0.52,0.13,43,69.0,94,62,38.9,0.52,0.39,0.21,Nutrient Deficient
4690.0,Pune,1.48,1102.0,607,0.37,3.04,0.97,0.45,0.14,45,55.0,68,27,56.18,0.52,0.25,0.19,Nutrient Deficient
844.0,Sangli,1.85,750.0,604,0.34,2.05,0.69,0.39,0.13,35,72.0,88,14,42.29,0.41,0.1,0.31,Nutrient Deficient
4879.0,Pune,0.9,1009.0,587,0.3,2.19,1.88,0.59,0.12,74,189.0,51,34,51.17,0.41,0.34,0.2,Nutrient Deficient
1755.0,Sangli,1.23,1213.0,891,0.47,3.6,1.49,0.51,0.12,116,276.0,131,189,51.17,0.39,0.4,0.26,Nutrient Deficient
1542.0,Sangli,1.48,1092.0,512,0.41,2.15,0.86,0.41,0.12,59,211.0,109,61,44.71,0.53,0.25,0.07,Nutrient Deficient
490.0,Sangli,1.43,1198.0,688,0.72,3.78,1.64,0.63,0.15,91,81.0,116,284,51.78,0.42,0.37,0.26,Nutrient Excess
4714.0,Pune,1.85,1290.0,790,0.56,3.19,0.62,0.47,0.15,51,44.0,51,15,49.68,0.51,0.28,0.29,Nutrient Deficient
3713.0,Sangli,1.96,1314.0,387,0.57,3.12,1.15,0.41,0.13,105,99.0,145,44,50.09,0.41,0.48,0.55,Toxicity Risk
4106.0,Sangli,1.84,1312.0,474,0.27,1.37,1.01,0.51,0.15,240,100.0,80,22,39.72,0.49,0.24,0.14,Nutrient Deficient
5202.0,Solapur,0.95,1075.0,493,0.59,1.99,0.61,0.31,0.14,65,106.0,181,63,43.12,0.59,0.37,0.34,Nutrient Deficient
498.0,Pune,1.27,1207.0,392,0.39,3.23,1.05,0.41,0.16,65,43.0,44,23,44.78,0.54,0.33,0.31,Nutrient Deficient
1557.0,Sangli,1.06,1345.0,711,0.3,2.34,0.63,0.41,0.11,52,82.0,52,10,49.74,0.47,0.39,0.38,Nutrient Deficient
715.0,Sangli,1.98,955.0,871,0.39,1.4,0.8,0.41,0.1,64,82.0,205,64,43.66,0.49,0.37,0.26,Nutrient Deficient
4422.0,Pune,1.51,1375.0,624,0.64,2.75,0.74,0.33,0.15,73,45.0,111,51,52.66,0.66,0.31,0.19,Nutrient Deficient
2027.0,Sangli,1.34,942.0,405,0.2,1.2,0.73,0.43,0.12,61,161.0,94,12,45.12,0.47,0.13,0.21,Nutrient Deficient
115.0,Sangli,1.34,985.0,509,0.5,2.84,1.28,0.5,0.12,71,113.0,126,82,50.92,0.71,0.19,0.14,Nutrient Deficient
2379.0,Sangli,1.72,1500.0,498,0.21,2.4,1.15,0.42,0.16,53,86.0,61,57,53.67,0.46,0.29,0.21,Nutrient Deficient
743.0,Solapur,1.15,1350.0,578,0.37,3.62,0.9,0.41,0.15,48,45.0,113,83,39.17,0.51,0.21,0.19,Nutrient Deficient
4393.0,Pune,1.37,1170.0,474,0.49,3.08,0.7,0.37,0.13,82,33.0,85,12,43.07,0.61,0.22,0.21,Nutrient Deficient
3565.0,Sangli,0.9,985.0,574,0.3,1.61,0.72,0.33,0.14,49,91.0,104,11,58.11,0.59,0.23,0.14,Nutrient Deficient
786.0,Sangli,1.51,870.0,570,0.31,2.55,1.25,0.3,0.11,58,210.0,151,25,44.01,0.46,0.21,0.39,Nutrient Deficient
5166.0,Solapur,1.42,1095.0,613,0.59,3.06,0.69,0.23,0.15,72,27.0,65,12,51.67,0.53,0.26,0.2,Nutrient Deficient
2814.0,Sangli,1.06,1125.0,579,0.45,2.85,1.96,0.69,0.16,80,56.0,82,32,50.05,0.54,0.32,0.17,Nutrient Deficient
4235.0,Pune,1.17,1372.0,571,0.49,3.19,0.63,0.54,0.12,97,97.0,72,13,54.68,0.46,0.21,0.44,Nutrient Deficient
4984.0,Solapur,1.17,1010.0,501,0.41,2.63,1.55,0.59,0.13,115,126.0,165,22,41.72,0.61,0.39,0.32,Nutrient Deficient
1818.0,Sangli,0.95,880.0,578,0.46,1.97,0.74,0.34,0.13,40,81.0,147,17,56.96,0.46,0.28,0.29,Nutrient Deficient
1841.0,Sangli,1.29,1041.0,663,0.32,1.76,1.39,0.69,0.14,90,104.0,102,26,48.24,0.54,0.36,0.21,Nutrient Deficient
1751.0,Sangli,1.12,835.0,479,0.71,3.38,1.78,0.53,0.12,184,48.0,101,32,51.64,0.38,0.44,0.43,Nutrient Deficient
1906.0,Sangli,1.43,911.0,711,0.56,1.84,1.36,0.56,0.12,92,138.0,69,9,46.77,0.44,0.38,0.21,Balanced / Optimal
2271.0,Sangli,1.0,1175.0,678,0.23,2.55,0.7,0.3,0.13,61,180.0,85,19,52.11,0.49,0.3,0.15,Nutrient Deficient
1202.0,Pune,1.18,1105.0,418,0.26,3.24,1.89,0.39,0.12,61,86.0,51,15,59.13,0.61,0.45,0.32,Nutrient Deficient
2542.0,Sangli,0.84,833.0,374,0.46,1.36,1.07,0.49,0.11,104,96.0,97,12,42.7,0.49,0.17,0.23,Nutrient Deficient
3255.0,Sangli,0.9,977.0,612,0.41,2.51,0.84,0.27,0.15,63,68.0,78,21,46.12,0.53,0.36,0.24,Nutrient Deficient
4946.0,Solapur,1.34,1096.0,466,0.24,2.4,1.11,0.28,0.12,71,60.0,87,12,37.41,0.39,0.41,0.43,Nutrient Deficient
128.0,Pune,1.43,1088.0,418,0.67,2.32,1.04,0.42,0.15,62,105.0,49,23,50.63,0.58,0.15,0.17,Nutrient Deficient
4026.0,Sangli,1.39,1097.0,592,0.23,1.92,0.67,0.38,0.12,64,92.0,95,12,46.11,0.51,0.43,0.32,Nutrient Deficient
200.0,Sangli,1.49,1109.0,474,0.41,1.39,0.8,0.4,0.14,72,221.0,150,136,45.84,0.63,0.18,0.28,Nutrient Deficient
1178.0,Pune,0.78,900.0,611,0.3,2.41,1.82,0.61,0.16,99,123.0,135,20,57.63,0.47,0.46,0.28,Nutrient Deficient
1711.0,Sangli,1.12,996.0,604,0.26,1.81,1.1,0.31,0.13,66,134.0,61,16,54.37,0.4,0.29,0.14,Nutrient Deficient
2668.0,Sangli,1.4,1034.0,613,0.77,3.52,1.28,0.42,0.14,88,69.0,138,78,49.08,0.53,0.28,0.15,Nutrient Deficient
4934.0,Solapur,0.9,820.0,467,0.24,3.41,0.91,0.17,0.12,54,20.0,64,7,51.18,0.49,0.29,0.39,Nutrient Deficient
3196.0,Sangli,1.23,1071.0,678,0.23,1.23,1.07,0.21,0.17,65,85.0,106,33,49.88,0.54,0.39,0.45,Nutrient Deficient
1781.0,Sangli,0.97,862.0,512,0.69,2.71,1.63,0.49,0.13,61,74.0,125,44,47.67,0.51,0.25,0.17,Nutrient Deficient
1246.0,Sangli,0.95,1196.0,471,0.27,2.25,1.1,0.5,0.15,61,101.0,78,36,51.71,0.57,0.25,0.21,Nutrient Deficient
3730.0,Sangli,1.85,1097.0,613,0.47,2.72,0.82,0.4,0.13,47,71.0,99,13,45.09,0.51,0.36,0.38,Nutrient Deficient
1769.0,Sangli,1.0,905.0,462,0.58,2.31,2.14,0.69,0.13,73,72.0,150,251,41.57,0.51,0.28,0.14,Nutrient Deficient
3836.0,Sangli,1.12,963.0,783,0.66,2.78,0.72,0.4,0.13,66,137.0,99,36,51.18,0.51,0.17,0.19,Nutrient Deficient
4876.0,Pune,1.74,1229.0,419,0.56,2.45,1.14,0.57,0.12,73,53.0,47,38,49.12,0.37,0.32,0.15,Nutrient Excess
797.0,Sangli,2.07,950.0,700,0.49,3.08,0.92,0.48,0.14,68,134.0,85,25,50.05,0.45,0.39,0.39,Nutrient Deficient
1632.0,Sangli,1.32,784.0,308,0.39,1.54,0.69,0.39,0.1,41,177.0,111,19,37.11,0.43,0.2,0.16,Nutrient Deficient
2223.0,Sangli,1.16,1265.0,749,0.42,3.35,0.93,0.46,0.17,132,66.0,163,319,43.38,0.37,0.54,0.32,Toxicity Risk
2898.0,Sangli,1.11,929.0,510,0.63,2.99,1.29,0.41,0.16,38,48.0,51,18,49.17,0.46,0.29,0.23,Nutrient Deficient
1998.0,Sangli,1.99,1214.0,559,0.44,2.54,1.72,0.54,0.12,93,98.0,103,32,60.95,0.47,0.18,0.16,Nutrient Excess
735.0,Sangli,1.6,1325.0,417,0.44,1.64,0.75,0.32,0.13,84,75.0,71,30,41.78,0.5,0.23,0.19,Nutrient Deficient
1185.0,Sangli,1.4,1100.0,617,0.21,2.55,1.31,0.44,0.17,89,96.0,118,19,54.67,0.47,0.48,0.35,Nutrient Deficient
1517.0,Sangli,1.07,1118.0,472,0.54,2.52,0.93,0.32,0.13,49,34.0,93,70,43.61,0.35,0.34,0.26,Nutrient Deficient
3137.0,Sangli,0.73,750.0,509,0.38,3.93,1.59,0.46,0.13,98,96.0,51,36,59.61,0.51,0.26,0.28,Nutrient Deficient
3482.0,Sangli,2.04,1495.0,704,0.6,3.21,0.84,0.29,0.17,66,120.0,144,14,51.66,0.58,0.29,0.33,Nutrient Deficient
3439.0,Sangli,1.6,1296.0,711,0.35,2.49,1.43,0.54,0.13,56,141.0,91,25,56.95,0.43,0.46,0.21,Nutrient Deficient
2200.0,Sangli,1.28,1190.0,673,0.6,1.05,0.81,0.44,0.18,96,164.0,271,81,56.84,0.53,0.21,0.14,Nutrient Deficient
3966.0,Sangli,1.06,1185.0,372,0.24,2.77,0.85,0.56,0.11,132,172.0,58,17,40.71,0.47,0.24,0.12,Nutrient Deficient
3858.0,Sangli,1.06,1176.0,518,0.3,2.6,1.28,0.39,0.17,71,147.0,142,19,61.27,0.71,0.21,0.21,Nutrient Deficient
409.0,Pune,0.79,857.0,488,0.51,1.52,0.87,0.39,0.16,84,72.0,88,51,41.66,0.39,0.39,0.17,Nutrient Deficient
891.0,Sangli,1.28,1361.0,638,0.41,4.14,1.5,0.49,0.17,71,125.0,123,20,49.12,0.48,0.33,0.29,Nutrient Deficient
4893.0,Pune,1.21,942.0,625,0.39,1.52,0.73,0.18,0.15,53,129.0,157,40,44.16,0.41,0.27,0.21,Nutrient Deficient
3234.0,Sangli,1.27,1253.0,702,0.24,2.22,1.28,0.36,0.15,62,257.0,144,29,50.68,0.49,0.19,0.21,Nutrient Deficient
3360.0,Sangli,1.06,835.0,593,0.5,3.05,1.01,0.67,0.12,119,46.0,72,57,60.83,0.63,0.25,0.14,Nutrient Deficient
2158.0,Sangli,2.33,1500.0,663,0.92,1.48,0.86,0.54,0.12,81,51.0,88,89,38.26,0.39,0.27,0.14,Nutrient Excess
2987.0,Sangli,1.21,1046.0,972,0.28,1.92,0.93,0.44,0.15,71,67.0,125,38,50.18,0.44,0.37,0.25,Nutrient Deficient
840.0,Sangli,2.02,1500.0,666,0.46,1.35,0.82,0.43,0.15,68,91.0,93,23,41.42,0.57,0.25,0.55,Toxicity Risk
5061.0,Solapur,1.09,698.0,578,0.21,1.47,1.27,0.5,0.12,80,141.0,87,19,52.71,0.54,0.29,0.46,Nutrient Deficient
5151.0,Solapur,1.35,858.0,772,0.33,1.68,1.07,0.59,0.15,74,109.0,181,50,43.62,0.42,0.4,0.35,Nutrient Deficient
560.0,Sangli,1.48,1233.0,692,0.55,3.13,1.67,0.6,0.14,183,82.0,148,159,49.12,0.41,0.32,0.28,Nutrient Excess
1480.0,Sangli,1.11,1118.0,749,0.64,2.61,1.5,0.53,0.17,60,43.0,114,106,54.84,0.43,0.14,0.24,Nutrient Deficient
4443.0,Pune,1.32,1098.0,710,0.34,3.19,0.94,0.57,0.21,220,174.0,207,24,43.78,0.49,0.48,0.39,Nutrient Deficient
2519.0,Sangli,1.11,1490.0,398,0.14,2.82,1.87,0.57,0.14,111,195.0,71,10,46.6,0.47,0.43,0.43,Nutrient Deficient
4636.0,Pune,1.83,1294.0,604,0.61,2.95,2.26,0.59,0.14,47,123.0,201,90,61.17,0.42,0.41,0.35,Nutrient Excess
4923.0,Pune,1.21,1027.0,474,0.45,1.21,0.86,0.34,0.15,69,227.0,88,53,39.82,0.45,0.25,0.17,Nutrient Deficient
2525.0,Sangli,2.07,1206.0,335,0.49,1.07,1.31,0.58,0.13,57,91.0,127,50,42.7,0.44,0.22,0.19,Nutrient Deficient
3426.0,Sangli,1.34,840.0,678,0.73,2.09,0.98,0.4,0.19,52,47.0,113,36,61.83,0.71,0.32,0.31,Nutrient Deficient
2944.0,Sangli,2.07,1438.0,512,0.68,2.39,0.83,0.3,0.16,62,105.0,126,22,41.57,0.47,0.44,0.43,Nutrient Deficient
2138.0,Sangli,1.64,1092.0,480,0.33,3.63,1.14,0.56,0.15,93,84.0,95,12,45.12,0.47,0.29,0.23,Nutrient Deficient
4439.0,Pune,2.29,1471.0,540,0.35,2.0,0.61,0.23,0.12,64,42.0,155,90,43.9,0.37,0.34,0.33,Nutrient Deficient
4888.0,Pune,1.67,1192.0,762,0.44,3.51,0.61,0.49,0.1,55,147.0,74,41,44.82,0.41,0.25,0.19,Nutrient Deficient
376.0,Pune,0.9,857.0,401,0.34,2.58,1.12,0.51,0.13,63,78.0,67,31,47.11,0.71,0.35,0.19,Nutrient Deficient
3883.0,Sangli,1.27,1462.0,511,0.47,2.56,0.96,0.5,0.13,101,136.0,67,52,49.12,0.43,0.25,0.16,Nutrient Deficient
4405.0,Pune,1.79,1008.0,434,0.53,1.37,0.61,0.59,0.14,71,72.0,105,31,41.71,0.49,0.26,0.2,Nutrient Deficient
3180.0,Sangli,1.22,1298.0,885,0.21,2.81,2.17,0.57,0.19,125,115.0,115,12,51.17,0.54,0.34,0.33,Nutrient Deficient
5005.0,Solapur,1.39,1340.0,781,0.67,3.47,0.61,0.46,0.14,130,93.0,113,25,58.12,0.71,0.48,0.39,Nutrient Deficient
4580.0,Pune,1.01,957.0,418,0.2,2.75,0.75,0.61,0.12,65,57.0,43,24,47.66,0.41,0.4,0.44,Nutrient Deficient
2988.0,Sangli,1.32,1092.0,471,0.43,3.24,1.49,0.51,0.14,213,69.0,124,180,44.12,0.47,0.45,0.21,Nutrient Excess
3182.0,Sangli,1.59,1291.0,601,0.54,2.17,1.07,0.56,0.16,62,148.0,74,29,54.66,0.44,0.34,0.29,Balanced / Optimal
4079.0,Sangli,1.68,950.0,453,0.47,3.47,1.01,0.32,0.15,62,205.0,91,15,45.18,0.41,0.37,0.26,Nutrient Deficient
1955.0,Sangli,1.12,1594.0,654,0.38,3.45,1.78,0.51,0.12,68,118.0,83,29,50.18,0.39,0.44,0.43,Nutrient Deficient
4160.0,Pune,1.12,904.0,666,0.27,2.58,1.54,0.66,0.16,85,82.0,128,91,51.78,0.5,0.22,0.17,Nutrient Deficient
4014.0,Sangli,1.59,816.0,974,0.26,1.59,0.78,0.24,0.11,48,72.0,67,27,48.14,0.53,0.22,0.26,Nutrient Deficient
2236.0,Sangli,1.34,1097.0,554,0.33,1.95,1.07,0.51,0.16,54,91.0,70,17,50.06,0.58,0.25,0.26,Nutrient Deficient
2486.0,Sangli,1.29,1043.0,466,0.56,2.19,0.56,0.24,0.12,52,47.0,76,21,40.61,0.48,0.3,0.21,Nutrient Deficient
746.0,Solapur,1.28,1090.0,478,0.48,4.34,0.68,0.24,0.13,43,21.0,59,12,41.71,0.51,0.2,0.26,Nutrient Deficient
5133.0,Solapur,1.48,1085.0,547,0.58,2.87,1.05,0.48,0.13,46,85.0,87,13,38.63,0.43,0.2,0.14,Nutrient Deficient
3619.0,Sangli,1.48,940.0,417,0.76,2.78,1.07,0.41,0.14,56,84.0,78,25,50.58,0.6,0.38,0.19,Nutrient Deficient
4457.0,Pune,1.34,1005.0,601,0.44,3.59,0.99,0.51,0.12,87,129.0,130,26,54.11,0.66,0.3,0.31,Nutrient Excess
4831.0,Pune,1.29,897.0,392,0.32,1.25,1.42,0.31,0.16,59,77.0,71,21,43.75,0.45,0.24,0.14,Nutrient Deficient
5128.0,Solapur,1.15,776.0,512,0.21,2.59,1.07,0.37,0.16,65,27.0,68,24,41.94,0.47,0.21,0.19,Nutrient Deficient
839.0,Sangli,1.62,1285.0,693,0.38,1.3,0.8,0.33,0.14,67,102.0,95,15,40.56,0.43,0.18,0.39,Nutrient Deficient
4908.0,Pune,1.34,1055.0,392,0.89,2.93,0.86,0.41,0.13,47,97.0,40,17,44.75,0.54,0.44,0.17,Nutrient Deficient
1996.0,Sangli,1.12,1184.0,609,0.25,3.08,1.35,0.58,0.13,46,210.0,104,52,47.83,0.5,0.19,0.16,Nutrient Deficient
1744.0,Sangli,0.78,874.0,771,0.37,3.77,0.9,0.34,0.17,76,104.0,148,17,45.11,0.5,0.36,0.35,Nutrient Deficient
3046.0,Sangli,1.43,820.0,362,0.34,2.16,0.96,0.36,0.16,79,113.0,111,13,51.65,0.73,0.28,0.21,Nutrient Deficient
4656.0,Pune,1.0,1096.0,419,0.52,2.62,0.76,0.39,0.16,55,95.0,135,51,42.64,0.47,0.3,0.14,Nutrient Deficient
5127.0,Solapur,1.89,998.0,705,0.65,2.67,0.6,0.39,0.14,46,56.0,94,40,41.71,0.65,0.19,0.14,Nutrient Deficient
1810.0,Sangli,1.43,1490.0,912,0.25,1.97,0.53,0.44,0.14,68,92.0,96,29,41.63,0.41,0.3,0.27,Nutrient Deficient
1991.0,Sangli,1.12,1072.0,811,0.3,2.86,1.49,0.59,0.16,72,149.0,122,13,46.6,0.57,0.29,0.24,Nutrient Deficient
5112.0,Solapur,1.9,1503.0,477,0.21,2.83,1.32,0.56,0.15,76,91.0,151,55,51.18,0.42,0.29,0.15,Nutrient Deficient
2786.0,Sangli,1.53,909.0,613,0.44,2.64,0.99,0.33,0.16,148,76.0,100,79,46.72,0.52,0.27,0.16,Nutrient Deficient
3610.0,Sangli,1.43,1371.0,598,0.3,2.88,1.1,0.42,0.15,56,228.0,155,44,50.01,0.48,0.28,0.32,Nutrient Deficient
4187.0,Pune,1.29,848.0,789,0.44,2.94,0.71,0.33,0.14,65,77.0,74,30,47.66,0.47,0.25,0.19,Nutrient Deficient
3982.0,Sangli,1.59,1274.0,712,0.46,3.87,1.2,0.36,0.15,56,75.0,102,43,49.84,0.57,0.33,0.26,Nutrient Deficient
814.0,Pune,1.57,935.0,693,0.48,2.91,0.93,0.51,0.13,53,53.0,95,22,38.63,0.47,0.45,0.31,Nutrient Excess
1963.0,Sangli,1.17,1305.0,269,0.82,2.67,0.59,0.51,0.1,39,37.0,59,74,41.66,0.44,0.21,0.16,Nutrient Deficient
1691.0,Sangli,0.9,1109.0,809,0.33,2.05,1.21,0.49,0.14,115,309.0,131,314,46.12,0.54,0.22,0.15,Nutrient Deficient
1236.0,Sangli,1.32,874.0,396,0.39,2.14,1.35,0.55,0.12,69,179.0,180,41,46.87,0.43,0.43,0.58,Toxicity Risk
2000.0,Sangli,1.06,980.0,409,0.56,2.39,1.12,0.57,0.13,82,88.0,131,74,51.17,0.47,0.24,0.21,Nutrient Deficient
2476.0,Sangli,1.48,1040.0,671,0.34,2.79,1.13,0.3,0.14,87,89.0,112,18,47.13,0.53,0.25,0.16,Nutrient Deficient
2685.0,Sangli,1.32,1097.0,593,0.75,1.77,0.79,0.21,0.16,72,104.0,107,22,40.11,0.49,0.2,0.14,Nutrient Deficient
2034.0,Sangli,1.12,1215.0,611,0.63,2.82,1.28,0.49,0.17,101,55.0,125,185,51.17,0.52,0.46,0.28,Nutrient Deficient
1432.0,Sangli,1.23,726.0,711,0.75,1.88,1.82,0.43,0.15,67,43.0,90,49,43.69,0.51,0.21,0.17,Nutrient Deficient
1878.0,Sangli,1.06,1331.0,760,0.53,2.09,0.96,0.4,0.13,55,84.0,58,59,47.12,0.46,0.17,0.25,Nutrient Deficient
3172.0,Sangli,1.48,1321.0,680,0.48,1.95,0.89,0.32,0.13,71,41.0,111,23,46.17,0.47,0.29,0.12,Nutrient Deficient
799.0,Solapur,1.85,780.0,687,0.5,2.25,0.67,0.36,0.16,71,104.0,85,59,48.33,0.46,0.48,0.31,Nutrient Deficient
2746.0,Sangli,1.12,1442.0,491,0.43,1.04,1.27,0.46,0.13,53,47.0,59,80,49.66,0.46,0.09,0.28,Nutrient Deficient
4900.0,Pune,1.51,1209.0,711,0.3,2.58,0.75,0.46,0.12,73,178.0,79,54,47.12,0.39,0.31,0.29,Nutrient Deficient
2190.0,Sangli,1.23,1345.0,492,0.63,3.14,1.85,0.64,0.16,120,104.0,92,107,51.66,0.6,0.44,0.33,Nutrient Deficient
1681.0,Sangli,1.27,1071.0,571,0.63,3.02,0.95,0.41,0.2,48,34.0,49,24,58.68,0.48,0.25,0.15,Nutrient Deficient
3019.0,Sangli,1.28,952.0,612,0.26,1.01,2.31,0.59,0.15,70,116.0,101,13,46.6,0.57,0.29,0.21,Nutrient Deficient
2724.0,Sangli,0.99,1090.0,578,0.5,3.43,1.05,0.48,0.15,58,53.0,147,26,47.73,0.47,0.42,0.26,Nutrient Deficient
3155.0,Sangli,1.74,1491.0,417,0.33,3.26,0.95,0.41,0.13,69,15.0,51,15,47.75,0.49,0.18,0.21,Nutrient Deficient
3192.0,Sangli,1.69,864.0,578,0.18,0.99,0.96,0.4,0.12,76,81.0,53,8,39.64,0.45,0.19,0.32,Nutrient Deficient
5034.0,Solapur,1.16,1354.0,605,0.63,1.66,1.07,0.37,0.14,128,82.0,92,27,53.16,0.56,0.51,0.33,Toxicity Risk
3229.0,Sangli,0.95,864.0,711,0.43,2.96,0.86,0.37,0.16,67,124.0,138,61,46.84,0.41,0.28,0.21,Nutrient Deficient
1778.0,Sangli,1.23,936.0,369,0.5,1.59,0.8,0.27,0.13,74,65.0,76,98,38.92,0.64,0.11,0.14,Nutrient Deficient
678.0,Pune,1.74,1210.0,393,0.76,2.19,0.89,0.41,0.16,55,178.0,67,12,47.13,0.49,0.35,0.25,Nutrient Deficient
549.0,Sangli,1.0,1093.0,613,0.5,2.11,1.83,0.56,0.13,81,170.0,75,62,44.01,0.51,0.32,0.21,Nutrient Deficient
1427.0,Sangli,1.16,833.0,508,0.29,3.33,1.02,0.43,0.13,49,120.0,95,204,54.12,0.49,0.32,0.21,Nutrient Deficient
2149.0,Sangli,1.12,795.0,571,0.45,2.4,1.12,0.4,0.13,72,239.0,132,57,56.9,0.49,0.21,0.23,Nutrient Deficient
1341.0,Sangli,1.37,1019.0,663,0.49,2.11,1.39,0.5,0.16,51,132.0,85,59,56.16,0.51,0.42,0.18,Nutrient Deficient
973.0,Sangli,1.12,1305.0,692,0.26,1.94,0.9,0.34,0.16,65,23.0,78,12,51.17,0.53,0.39,0.21,Nutrient Deficient
5113.0,Solapur,1.11,800.0,578,0.52,2.66,0.83,0.41,0.12,85,92.0,60,39,37.52,0.49,0.29,0.19,Nutrient Deficient
2380.0,Sangli,0.95,1305.0,510,0.91,3.03,1.79,0.59,0.16,71,37.0,155,62,59.73,0.71,0.23,0.16,Nutrient Deficient
3325.0,Sangli,0.95,997.0,405,0.62,2.27,0.76,0.39,0.17,51,51.0,101,123,42.19,0.43,0.18,0.17,Nutrient Deficient
42.0,Sangli,1.28,1019.0,592,0.34,1.62,1.49,0.58,0.16,118,199.0,80,40,51.64,0.47,0.25,0.28,Nutrient Deficient
853.0,Sangli,1.85,1345.0,632,0.51,2.8,0.57,0.34,0.1,54,69.0,68,18,41.42,0.43,0.25,0.47,Nutrient Deficient
2885.0,Sangli,1.57,1371.0,432,0.34,2.89,0.68,0.31,0.14,99,69.0,51,11,61.17,0.52,0.4,0.26,Nutrient Deficient
3569.0,Sangli,1.32,1107.0,589,0.55,3.39,1.14,0.43,0.13,72,69.0,51,20,50.61,0.54,0.27,0.15,Nutrient Deficient
4042.0,Sangli,1.29,1102.0,417,0.42,1.97,1.95,0.4,0.16,61,74.0,83,23,43.66,0.39,0.54,0.32,Toxicity Risk
969.0,Sangli,1.06,1040.0,417,0.5,3.17,0.94,0.37,0.15,71,40.0,40,17,58.67,0.43,0.44,0.43,Nutrient Deficient
4005.0,Sangli,1.62,1495.0,978,0.25,1.58,0.6,0.47,0.12,54,136.0,102,19,42.93,0.6,0.2,0.21,Nutrient Deficient
2413.0,Sangli,1.08,876.0,489,0.43,2.87,0.98,0.46,0.15,59,101.0,62,12,54.7,0.38,0.29,0.24,Nutrient Deficient
1273.0,Sangli,1.06,1044.0,460,0.43,1.01,0.82,0.37,0.16,39,111.0,111,11,47.63,0.44,0.32,0.32,Nutrient Deficient
421.0,Pune,1.59,1192.0,642,0.47,2.93,0.86,0.33,0.15,56,64.0,172,101,44.12,0.48,0.34,0.21,Nutrient Deficient
4084.0,Sangli,1.53,1357.0,467,0.56,2.38,0.71,0.28,0.14,65,99.0,93,52,46.6,0.47,0.18,0.14,Nutrient Deficient
2463.0,Sangli,1.27,1419.0,625,0.32,2.58,1.39,0.42,0.14,67,82.0,59,33,40.12,0.43,0.24,0.19,Nutrient Deficient
859.0,Pune,1.29,1430.0,409,0.42,3.2,0.94,0.36,0.12,101,65.0,158,11,45.66,0.45,0.15,0.28,Nutrient Deficient
4209.0,Pune,0.81,797.0,460,0.43,2.56,0.98,0.47,0.16,95,65.0,96,36,40.63,0.54,0.39,0.29,Nutrient Deficient
254.0,Sangli,1.48,1190.0,674,0.41,2.64,1.26,0.58,0.1,82,80.0,81,37,43.67,0.6,0.24,0.28,Nutrient Excess
112.0,Sangli,1.4,1072.0,308,0.51,1.76,1.41,0.61,0.13,97,78.0,111,83,51.17,0.6,0.2,0.14,Balanced / Optimal
3502.0,Sangli,1.0,966.0,678,0.62,4.39,1.36,0.53,0.13,55,133.0,217,289,46.76,0.38,0.23,0.26,Nutrient Deficient
4566.0,Pune,1.47,1198.0,478,0.5,2.02,1.32,0.51,0.13,56,183.0,55,35,43.89,0.51,0.25,0.28,Balanced / Optimal
255.0,Sangli,1.69,1290.0,581,0.25,1.84,1.46,0.57,0.1,84,113.0,112,52,44.12,0.57,0.26,0.31,Nutrient Deficient
828.0,Sangli,1.51,1174.0,972,0.49,3.9,0.74,0.42,0.11,195,137.0,180,20,41.66,0.51,0.5,0.39,Toxicity Risk
4491.0,Pune,1.18,807.0,621,0.44,1.98,0.66,0.39,0.13,71,72.0,110,10,45.66,0.58,0.34,0.22,Nutrient Deficient
2707.0,Sangli,1.43,1198.0,569,0.39,2.43,1.39,0.54,0.16,47,51.0,63,30,52.39,0.54,0.24,0.21,Nutrient Deficient
2528.0,Sangli,1.06,1256.0,588,0.44,2.25,0.79,0.33,0.15,49,51.0,104,31,40.74,0.55,0.41,0.26,Nutrient Deficient
4485.0,Pune,1.57,980.0,494,0.31,2.67,0.98,0.4,0.12,105,75.0,92,19,39.97,0.41,0.29,0.24,Nutrient Deficient
932.0,Sangli,1.06,1495.0,564,0.28,3.41,1.22,0.28,0.14,68,124.0,144,93,54.13,0.51,0.45,0.41,Nutrient Deficient
3895.0,Sangli,0.84,820.0,380,0.2,2.82,1.38,0.45,0.12,87,101.0,53,13,60.41,0.66,0.25,0.22,Nutrient Deficient
4974.0,Solapur,1.11,732.0,483,0.59,2.59,0.83,0.3,0.12,74,72.0,42,26,43.96,0.61,0.29,0.26,Nutrient Deficient
1160.0,Sangli,1.12,1115.0,511,0.25,2.78,1.24,0.36,0.15,56,63.0,249,25,52.78,0.58,0.45,0.21,Nutrient Deficient
943.0,Sangli,0.95,1085.0,478,0.2,1.97,1.28,0.79,0.17,79,174.0,155,10,52.17,0.58,0.47,0.5,Toxicity Risk
1239.0,Sangli,1.25,1060.0,418,0.32,2.58,1.62,0.58,0.16,59,53.0,110,21,44.17,0.51,0.31,0.21,Nutrient Deficient
82.0,Solapur,1.17,1109.0,460,0.64,2.36,1.23,0.54,0.15,87,93.0,61,42,61.27,0.61,0.23,0.28,Nutrient Deficient
3843.0,Sangli,1.68,1096.0,511,0.45,3.33,0.79,0.56,0.14,69,120.0,49,21,50.73,0.71,0.49,0.31,Nutrient Excess
836.0,Sangli,1.57,1097.0,711,0.32,2.15,0.99,0.46,0.16,96,134.0,72,26,52.63,0.5,0.45,0.39,Nutrient Deficient
2386.0,Sangli,0.84,813.0,678,0.25,1.03,1.09,0.37,0.16,62,76.0,76,12,45.11,0.72,0.3,0.19,Nutrient Deficient
4127.0,Sangli,1.12,1087.0,511,0.32,3.01,0.89,0.28,0.12,67,179.0,193,28,41.28,0.47,0.35,0.16,Nutrient Deficient
2074.0,Sangli,1.62,1085.0,609,0.63,3.78,0.92,0.35,0.14,51,134.0,132,38,54.12,0.51,0.43,0.39,Nutrient Deficient
924.0,Pune,1.06,1460.0,792,0.36,2.43,0.66,0.31,0.19,46,56.0,62,14,61.18,0.56,0.23,0.14,Nutrient Deficient
1940.0,Sangli,1.16,1017.0,711,0.32,2.66,0.56,0.26,0.15,71,52.0,97,24,43.16,0.38,0.21,0.14,Nutrient Deficient
4287.0,Pune,1.74,1460.0,611,0.51,3.08,1.16,0.35,0.13,81,116.0,163,12,52.64,0.53,0.2,0.21,Nutrient Deficient
2369.0,Sangli,1.29,1331.0,471,0.42,2.55,1.09,0.56,0.14,55,102.0,164,24,47.12,0.5,0.43,0.4,Nutrient Deficient
4143.0,Pune,1.74,896.0,788,0.35,1.05,0.74,0.4,0.14,55,140.0,124,34,43.88,0.71,0.27,0.21,Nutrient Deficient
758.0,Sangli,1.74,1335.0,678,0.61,1.27,0.57,0.35,0.14,101,107.0,146,36,39.57,0.52,0.38,0.19,Nutrient Deficient
2596.0,Sangli,0.84,1020.0,678,0.19,1.64,0.97,0.41,0.15,61,104.0,54,14,54.18,0.53,0.13,0.27,Nutrient Deficient
870.0,Sangli,1.47,960.0,460,0.46,3.02,0.63,0.41,0.12,51,142.0,121,17,47.18,0.41,0.41,0.35,Nutrient Deficient
202.0,Sangli,1.16,907.0,301,0.35,1.6,0.74,0.38,0.16,92,90.0,140,58,47.98,0.67,0.23,0.19,Nutrient Deficient
1393.0,Sangli,1.46,1012.0,463,0.5,3.14,1.46,0.41,0.17,94,160.0,90,89,54.16,0.41,0.39,0.19,Nutrient Deficient
3593.0,Sangli,1.79,1280.0,711,0.22,2.07,1.36,0.42,0.13,69,71.0,140,50,48.96,0.7,0.25,0.28,Nutrient Deficient
2634.0,Sangli,1.4,1095.0,783,0.31,3.02,0.76,0.29,0.11,38,90.0,61,17,56.18,0.46,0.33,0.39,Nutrient Deficient
366.0,Sangli,1.37,1034.0,400,0.45,2.66,1.22,0.41,0.11,58,91.0,110,98,50.61,0.44,0.36,0.21,Nutrient Deficient
4487.0,Pune,1.0,945.0,509,0.51,3.62,1.17,0.44,0.2,44,33.0,113,43,54.21,0.63,0.18,0.29,Nutrient Deficient
1200.0,Sangli,1.01,1160.0,588,0.48,3.21,2.46,0.61,0.13,95,76.0,129,51,58.66,0.47,0.48,0.35,Nutrient Deficient
4614.0,Pune,1.06,790.0,409,0.35,2.95,0.81,0.47,0.14,44,85.0,77,37,52.64,0.54,0.29,0.28,Nutrient Deficient
98.0,Sangli,1.45,1044.0,343,0.32,1.51,0.66,0.38,0.13,62,82.0,46,10,45.74,0.71,0.21,0.071,Nutrient Deficient
3341.0,Sangli,1.43,1354.0,417,0.52,2.48,0.91,0.24,0.15,53,56.0,131,33,47.69,0.63,0.27,0.17,Nutrient Deficient
1656.0,Sangli,1.0,1174.0,671,0.33,2.4,1.22,0.52,0.15,62,143.0,131,69,53.66,0.54,0.26,0.21,Nutrient Deficient
846.0,Pune,1.29,1475.0,762,0.36,2.75,0.8,0.45,0.1,105,160.0,79,19,54.37,0.43,0.25,0.7,Toxicity Risk
2801.0,Sangli,1.73,964.0,612,0.52,1.9,1.08,0.53,0.14,85,79.0,132,13,51.78,0.59,0.21,0.16,Balanced / Optimal
1075.0,Sangli,1.62,1285.0,609,0.51,3.72,1.23,0.55,0.16,137,80.0,148,91,60.13,0.44,0.43,0.33,Nutrient Excess
4171.0,Pune,1.21,1314.0,666,0.31,3.95,1.19,0.4,0.13,99,158.0,179,87,52.95,0.42,0.47,0.39,Nutrient Deficient
4401.0,Pune,1.29,1105.0,613,0.27,1.69,1.82,0.6,0.15,198,161.0,213,39,44.33,0.47,0.46,0.45,Nutrient Deficient
4975.0,Solapur,2.11,1351.0,715,0.64,2.31,1.06,0.51,0.15,56,109.0,113,107,51.29,0.42,0.46,0.28,Nutrient Excess
2307.0,Sangli,1.29,870.0,611,0.39,1.39,0.95,0.36,0.1,75,49.0,97,261,40.8,0.51,0.2,0.19,Nutrient Deficient
3112.0,Sangli,1.73,1343.0,518,0.67,2.2,0.65,0.28,0.16,56,71.0,60,40,41.7,0.41,0.25,0.14,Nutrient Deficient
4674.0,Pune,1.34,1237.0,711,0.3,1.21,0.66,0.38,0.14,62,116.0,74,12,42.74,0.5,0.44,0.47,Nutrient Deficient
225.0,Satara,1.06,753.0,511,0.47,1.69,1.39,0.59,0.14,86,92.0,97,43,44.68,0.71,0.27,0.28,Nutrient Deficient
283.0,Sangli,1.43,1207.0,611,0.41,1.87,0.7,0.38,0.13,62,59.0,54,72,56.09,0.47,0.13,0.27,Nutrient Deficient
1692.0,Sangli,1.23,1215.0,612,0.21,1.23,0.63,0.36,0.13,61,98.0,63,15,53.66,0.56,0.17,0.15,Nutrient Deficient
4626.0,Pune,1.29,1217.0,570,0.42,1.37,0.53,0.24,0.12,55,94.0,44,48,51.17,0.43,0.28,0.19,Nutrient Deficient
3277.0,Sangli,1.69,1296.0,912,0.22,2.66,1.07,0.45,0.13,72,43.0,38,9,41.2,0.51,0.21,0.21,Nutrient Deficient
2607.0,Sangli,1.97,913.0,701,0.45,3.28,1.09,0.44,0.16,57,82.0,62,35,56.96,0.51,0.31,0.21,Nutrient Deficient
1981.0,Sangli,0.79,1126.0,601,0.36,2.4,1.47,0.61,0.13,76,143.0,94,9,46.12,0.43,0.48,0.23,Nutrient Deficient
978.0,Pune,1.85,1420.0,871,0.51,2.81,0.97,0.4,0.16,116,109.0,203,19,50.66,0.47,0.46,0.43,Nutrient Deficient
3973.0,Sangli,1.27,760.0,474,0.7,3.24,2.64,0.67,0.13,76,98.0,104,193,54.37,0.4,0.44,0.28,Nutrient Deficient
5121.0,Solapur,1.37,1545.0,478,0.59,2.59,1.06,0.61,0.1,46,61.0,90,27,41.07,0.51,0.18,0.14,Nutrient Excess
760.0,Sangli,1.29,945.0,651,0.52,2.1,0.86,0.35,0.13,46,55.0,69,58,41.57,0.51,0.22,0.23,Nutrient Deficient
576.0,Sangli,1.12,1079.0,433,0.72,2.34,1.44,0.56,0.14,115,133.0,93,17,50.92,0.47,0.21,0.26,Nutrient Deficient
3122.0,Sangli,1.96,1215.0,517,0.33,1.31,0.8,0.36,0.13,194,174.0,111,19,39.12,0.49,0.35,0.4,Nutrient Deficient
3617.0,Sangli,1.06,1070.0,392,0.68,2.39,0.53,0.21,0.17,36,51.0,92,32,58.68,0.48,0.19,0.14,Nutrient Deficient
1835.0,Sangli,1.12,1101.0,671,0.83,3.25,0.76,0.52,0.14,54,148.0,126,40,56.87,0.46,0.28,0.31,Nutrient Deficient
3534.0,Sangli,0.78,800.0,401,0.42,2.43,2.85,0.61,0.12,167,82.0,108,37,54.32,0.54,0.25,0.21,Nutrient Deficient
5211.0,Satara,1.06,753.0,500,0.46,1.64,1.39,0.59,0.14,85,92.0,96,43,44.72,0.71,0.27,0.28,Nutrient Deficient
2030.0,Sangli,1.23,909.0,601,0.45,1.19,1.09,0.39,0.1,70,46.0,125,74,46.12,0.61,0.3,0.16,Nutrient Deficient
3406.0,Sangli,1.4,1278.0,511,0.3,3.05,0.61,0.23,0.14,73,95.0,77,24,42.63,0.51,0.24,0.14,Nutrient Deficient
3219.0,Sangli,1.37,1215.0,667,0.45,1.95,1.37,0.6,0.14,76,99.0,116,66,40.77,0.46,0.21,0.17,Balanced / Optimal
3626.0,Sangli,1.17,1218.0,613,0.43,2.79,1.15,0.4,0.14,119,74.0,282,34,52.71,0.39,0.44,0.19,Nutrient Deficient
4740.0,Pune,1.37,948.0,472,0.51,2.7,1.2,0.55,0.21,36,65.0,51,21,56.14,0.51,0.34,0.21,Nutrient Excess
2109.0,Sangli,0.84,820.0,659,0.24,1.75,0.88,0.46,0.13,47,212.0,127,32,46.81,0.56,0.32,0.14,Nutrient Deficient
2130.0,Sangli,0.95,847.0,472,0.5,1.58,1.19,0.33,0.13,80,66.0,111,12,41.57,0.52,0.31,0.46,Nutrient Deficient
1482.0,Sangli,1.32,820.0,609,0.38,2.19,0.9,0.46,0.16,69,41.0,85,23,50.05,0.44,0.29,0.29,Nutrient Deficient
4388.0,Pune,1.12,907.0,617,0.44,2.82,1.0,0.38,0.13,73,87.0,96,214,57.93,0.48,0.25,0.33,Nutrient Deficient
5174.0,Solapur,1.06,897.0,470,0.24,2.3,0.49,0.23,0.12,104,51.0,89,9,50.72,0.39,0.42,0.31,Nutrient Deficient
5095.0,Solapur,1.27,859.0,493,0.37,2.73,0.48,0.17,0.13,53,21.0,59,11,43.68,0.47,0.29,0.43,Nutrient Deficient
4306.0,Pune,0.99,991.0,693,0.27,1.45,0.98,0.68,0.17,63,105.0,39,11,47.64,0.47,0.43,0.24,Nutrient Deficient
3371.0,Sangli,1.29,857.0,776,0.25,2.82,1.69,0.39,0.12,106,118.0,134,29,53.7,0.4,0.43,0.28,Nutrient Deficient
2025.0,Sangli,1.56,1000.0,664,0.5,0.95,1.05,0.46,0.18,198,91.0,121,51,44.69,0.41,0.23,0.17,Nutrient Deficient
2638.0,Sangli,1.6,1490.0,489,0.26,2.09,3.04,0.79,0.16,244,246.0,136,67,49.72,0.51,0.46,0.43,Nutrient Deficient
4162.0,Pune,0.78,855.0,417,0.44,2.16,1.83,0.62,0.12,51,116.0,43,13,59.12,0.52,0.13,0.12,Nutrient Deficient
4640.0,Pune,1.37,1272.0,408,0.52,2.3,1.16,0.44,0.14,54,136.0,164,65,51.19,0.43,0.38,0.24,Nutrient Deficient
2354.0,Sangli,1.32,1070.0,872,0.18,1.42,1.22,0.4,0.12,82,84.0,107,17,50.16,0.49,0.38,0.39,Nutrient Deficient
1838.0,Sangli,0.9,1125.0,571,0.6,3.6,1.26,0.67,0.17,80,125.0,184,110,47.83,0.41,0.38,0.21,Nutrient Deficient
365.0,Sangli,1.43,1310.0,711,0.29,2.82,1.16,0.52,0.12,57,72.0,98,55,47.12,0.43,0.35,0.29,Nutrient Deficient
3998.0,Sangli,1.23,893.0,714,0.44,2.0,1.28,0.65,0.14,116,205.0,137,38,54.63,0.52,0.36,0.26,Nutrient Deficient
2076.0,Sangli,0.78,840.0,301,0.38,2.78,1.51,0.31,0.13,79,156.0,120,41,50.59,0.71,0.25,0.14,Nutrient Deficient
3077.0,Sangli,1.12,1211.0,669,0.3,2.87,1.19,0.59,0.14,154,147.0,78,9,61.17,0.52,0.32,0.29,Nutrient Deficient
462.0,Sangli,1.11,986.0,366,0.62,2.95,0.95,0.4,0.13,45,71.0,73,11,51.66,0.47,0.3,0.21,Nutrient Deficient
3483.0,Sangli,1.69,900.0,343,0.42,1.05,1.47,0.59,0.16,77,144.0,104,66,58.69,0.44,0.45,0.14,Nutrient Deficient
4045.0,Sangli,1.11,1207.0,501,0.32,2.27,1.16,0.43,0.14,72,58.0,53,26,51.66,0.49,0.23,0.27,Nutrient Deficient
720.0,Pune,1.6,1340.0,678,0.54,1.35,0.91,0.41,0.15,50,120.0,200,17,41.09,0.52,0.17,0.38,Nutrient Deficient
1964.0,Sangli,1.84,1470.0,518,0.39,1.08,1.09,0.42,0.14,85,190.0,95,34,54.11,0.49,0.25,0.5,Toxicity Risk
1633.0,Sangli,1.23,857.0,418,0.21,0.95,0.65,0.29,0.12,64,100.0,101,15,46.13,0.38,0.31,0.21,Nutrient Deficient
4433.0,Pune,1.17,1322.0,789,0.34,2.02,0.89,0.48,0.13,84,127.0,109,24,51.96,0.43,0.13,0.32,Nutrient Deficient
4905.0,Pune,1.06,1124.0,715,0.46,1.4,2.01,0.62,0.17,75,178.0,163,33,47.11,0.54,0.31,0.43,Nutrient Deficient
4581.0,Pune,1.16,792.0,469,0.36,1.91,1.61,0.61,0.13,71,95.0,166,62,43.66,0.41,0.25,0.21,Nutrient Deficient
4787.0,Pune,1.68,1450.0,717,0.2,1.66,0.89,0.46,0.17,46,87.0,63,21,46.33,0.66,0.43,0.25,Nutrient Deficient
4021.0,Sangli,1.64,926.0,571,0.64,3.12,0.98,0.47,0.13,145,141.0,128,70,50.63,0.51,0.26,0.29,Nutrient Deficient
2456.0,Sangli,1.57,906.0,517,0.37,3.1,1.51,0.41,0.1,49,99.0,39,12,54.13,0.53,0.14,0.19,Nutrient Deficient
3259.0,Sangli,1.43,800.0,631,0.29,1.5,2.92,0.71,0.14,79,210.0,84,23,57.81,0.51,0.32,0.19,Nutrient Deficient
2657.0,Sangli,1.68,1075.0,896,0.63,2.34,0.93,0.43,0.13,61,127.0,142,27,47.79,0.4,0.5,0.47,Toxicity Risk
41.0,Sangli,1.12,1125.0,471,0.42,1.35,1.94,0.45,0.16,379,61.0,66,57,49.71,0.43,0.37,0.28,Nutrient Deficient
3342.0,Sangli,1.79,1208.0,512,0.32,1.96,1.35,0.43,0.14,57,174.0,63,12,44.13,0.41,0.36,0.35,Nutrient Deficient
4533.0,Pune,1.01,1450.0,588,0.14,2.75,1.34,0.52,0.16,58,125.0,139,25,73.36,0.39,0.39,0.19,Nutrient Deficient
4609.0,Pune,1.18,1221.0,391,0.27,2.9,2.84,0.59,0.16,194,123.0,121,102,43.78,0.38,0.23,0.14,Nutrient Deficient
1376.0,Sangli,1.68,1020.0,617,0.31,2.78,1.07,0.5,0.15,49,252.0,76,239,39.41,0.47,0.19,0.35,Nutrient Deficient
3946.0,Sangli,1.38,1490.0,768,0.67,1.7,0.66,0.3,0.17,72,37.0,78,16,47.12,0.71,0.23,0.19,Nutrient Deficient
1942.0,Sangli,1.23,875.0,578,0.37,1.95,1.03,0.41,0.19,41,73.0,49,17,42.66,0.49,0.22,0.28,Nutrient Deficient
5024.0,Solapur,0.95,1451.0,467,0.31,2.44,0.58,0.31,0.11,65,19.0,67,13,39.66,0.49,0.3,0.31,Nutrient Deficient
2614.0,Sangli,1.32,1460.0,363,0.61,2.39,0.84,0.47,0.16,145,176.0,117,15,39.57,0.38,0.29,0.28,Nutrient Deficient
3615.0,Sangli,1.59,1475.0,711,0.42,3.02,1.3,0.52,0.14,99,94.0,54,11,58.68,0.43,0.35,0.43,Nutrient Excess
193.0,Sangli,1.49,1077.0,788,0.19,1.3,0.86,0.44,0.13,47,103.0,86,34,49.84,0.59,0.27,0.19,Nutrient Deficient
1909.0,Sangli,1.43,896.0,701,0.5,2.17,1.15,0.47,0.14,57,91.0,119,19,50.25,0.37,0.48,0.21,Nutrient Deficient
3805.0,Sangli,1.28,913.0,671,0.33,1.87,0.98,0.4,0.13,42,100.0,68,17,44.63,0.49,0.26,0.19,Nutrient Deficient
2169.0,Sangli,1.64,1280.0,882,0.46,3.25,0.81,0.28,0.16,64,112.0,178,45,52.64,0.51,0.32,0.21,Nutrient Deficient
1433.0,Sangli,1.84,1086.0,335,0.41,2.2,0.96,0.49,0.14,62,105.0,108,44,45.38,0.51,0.27,0.19,Nutrient Deficient
2285.0,Sangli,1.0,815.0,392,0.6,2.99,1.58,0.61,0.14,81,104.0,114,31,59.08,0.43,0.28,0.39,Nutrient Deficient
3622.0,Sangli,1.11,997.0,813,0.28,2.3,1.03,0.55,0.12,54,88.0,76,23,52.64,0.52,0.16,0.16,Nutrient Deficient
460.0,Sangli,0.96,829.0,617,0.39,2.04,1.3,0.56,0.12,51,84.0,85,9,40.18,0.41,0.32,0.19,Nutrient Deficient
2930.0,Sangli,1.62,883.0,367,0.56,3.11,0.81,0.35,0.16,81,73.0,116,26,45.12,0.54,0.22,0.17,Nutrient Deficient
1254.0,Sangli,1.74,1091.0,498,0.32,0.68,0.64,0.35,0.13,51,99.0,62,28,46.12,0.57,0.19,0.14,Nutrient Deficient
1573.0,Sangli,1.49,1197.0,711,0.48,2.05,1.23,0.37,0.16,55,27.0,93,21,56.65,0.54,0.2,0.35,Nutrient Deficient
1029.0,Sangli,1.06,1200.0,401,0.25,2.23,0.88,0.32,0.16,79,46.0,57,11,56.66,0.54,0.14,0.21,Nutrient Deficient
1374.0,Sangli,1.12,1025.0,517,0.45,1.76,0.99,0.49,0.1,73,35.0,76,36,48.95,0.47,0.27,0.15,Nutrient Deficient
2977.0,Sangli,1.21,1297.0,912,0.56,2.97,1.47,0.52,0.16,94,141.0,175,140,46.78,0.5,0.28,0.35,Nutrient Deficient
3464.0,Sangli,1.06,905.0,709,0.23,2.17,0.99,0.51,0.13,47,210.0,116,22,40.71,0.47,0.25,0.21,Nutrient Deficient
1650.0,Sangli,1.11,1046.0,712,0.43,1.42,1.04,0.5,0.15,76,104.0,251,22,54.77,0.53,0.54,0.21,Toxicity Risk
3815.0,Sangli,1.22,996.0,561,0.36,1.83,1.78,0.64,0.16,206,203.0,91,67,41.36,0.46,0.43,0.21,Nutrient Deficient
5152.0,Solapur,1.16,769.0,617,0.28,1.27,1.18,0.41,0.12,71,71.0,96,15,46.19,0.63,0.28,0.38,Nutrient Deficient
4805.0,Pune,1.23,995.0,608,0.36,2.05,1.85,0.59,0.1,196,119.0,91,21,44.04,0.61,0.28,0.21,Nutrient Deficient
3851.0,Sangli,1.11,1183.0,509,0.45,2.05,1.07,0.45,0.16,75,112.0,120,95,56.94,0.54,0.21,0.21,Nutrient Deficient
1465.0,Sangli,1.53,1213.0,663,0.68,2.56,1.33,0.3,0.14,62,57.0,121,43,47.12,0.41,0.27,0.14,Nutrient Deficient
3577.0,Sangli,1.69,993.0,653,0.39,2.2,0.87,0.36,0.17,92,47.0,83,19,56.96,0.42,0.25,0.16,Nutrient Deficient
996.0,Sangli,1.85,1278.0,703,0.44,3.62,0.93,0.25,0.16,53,82.0,69,12,54.12,0.51,0.16,0.21,Nutrient Deficient
3906.0,Sangli,0.95,870.0,588,0.83,2.09,0.87,0.41,0.14,64,36.0,53,58,54.76,0.41,0.41,0.1,Nutrient Deficient
3780.0,Sangli,1.12,924.0,629,0.3,1.66,1.13,0.53,0.12,54,84.0,63,17,38.66,0.63,0.24,0.14,Nutrient Deficient
2940.0,Sangli,1.72,1046.0,711,0.61,1.87,1.17,0.65,0.12,71,102.0,125,22,41.16,0.43,0.32,0.21,Balanced / Optimal
3879.0,Sangli,0.95,792.0,711,0.26,2.39,1.19,0.49,0.13,54,146.0,42,28,47.67,0.51,0.35,0.39,Nutrient Deficient
1842.0,Sangli,1.12,957.0,663,0.31,1.44,1.19,0.48,0.13,87,101.0,80,26,44.63,0.57,0.26,0.14,Nutrient Deficient
1328.0,Sangli,1.06,1297.0,711,0.33,4.02,0.99,0.43,0.16,66,414.0,100,97,40.05,0.26,0.46,0.43,Nutrient Deficient
2061.0,Sangli,1.43,1291.0,729,0.62,3.94,1.02,0.39,0.15,60,44.0,89,49,57.83,0.47,0.46,0.31,Nutrient Deficient
3766.0,Sangli,1.34,1112.0,350,0.57,2.74,0.85,0.43,0.15,60,135.0,97,26,50.71,0.43,0.25,0.14,Nutrient Deficient
3365.0,Sangli,1.46,1271.0,417,0.38,3.62,2.39,0.6,0.15,101,27.0,58,25,69.05,0.54,0.46,0.24,Nutrient Deficient
3477.0,Sangli,1.34,1141.0,512,0.49,3.2,1.58,0.5,0.12,88,83.0,103,27,58.68,0.47,0.49,0.43,Nutrient Deficient
1877.0,Sangli,1.21,1074.0,423,0.42,2.3,1.66,0.66,0.15,71,242.0,70,12,52.18,0.51,0.26,0.14,Nutrient Deficient
1173.0,Sangli,0.84,975.0,511,0.53,2.35,1.82,0.54,0.16,96,88.0,109,15,61.12,0.51,0.38,0.35,Nutrient Deficient
2457.0,Sangli,1.06,896.0,474,0.35,2.14,0.96,0.38,0.16,64,50.0,85,10,50.05,0.54,0.36,0.29,Nutrient Deficient
1180.0,Pune,0.73,1460.0,406,0.35,3.96,1.55,0.55,0.14,123,144.0,140,25,50.12,0.53,0.44,0.33,Nutrient Deficient
1763.0,Sangli,1.43,830.0,692,0.38,1.76,0.71,0.41,0.15,52,112.0,142,35,46.6,0.47,0.24,0.29,Nutrient Deficient
4646.0,Pune,1.27,1056.0,571,0.52,1.21,0.81,0.43,0.15,141,105.0,163,55,50.15,0.48,0.24,0.45,Nutrient Deficient
3166.0,Sangli,0.82,800.0,456,0.47,2.35,1.29,0.51,0.16,54,110.0,216,120,51.66,0.46,0.53,0.26,Toxicity Risk
661.0,Pune,1.53,1018.0,453,0.6,2.59,0.59,0.19,0.15,73,45.0,112,26,40.56,0.44,0.25,0.24,Nutrient Deficient
3840.0,Sangli,1.11,862.0,692,0.34,2.34,1.32,0.61,0.1,67,90.0,98,52,56.84,0.51,0.22,0.21,Nutrient Deficient
561.0,Sangli,1.27,1111.0,711,0.55,3.31,1.88,0.62,0.17,126,143.0,158,256,54.16,0.38,0.31,0.25,Nutrient Deficient
899.0,Sangli,1.12,1480.0,912,0.39,2.91,0.91,0.35,0.16,70,98.0,119,19,43.66,0.51,0.32,0.35,Nutrient Deficient
4909.0,Pune,1.27,812.0,413,0.4,2.32,0.61,0.15,0.14,73,39.0,53,19,50.68,0.53,0.46,0.31,Nutrient Deficient
1033.0,Sangli,2.07,1490.0,512,0.44,3.94,0.99,0.4,0.13,51,101.0,97,10,48.12,0.52,0.32,0.35,Nutrient Deficient
4868.0,Pune,1.16,950.0,415,0.37,1.21,0.97,0.41,0.1,65,146.0,101,47,42.63,0.39,0.39,0.28,Nutrient Deficient
1826.0,Sangli,1.22,1335.0,543,0.44,1.55,0.87,0.47,0.14,67,85.0,92,18,43.92,0.48,0.25,0.27,Nutrient Deficient
2515.0,Sangli,1.29,1297.0,612,0.37,2.3,2.21,0.58,0.14,78,107.0,82,204,49.19,0.52,0.47,0.25,Nutrient Deficient
4353.0,Pune,1.12,855.0,512,0.62,3.2,1.79,0.74,0.17,79,39.0,103,24,51.63,0.61,0.35,0.21,Nutrient Deficient
3380.0,Sangli,0.9,1005.0,417,0.41,2.6,3.03,0.69,0.16,90,74.0,105,138,56.13,0.57,0.23,0.21,Nutrient Deficient
2690.0,Sangli,1.06,1026.0,875,0.27,2.51,1.02,0.37,0.14,51,148.0,134,121,52.64,0.52,0.15,0.28,Nutrient Deficient
4426.0,Pune,0.84,808.0,389,0.29,2.44,1.21,0.4,0.16,50,63.0,107,106,57.47,0.43,0.21,0.21,Nutrient Deficient
4392.0,Pune,0.95,949.0,420,0.46,3.28,1.17,0.41,0.13,50,97.0,47,27,54.79,0.41,0.25,0.14,Nutrient Deficient
5096.0,Solapur,1.47,997.0,478,0.46,1.08,1.06,0.61,0.14,80,93.0,115,39,45.92,0.47,0.21,0.28,Nutrient Deficient
3375.0,Sangli,1.74,1490.0,611,0.29,3.82,0.86,0.4,0.15,52,71.0,152,26,51.66,0.51,0.39,0.43,Nutrient Deficient
37.0,Sangli,1.4,1091.0,494,0.62,1.25,1.18,0.51,0.12,197,51.0,93,21,50.61,0.47,0.32,0.27,Balanced / Optimal
453.0,Sangli,0.9,792.0,471,0.32,4.04,2.99,0.74,0.13,62,154.0,134,34,46.84,0.57,0.3,0.21,Nutrient Deficient
1952.0,Sangli,1.23,1097.0,433,0.55,1.85,1.59,0.57,0.13,37,56.0,78,33,51.17,0.47,0.31,0.16,Nutrient Deficient
4311.0,Pune,1.06,947.0,771,0.27,2.0,1.89,0.51,0.16,69,41.0,137,240,56.18,0.49,0.27,0.21,Nutrient Deficient
4597.0,Pune,1.29,1465.0,528,0.24,3.61,0.99,0.37,0.1,155,186.0,49,40,56.18,0.58,0.27,0.14,Nutrient Deficient
2659.0,Sangli,1.29,881.0,512,0.2,2.67,1.08,0.56,0.12,82,45.0,126,29,47.12,0.47,0.27,0.21,Nutrient Deficient
4442.0,Pune,1.34,1199.0,511,0.54,3.25,1.34,0.39,0.15,65,45.0,84,103,51.66,0.47,0.29,0.19,Nutrient Deficient
53.0,Sangli,1.4,1121.0,453,0.33,2.95,1.18,0.54,0.15,53,48.0,51,20,41.42,0.41,0.1,0.14,Nutrient Deficient
2889.0,Sangli,1.23,1020.0,653,0.67,2.54,0.99,0.58,0.13,68,88.0,80,24,46.6,0.54,0.25,0.21,Nutrient Deficient
3207.0,Sangli,1.34,1106.0,671,0.43,2.79,1.17,0.44,0.16,37,103.0,67,53,40.63,0.43,0.37,0.26,Nutrient Deficient
2154.0,Sangli,1.51,824.0,601,0.63,0.97,0.62,0.38,0.15,62,88.0,147,26,39.74,0.47,0.27,0.25,Nutrient Deficient
1434.0,Sangli,1.48,1250.0,678,0.52,1.03,1.19,0.39,0.16,48,168.0,49,31,44.74,0.51,0.43,0.28,Nutrient Deficient
1325.0,Sangli,1.43,1075.0,678,0.44,1.73,1.59,0.51,0.15,52,128.0,58,204,52.78,0.47,0.32,0.14,Balanced / Optimal
2117.0,Sangli,1.12,1196.0,689,0.42,3.42,1.22,0.37,0.17,57,40.0,242,19,54.37,0.4,0.36,0.24,Nutrient Deficient
3635.0,Sangli,1.4,840.0,498,0.32,2.28,0.89,0.41,0.13,65,146.0,118,21,49.88,0.47,0.21,0.31,Nutrient Deficient
2089.0,Sangli,1.68,1140.0,598,0.4,1.98,1.07,0.41,0.16,120,182.0,192,19,53.74,0.49,0.32,0.21,Nutrient Deficient
4884.0,Pune,1.12,943.0,468,0.31,2.72,1.95,0.41,0.12,134,85.0,128,25,56.18,0.52,0.43,0.32,Nutrient Deficient
1161.0,Sangli,1.12,1215.0,691,0.29,2.56,1.02,0.53,0.14,66,201.0,254,22,51.64,0.52,0.43,0.21,Nutrient Deficient
2576.0,Sangli,1.12,759.0,409,0.48,2.01,1.02,0.53,0.12,77,48.0,114,37,47.88,0.49,0.31,0.16,Nutrient Deficient
3366.0,Sangli,1.48,950.0,384,0.28,1.64,1.07,0.39,0.1,79,53.0,76,12,50.66,0.39,0.33,0.19,Nutrient Deficient
3047.0,Sangli,0.9,846.0,617,0.5,1.62,1.33,0.43,0.16,81,153.0,100,81,49.75,0.52,0.28,0.16,Nutrient Deficient
2304.0,Sangli,1.34,1495.0,680,0.37,2.92,1.49,0.43,0.15,72,57.0,79,17,49.19,0.66,0.29,0.28,Nutrient Deficient
3222.0,Sangli,1.74,1215.0,350,0.57,1.21,0.79,0.48,0.11,80,51.0,34,13,41.66,0.43,0.22,0.19,Nutrient Deficient
3374.0,Sangli,1.62,815.0,399,0.7,1.93,1.04,0.47,0.15,61,54.0,173,20,41.87,0.4,0.27,0.16,Nutrient Deficient
3157.0,Sangli,1.08,1123.0,618,0.21,2.46,1.28,0.5,0.15,73,114.0,145,114,47.66,0.49,0.41,0.26,Nutrient Deficient
4128.0,Sangli,0.84,782.0,691,0.37,1.85,1.41,0.64,0.13,72,120.0,143,41,41.57,0.49,0.35,0.25,Nutrient Deficient
3128.0,Sangli,1.43,1207.0,671,0.47,2.46,1.77,0.46,0.14,73,84.0,70,50,51.17,0.63,0.33,0.35,Nutrient Deficient
1314.0,Sangli,1.06,845.0,384,0.37,1.75,0.98,0.44,0.11,82,50.0,51,13,46.6,0.6,0.22,0.11,Nutrient Deficient
1660.0,Sangli,1.36,1013.0,493,0.69,2.66,1.25,0.51,0.15,274,124.0,280,301,43.78,0.54,0.29,0.43,Nutrient Excess
1932.0,Sangli,1.12,967.0,577,0.57,3.21,0.69,0.49,0.14,35,71.0,60,47,50.6,0.57,0.4,0.21,Nutrient Deficient
4730.0,Pune,1.59,1300.0,400,0.61,3.34,0.91,0.4,0.12,78,69.0,112,52,48.81,0.54,0.46,0.19,Nutrient Deficient
4054.0,Sangli,1.17,957.0,669,0.72,3.34,1.06,0.45,0.1,101,51.0,147,62,60.41,0.56,0.33,0.27,Nutrient Deficient
803.0,Sangli,1.4,1355.0,472,0.29,2.39,1.09,0.44,0.14,76,155.0,117,23,43.66,0.38,0.41,0.16,Nutrient Deficient
3190.0,Sangli,1.46,924.0,469,0.73,3.46,1.69,0.58,0.13,50,49.0,51,307,47.68,0.44,0.23,0.1,Nutrient Excess
1985.0,Sangli,1.51,1123.0,604,0.33,1.35,0.69,0.28,0.13,72,115.0,54,29,45.84,0.54,0.27,0.14,Nutrient Deficient
190.0,Sangli,1.21,997.0,694,0.23,1.38,1.39,0.5,0.1,67,88.0,66,88,52.64,0.6,0.25,0.19,Nutrient Deficient
218.0,Sangli,1.16,997.0,711,0.53,2.12,0.61,0.35,0.15,73,108.0,116,30,47.6,0.53,0.19,0.14,Nutrient Deficient
2147.0,Sangli,1.9,1074.0,613,0.59,0.7,0.59,0.27,0.13,56,19.0,51,9,40.56,0.47,0.22,0.15,Nutrient Deficient
4489.0,Pune,1.2,1076.0,666,0.27,2.95,1.02,0.41,0.11,54,140.0,51,12,51.66,0.54,0.25,0.14,Nutrient Deficient
1280.0,Sangli,0.9,806.0,479,0.52,1.29,0.72,0.27,0.13,35,26.0,75,71,45.06,0.47,0.46,0.21,Nutrient Deficient
4666.0,Pune,1.34,1228.0,518,0.62,2.4,0.76,0.31,0.13,45,38.0,59,24,43.67,0.42,0.43,0.39,Nutrient Deficient
4366.0,Pune,1.75,1475.0,518,0.52,3.69,1.25,0.53,0.13,76,56.0,130,72,46.71,0.5,0.44,0.33,Nutrient Excess
4451.0,Pune,1.83,1209.0,702,0.47,3.61,0.68,0.61,0.15,48,55.0,73,20,64.53,0.41,0.19,0.18,Nutrient Deficient
5080.0,Solapur,1.37,862.0,666,0.41,2.43,1.23,0.51,0.13,81,105.0,123,12,41.71,0.47,0.21,0.28,Nutrient Excess
994.0,Sangli,2.24,1296.0,754,0.32,1.8,1.14,0.32,0.14,62,114.0,77,11,54.81,0.46,0.3,0.14,Nutrient Deficient
2269.0,Sangli,1.74,1044.0,668,0.57,2.42,0.88,0.4,0.12,84,80.0,95,15,57.84,0.54,0.17,0.22,Nutrient Deficient
2858.0,Sangli,1.06,810.0,601,0.31,1.71,0.87,0.36,0.13,45,69.0,99,29,43.66,0.44,0.41,0.31,Nutrient Deficient
2403.0,Sangli,1.29,1125.0,690,0.44,3.98,0.6,0.18,0.14,79,76.0,90,8,46.78,0.43,0.32,0.29,Nutrient Deficient
197.0,Sangli,1.43,1112.0,512,0.44,2.89,0.67,0.3,0.12,58,82.0,100,22,46.09,0.61,0.25,0.18,Nutrient Deficient
1807.0,Sangli,1.12,750.0,509,0.57,1.81,0.98,0.49,0.13,64,124.0,133,57,39.56,0.51,0.23,0.25,Nutrient Deficient
3127.0,Sangli,1.21,1296.0,492,0.46,2.88,1.43,0.54,0.13,71,40.0,70,42,54.63,0.46,0.49,0.16,Nutrient Deficient
5033.0,Solapur,1.32,896.0,797,0.49,2.01,1.12,0.37,0.14,59,109.0,44,12,52.22,0.43,0.19,0.31,Nutrient Deficient
4110.0,Sangli,1.12,994.0,601,0.43,3.33,1.49,0.63,0.14,104,88.0,218,51,51.66,0.53,0.63,0.53,Toxicity Risk
2131.0,Sangli,1.56,1424.0,482,0.43,1.35,1.38,0.47,0.15,40,23.0,113,430,49.89,0.61,0.18,0.07,Nutrient Deficient
4385.0,Pune,1.62,1499.0,617,0.62,2.35,0.97,0.51,0.14,59,116.0,98,47,83.72,0.51,0.18,0.19,Nutrient Excess
4689.0,Pune,1.68,1430.0,491,0.53,2.68,0.63,0.41,0.15,50,103.0,39,20,81.82,0.7,0.24,0.53,Toxicity Risk
331.0,Pune,0.84,807.0,471,0.64,2.26,1.1,0.41,0.16,54,66.0,98,52,49.71,0.41,0.31,0.19,Nutrient Deficient
65.0,Sangli,1.62,1208.0,556,0.24,2.06,1.27,0.5,0.15,132,50.0,33,39,50.05,0.63,0.27,0.21,Nutrient Deficient
4015.0,Sangli,1.4,1278.0,463,0.62,2.76,1.1,0.58,0.14,67,163.0,99,37,40.63,0.42,0.44,0.32,Nutrient Excess
679.0,Sangli,1.8,1355.0,411,0.53,1.93,1.04,0.39,0.1,64,135.0,85,24,39.17,0.47,0.37,0.31,Nutrient Deficient
3149.0,Sangli,0.9,747.0,511,0.38,3.39,0.95,0.37,0.11,49,88.0,53,302,37.11,0.43,0.29,0.35,Nutrient Deficient
1369.0,Sangli,0.95,1041.0,571,0.55,3.11,1.65,0.61,0.17,52,44.0,89,37,47.17,0.52,0.21,0.19,Nutrient Deficient
327.0,Sangli,1.335,1092.0,472,0.39,1.44,0.92,0.46,0.15,55,136.0,86,61,50.18,0.52,0.23,0.15,Nutrient Deficient
1709.0,Sangli,1.96,1038.0,884,0.41,2.39,0.86,0.41,0.15,92,88.0,113,14,52.64,0.49,0.24,0.15,Nutrient Deficient
3671.0,Sangli,1.34,1209.0,674,0.5,2.61,1.39,0.59,0.15,71,226.0,116,22,48.65,0.49,0.29,0.21,Nutrient Excess
3967.0,Sangli,1.11,994.0,511,0.24,1.74,1.23,0.56,0.19,111,72.0,77,26,58.69,0.71,0.14,0.21,Nutrient Deficient
2803.0,Sangli,1.62,996.0,611,0.71,2.59,0.65,0.38,0.13,64,45.0,100,19,51.16,0.58,0.27,0.16,Nutrient Deficient
359.0,Sangli,1.1,1027.0,601,0.4,2.83,1.39,0.47,0.16,106,110.0,111,89,44.74,0.52,0.27,0.25,Nutrient Deficient
3705.0,Sangli,1.28,1250.0,678,0.29,1.63,1.31,0.38,0.14,59,76.0,100,80,51.17,0.41,0.3,0.32,Nutrient Deficient
3161.0,Sangli,1.27,1297.0,507,0.4,1.81,1.48,0.5,0.16,171,95.0,98,24,61.14,0.51,0.27,0.14,Nutrient Deficient
879.0,Sangli,1.86,1025.0,749,0.5,2.35,0.89,0.61,0.13,50,88.0,82,11,40.11,0.44,0.43,0.43,Nutrient Excess
448.0,Sangli,1.11,997.0,366,0.42,2.28,0.73,0.38,0.13,41,146.0,78,110,46.12,0.36,0.38,0.19,Nutrient Deficient
2478.0,Sangli,1.73,1159.0,392,0.52,3.24,1.2,0.43,0.15,96,50.0,40,19,56.18,0.43,0.19,0.19,Nutrient Deficient
4486.0,Pune,1.74,1500.0,711,0.72,2.97,1.02,0.54,0.16,53,77.0,71,17,54.11,0.41,0.45,0.35,Nutrient Excess
1082.0,Pune,1.12,1060.0,712,0.13,1.24,1.7,0.62,0.17,118,90.0,121,19,44.74,0.44,0.47,0.14,Nutrient Deficient
818.0,Solapur,0.9,810.0,411,0.19,1.71,1.32,0.35,0.15,48,46.0,74,7,42.71,0.42,0.26,0.31,Nutrient Deficient
87.0,Sangli,1.12,1127.0,357,0.53,2.79,1.32,0.47,0.16,62,71.0,60,21,50.05,0.58,0.23,0.21,Nutrient Deficient
2422.0,Sangli,1.34,1400.0,711,0.31,2.13,1.35,0.45,0.15,58,123.0,125,8,59.53,0.71,0.14,0.19,Nutrient Deficient
2516.0,Sangli,1.46,897.0,471,0.45,1.9,1.34,0.46,0.13,61,138.0,97,22,42.67,0.42,0.37,0.26,Nutrient Deficient
2779.0,Sangli,1.06,929.0,722,0.57,3.57,1.68,0.6,0.13,78,143.0,123,65,54.16,0.54,0.44,0.27,Nutrient Deficient
188.0,Sangli,1.37,1096.0,638,0.35,1.46,1.39,0.48,0.12,52,66.0,62,14,57.82,0.51,0.26,0.28,Nutrient Deficient
2313.0,Sangli,1.96,1290.0,825,0.55,2.23,0.64,0.34,0.12,57,72.0,138,18,47.13,0.4,0.42,0.5,Toxicity Risk
2020.0,Sangli,1.12,789.0,398,0.3,2.31,0.89,0.32,0.13,131,41.0,100,26,59.12,0.53,0.25,0.21,Nutrient Deficient
3650.0,Sangli,1.12,900.0,492,0.32,2.93,0.89,0.36,0.13,51,131.0,70,15,45.74,0.47,0.49,0.48,Nutrient Deficient
1373.0,Sangli,1.62,1055.0,474,0.61,3.0,0.86,0.39,0.14,71,61.0,157,19,40.12,0.46,0.17,0.15,Nutrient Deficient
4437.0,Pune,1.33,1450.0,460,0.46,2.26,1.34,0.58,0.16,92,135.0,111,25,56.81,0.46,0.29,0.35,Nutrient Excess
3331.0,Sangli,1.21,1298.0,512,0.5,2.91,1.54,0.61,0.16,71,75.0,112,54,62.14,0.53,0.32,0.21,Nutrient Deficient
3864.0,Sangli,1.73,1650.0,678,0.45,1.71,1.49,0.57,0.11,88,100.0,109,31,48.71,0.42,0.31,0.35,Balanced / Optimal
1822.0,Sangli,1.62,891.0,392,0.38,2.06,1.04,0.48,0.14,70,72.0,116,92,45.12,0.51,0.24,0.14,Nutrient Deficient
2144.0,Sangli,0.9,905.0,405,0.39,2.93,1.39,0.54,0.17,58,162.0,98,319,51.78,0.39,0.3,0.14,Nutrient Deficient
3239.0,Sangli,1.69,874.0,785,0.18,3.52,0.76,0.5,0.13,105,39.0,104,27,51.78,0.52,0.43,0.29,Nutrient Deficient
111.0,Sangli,1.23,787.0,374,0.42,1.15,1.54,0.71,0.15,100,101.0,103,57,52.08,0.63,0.21,0.21,Nutrient Deficient
3783.0,Sangli,1.32,995.0,478,0.53,1.51,1.31,0.5,0.13,54,155.0,54,42,46.11,0.48,0.16,0.14,Nutrient Deficient
4459.0,Pune,0.95,1164.0,406,0.48,1.95,1.82,0.45,0.13,113,56.0,155,27,41.44,0.51,0.45,0.17,Nutrient Deficient
2600.0,Sangli,1.12,875.0,543,0.42,0.95,1.08,0.54,0.14,62,43.0,92,17,44.8,0.51,0.31,0.31,Nutrient Deficient
1683.0,Sangli,1.96,1013.0,611,0.63,2.88,1.47,0.42,0.14,69,140.0,112,61,47.12,0.48,0.23,0.15,Nutrient Deficient
2842.0,Sangli,1.06,1071.0,612,0.25,1.74,0.78,0.3,0.13,49,85.0,106,26,50.64,0.48,0.23,0.14,Nutrient Deficient
2047.0,Sangli,0.95,1195.0,471,0.39,1.81,1.13,0.5,0.17,62,187.0,59,12,44.01,0.58,0.2,0.14,Nutrient Deficient
5140.0,Solapur,1.06,875.0,449,0.48,3.06,1.14,0.51,0.13,68,99.0,99,12,44.81,0.51,0.34,0.32,Nutrient Deficient
3687.0,Sangli,0.9,1000.0,398,0.38,1.91,2.09,0.5,0.15,73,68.0,86,52,41.78,0.51,0.27,0.28,Nutrient Deficient
1745.0,Sangli,1.4,1027.0,883,0.29,2.41,1.02,0.47,0.14,94,133.0,94,12,45.72,0.43,0.43,0.31,Nutrient Deficient
4539.0,Pune,1.62,1096.0,412,0.35,2.1,2.06,0.68,0.16,65,63.0,60,48,58.09,0.57,0.19,0.14,Nutrient Deficient
2696.0,Sangli,1.43,1206.0,474,0.42,1.43,1.47,0.39,0.14,92,245.0,112,372,40.6,0.51,0.2,0.33,Nutrient Deficient
4419.0,Pune,1.43,1460.0,626,0.37,2.33,1.15,0.46,0.14,191,146.0,78,74,45.03,0.46,0.36,0.43,Nutrient Deficient
1384.0,Sangli,1.68,990.0,711,0.49,1.39,1.25,0.41,0.12,129,104.0,78,22,52.64,0.41,0.26,0.21,Nutrient Deficient
1639.0,Sangli,1.27,1046.0,405,0.41,1.21,0.86,0.29,0.13,51,135.0,101,12,49.12,0.49,0.31,0.15,Nutrient Deficient
989.0,Solapur,2.18,1490.0,917,0.58,3.0,1.06,0.44,0.17,74,106.0,101,49,49.7,0.47,0.25,0.21,Nutrient Deficient
1263.0,Sangli,1.31,1097.0,381,0.37,0.95,1.29,0.69,0.12,82,112.0,59,25,49.12,0.54,0.22,0.16,Nutrient Deficient
3531.0,Sangli,1.23,991.0,509,0.36,2.16,1.02,0.49,0.15,109,134.0,111,58,54.17,0.54,0.34,0.55,Toxicity Risk
4933.0,Solapur,1.22,1341.0,613,0.58,1.27,0.61,0.31,0.12,59,59.0,52,33,51.67,0.43,0.33,0.26,Nutrient Deficient
4076.0,Sangli,0.9,926.0,492,0.33,1.97,1.59,0.48,0.13,82,67.0,115,119,46.11,0.6,0.2,0.13,Nutrient Deficient
2815.0,Sangli,1.79,1305.0,613,0.62,1.93,0.72,0.33,0.15,69,305.0,98,38,43.64,0.49,0.37,0.31,Nutrient Deficient
1950.0,Sangli,1.0,1017.0,432,0.46,2.36,0.81,0.45,0.14,71,95.0,133,58,49.19,0.38,0.28,0.07,Nutrient Deficient
1408.0,Sangli,1.74,1612.0,784,0.34,2.17,0.56,0.22,0.11,64,134.0,202,352,43.67,0.41,0.27,0.21,Nutrient Deficient
195.0,Sangli,1.59,1160.0,792,0.4,1.58,0.94,0.53,0.13,72,166.0,126,18,46.81,0.72,0.24,0.14,Nutrient Deficient
1586.0,Sangli,0.9,1298.0,612,0.15,1.84,1.06,0.41,0.13,77,233.0,156,89,46.13,0.38,0.15,0.27,Nutrient Deficient
3091.0,Sangli,1.48,1215.0,912,0.47,3.33,1.4,0.46,0.16,45,61.0,121,15,58.34,0.54,0.4,0.35,Nutrient Deficient
1401.0,Sangli,1.4,1055.0,511,0.27,2.79,0.9,0.4,0.19,43,80.0,51,11,50.63,0.41,0.38,0.43,Nutrient Deficient
992.0,Pune,1.68,1361.0,518,0.48,2.99,1.01,0.48,0.16,36,60.0,74,46,54.11,0.43,0.16,0.28,Nutrient Deficient
223.0,Solapur,1.06,864.0,478,0.26,1.34,1.32,0.61,0.1,59,141.0,92,54,46.12,0.54,0.26,0.28,Nutrient Deficient
508.0,Pune,0.9,948.0,419,0.65,3.13,1.37,0.58,0.12,38,89.0,40,15,80.47,0.39,0.25,0.29,Nutrient Deficient
4094.0,Sangli,1.48,1185.0,673,0.65,2.12,1.06,0.39,0.17,65,74.0,94,49,48.16,0.47,0.26,0.21,Nutrient Deficient
1335.0,Sangli,1.16,1042.0,556,0.61,1.93,0.64,0.3,0.13,94,119.0,158,119,36.78,0.41,0.19,0.35,Nutrient Deficient
2103.0,Sangli,1.47,1091.0,604,0.41,2.23,2.03,0.67,0.15,71,101.0,138,59,48.65,0.38,0.3,0.32,Nutrient Excess
4855.0,Pune,1.48,855.0,508,0.51,3.3,1.25,0.52,0.16,78,42.0,124,26,40.24,0.51,0.29,0.25,Nutrient Excess
5003.0,Solapur,1.43,1056.0,413,0.52,3.53,1.1,0.23,0.14,59,46.0,89,25,41.13,0.47,0.41,0.41,Nutrient Deficient
4741.0,Pune,1.06,850.0,454,0.49,3.13,0.67,0.32,0.13,66,45.0,40,17,54.37,0.39,0.14,0.17,Nutrient Deficient
4446.0,Pune,1.53,1045.0,784,0.29,1.03,0.63,0.36,0.14,72,45.0,84,17,51.66,0.43,0.31,0.21,Nutrient Deficient
1805.0,Sangli,1.43,1298.0,671,0.38,3.01,1.02,0.52,0.15,67,52.0,91,12,44.74,0.47,0.32,0.18,Nutrient Deficient
3524.0,Sangli,1.34,1298.0,657,0.69,3.77,0.91,0.44,0.16,204,107.0,147,35,52.72,0.41,0.31,0.43,Nutrient Deficient
2759.0,Sangli,0.84,1094.0,699,0.48,1.11,1.05,0.51,0.16,206,109.0,118,66,44.82,0.46,0.41,0.33,Nutrient Deficient
1757.0,Sangli,1.74,1213.0,288,0.41,1.37,0.95,0.38,0.13,101,68.0,71,40,40.12,0.47,0.13,0.19,Nutrient Deficient
4548.0,Pune,1.06,1126.0,418,0.52,3.58,1.13,0.39,0.16,51,45.0,112,39,50.91,0.41,0.39,0.43,Nutrient Deficient
1235.0,Sangli,1.68,1021.0,608,0.68,2.45,1.26,0.48,0.14,38,54.0,71,50,50.11,0.48,0.37,0.13,Nutrient Deficient
2183.0,Sangli,1.06,1027.0,453,0.38,1.34,0.61,0.31,0.16,62,72.0,192,9,46.12,0.44,0.3,0.21,Nutrient Deficient
5200.0,Solapur,0.97,860.0,438,0.43,2.33,1.24,0.61,0.12,82,114.0,94,19,52.67,0.47,0.37,0.32,Nutrient Deficient
1926.0,Sangli,1.68,785.0,518,0.35,2.91,0.95,0.5,0.15,56,133.0,126,12,51.66,0.47,0.39,0.32,Nutrient Deficient
1929.0,Sangli,1.62,1190.0,578,0.55,1.8,0.53,0.18,0.1,61,69.0,114,34,46.78,0.54,0.3,0.35,Nutrient Deficient
1689.0,Sangli,1.62,1471.0,604,0.29,2.13,1.07,0.31,0.13,45,93.0,54,12,46.12,0.4,0.28,0.16,Nutrient Deficient
385.0,Sangli,1.69,1314.0,367,0.3,2.91,1.01,0.39,0.12,78,31.0,157,33,41.66,0.43,0.36,0.21,Nutrient Deficient
3062.0,Sangli,0.95,800.0,612,0.22,2.21,1.15,0.66,0.11,98,102.0,89,72,46.6,0.47,0.26,0.14,Nutrient Deficient
601.0,Sangli,1.4,1099.0,611,0.66,2.65,1.89,0.59,0.17,131,149.0,172,194,51.74,0.57,0.34,0.25,Nutrient Excess
4899.0,Pune,1.21,947.0,666,0.3,2.29,0.6,0.18,0.13,38,38.0,83,22,54.37,0.48,0.15,0.28,Nutrient Deficient
5107.0,Solapur,1.28,1437.0,590,0.54,5.45,0.56,0.29,0.13,51,27.0,45,30,38.2,0.47,0.33,0.14,Nutrient Deficient
1896.0,Sangli,1.27,870.0,578,0.47,3.05,0.81,0.37,0.15,91,138.0,98,41,45.12,0.46,0.28,0.19,Nutrient Deficient
4872.0,Pune,1.59,973.0,645,0.64,1.31,0.61,0.57,0.15,51,40.0,47,9,48.12,0.58,0.45,0.14,Nutrient Deficient
1726.0,Sangli,1.16,857.0,271,0.2,2.55,2.07,0.47,0.16,42,46.0,53,41,61.15,0.5,0.24,0.26,Nutrient Deficient
2616.0,Sangli,1.57,1085.0,659,0.26,3.01,1.43,0.62,0.14,71,149.0,164,35,41.74,0.44,0.49,0.44,Nutrient Deficient
2233.0,Sangli,1.48,948.0,703,0.25,2.54,1.19,0.41,0.16,42,101.0,101,73,53.66,0.34,0.3,0.43,Nutrient Deficient
4765.0,Pune,1.12,857.0,666,0.3,1.84,0.97,0.57,0.1,99,94.0,186,52,41.85,0.61,0.29,0.31,Nutrient Deficient
1979.0,Sangli,1.53,1446.0,511,0.23,1.95,0.53,0.21,0.13,49,97.0,80,16,44.78,0.39,0.35,0.21,Nutrient Deficient
822.0,Solapur,0.95,720.0,478,0.3,3.58,1.07,0.31,0.13,127,52.0,47,16,50.74,0.47,0.32,0.41,Nutrient Deficient
1766.0,Sangli,1.62,875.0,596,0.39,1.55,0.82,0.47,0.14,91,62.0,49,18,47.97,0.47,0.1,0.21,Nutrient Deficient
4427.0,Pune,1.59,1450.0,392,0.25,3.45,1.32,0.46,0.13,58,75.0,61,23,82.2,0.51,0.22,0.17,Nutrient Deficient
1694.0,Sangli,0.95,1182.0,664,0.34,3.35,1.44,0.65,0.13,62,144.0,115,12,61.27,0.71,0.34,0.21,Nutrient Deficient
4673.0,Pune,1.06,1161.0,608,0.49,1.19,1.43,0.51,0.13,97,44.0,198,40,42.74,0.41,0.31,0.35,Nutrient Deficient
866.0,Sangli,1.12,1335.0,371,0.38,1.77,1.09,0.48,0.12,71,128.0,107,13,45.17,0.47,0.54,0.49,Toxicity Risk
4126.0,Sangli,1.23,1045.0,581,0.53,1.74,1.01,0.45,0.13,74,53.0,107,27,51.66,0.59,0.34,0.14,Nutrient Deficient
3932.0,Sangli,1.18,1125.0,512,0.21,1.3,0.7,0.33,0.17,93,100.0,114,22,45.73,0.51,0.25,0.14,Nutrient Deficient
265.0,Pune,1.32,897.0,601,0.36,1.27,0.86,0.53,0.15,55,81.0,80,11,47.12,0.61,0.24,0.18,Nutrient Deficient
2789.0,Sangli,1.06,1200.0,466,0.35,1.21,0.97,0.49,0.14,62,107.0,107,14,51.78,0.57,0.16,0.32,Nutrient Deficient
2445.0,Sangli,1.23,1484.0,566,0.66,4.03,1.12,0.49,0.14,74,123.0,115,64,46.6,0.41,0.34,0.31,Nutrient Deficient
2450.0,Sangli,1.06,1190.0,713,0.39,2.99,1.25,0.56,0.17,53,61.0,78,16,53.74,0.5,0.31,0.26,Nutrient Deficient
1318.0,Sangli,1.43,1473.0,439,0.46,2.32,1.05,0.39,0.17,39,41.0,104,74,57.83,0.51,0.32,0.14,Nutrient Deficient
2001.0,Sangli,1.53,1213.0,703,0.32,1.33,0.81,0.33,0.12,57,45.0,61,11,40.63,0.41,0.2,0.26,Nutrient Deficient
3400.0,Sangli,0.9,880.0,978,0.28,2.53,1.48,0.64,0.13,130,256.0,157,18,47.97,0.46,0.36,0.48,Nutrient Deficient
2648.0,Sangli,1.06,1035.0,371,0.38,1.84,1.2,0.44,0.15,58,124.0,152,18,50.66,0.49,0.4,0.19,Nutrient Deficient
186.0,Sangli,1.64,1200.0,576,0.4,3.19,1.18,0.45,0.17,83,141.0,128,95,54.37,0.54,0.26,0.32,Nutrient Deficient
3872.0,Sangli,1.34,1164.0,423,0.29,1.47,0.69,0.36,0.1,64,39.0,89,21,39.12,0.51,0.22,0.31,Nutrient Deficient
3923.0,Sangli,1.45,1102.0,972,0.44,2.82,0.65,0.42,0.14,62,251.0,127,64,53.66,0.47,0.21,0.19,Nutrient Deficient
149.0,Solapur,1.43,997.0,812,0.52,1.31,0.68,0.31,0.16,71,70.0,92,25,49.74,0.52,0.22,0.14,Nutrient Deficient
2275.0,Sangli,1.69,994.0,511,0.3,1.87,1.55,0.55,0.1,66,105.0,106,26,51.66,0.54,0.24,0.23,Nutrient Deficient
4647.0,Pune,1.29,1063.0,420,0.52,1.03,0.61,0.16,0.11,52,82.0,73,51,56.05,0.49,0.35,0.25,Nutrient Deficient
1392.0,Sangli,0.95,934.0,611,0.73,1.76,0.8,0.5,0.14,62,112.0,162,211,42.25,0.51,0.42,0.24,Nutrient Deficient
499.0,Pune,1.74,1376.0,478,0.54,3.19,1.16,0.53,0.15,58,46.0,51,21,43.67,0.51,0.36,0.25,Nutrient Excess
3340.0,Sangli,1.79,1480.0,489,0.76,3.32,1.19,0.37,0.19,97,52.0,40,13,52.63,0.47,0.47,0.19,Nutrient Deficient
1944.0,Sangli,0.9,1111.0,517,0.32,1.29,1.07,0.48,0.15,49,72.0,67,14,40.63,0.43,0.26,0.28,Nutrient Deficient
2875.0,Sangli,1.32,1110.0,492,0.42,2.86,1.51,0.5,0.1,94,71.0,125,14,50.66,0.48,0.26,0.43,Nutrient Deficient
393.0,Sangli,1.16,1015.0,609,0.56,2.59,1.39,0.57,0.17,87,105.0,67,188,47.51,0.58,0.32,0.21,Nutrient Deficient
3489.0,Sangli,1.16,957.0,458,0.33,3.74,1.69,0.56,0.11,94,259.0,213,57,50.92,0.41,0.41,0.41,Nutrient Deficient
2071.0,Sangli,1.49,1218.0,578,0.82,3.95,0.84,0.4,0.19,55,40.0,205,39,40.12,0.39,0.36,0.4,Nutrient Deficient
856.0,Sangli,1.46,1490.0,678,0.46,2.44,0.78,0.41,0.13,53,73.0,147,12,39.56,0.42,0.2,0.35,Nutrient Deficient
947.0,Pune,1.06,978.0,678,0.32,2.29,1.16,0.66,0.16,72,101.0,121,26,54.11,0.57,0.44,0.45,Nutrient Deficient
1331.0,Sangli,1.62,1372.0,638,0.35,3.05,1.06,0.5,0.13,66,124.0,50,51,49.84,0.31,0.37,0.21,Nutrient Deficient
2425.0,Sangli,1.79,1209.0,489,0.25,1.4,0.59,0.28,0.15,51,262.0,60,19,46.12,0.47,0.24,0.39,Nutrient Deficient
1821.0,Sangli,1.29,1124.0,609,0.24,1.64,1.09,0.43,0.12,71,132.0,88,47,50.05,0.52,0.22,0.19,Nutrient Deficient
1476.0,Sangli,1.11,980.0,350,0.37,1.34,1.38,0.57,0.16,202,93.0,74,49,46.78,0.48,0.26,0.15,Nutrient Deficient
625.0,Sangli,1.51,1190.0,301,0.4,2.66,2.01,0.61,0.14,197,305.0,135,25,53.67,0.47,0.47,0.31,Nutrient Deficient
4409.0,Pune,1.64,900.0,573,0.36,2.05,0.97,0.52,0.15,61,63.0,95,17,51.77,0.4,0.48,0.43,Nutrient Deficient
1828.0,Sangli,1.27,1415.0,433,0.52,2.24,0.9,0.28,0.17,81,41.0,51,14,51.71,0.49,0.2,0.19,Nutrient Deficient
1026.0,Sangli,1.01,800.0,478,0.24,2.62,0.86,0.36,0.13,85,183.0,148,58,58.11,0.49,0.42,0.4,Nutrient Deficient
4769.0,Pune,1.16,804.0,402,0.27,1.44,0.95,0.39,0.15,68,45.0,80,45,52.64,0.42,0.46,0.2,Nutrient Deficient
2234.0,Sangli,1.28,875.0,537,0.73,1.81,0.7,0.36,0.13,75,64.0,109,234,40.63,0.54,0.32,0.14,Nutrient Deficient
3902.0,Sangli,1.27,1500.0,518,0.58,3.67,1.82,0.54,0.17,88,90.0,108,17,51.75,0.46,0.34,0.19,Nutrient Deficient
2767.0,Sangli,1.43,1361.0,632,0.26,1.32,1.32,0.53,0.14,96,154.0,113,111,56.96,0.63,0.32,0.24,Nutrient Deficient
3260.0,Sangli,1.51,1017.0,374,0.59,1.61,0.67,0.27,0.13,50,148.0,137,42,39.62,0.52,0.26,0.17,Nutrient Deficient
1440.0,Sangli,0.95,946.0,688,0.4,3.03,1.02,0.33,0.16,57,299.0,179,17,51.69,0.47,0.43,0.26,Nutrient Deficient
913.0,Sangli,1.18,1440.0,711,0.41,3.6,1.61,0.43,0.13,60,160.0,97,13,51.74,0.51,0.36,0.35,Nutrient Deficient
1731.0,Sangli,0.9,1125.0,493,0.47,3.47,1.22,0.38,0.14,65,109.0,88,18,47.81,0.51,0.42,0.58,Toxicity Risk
1989.0,Sangli,1.12,1296.0,784,0.41,3.57,1.34,0.51,0.15,50,86.0,87,57,53.61,0.47,0.47,0.19,Nutrient Deficient
4951.0,Solapur,1.22,895.0,638,0.24,1.0,0.69,0.57,0.16,49,104.0,74,51,46.63,0.43,0.21,0.14,Nutrient Deficient
1982.0,Sangli,1.06,895.0,673,0.55,1.84,0.95,0.42,0.17,39,39.0,174,135,40.63,0.73,0.31,0.23,Nutrient Deficient
4565.0,Pune,1.16,886.0,478,0.56,2.67,0.62,0.46,0.1,94,86.0,195,104,48.65,0.48,0.48,0.29,Nutrient Deficient
699.0,Sangli,1.29,1612.0,543,0.52,1.83,0.72,0.24,0.13,41,50.0,114,33,46.78,0.43,0.25,0.26,Nutrient Deficient
3685.0,Sangli,1.96,1160.0,718,0.42,4.19,1.15,0.46,0.16,94,236.0,216,12,49.84,0.41,0.49,0.35,Nutrient Deficient
4895.0,Pune,1.74,1210.0,478,0.32,3.95,0.61,0.25,0.12,65,64.0,107,13,47.11,0.38,0.15,0.21,Nutrient Deficient
4623.0,Pune,1.06,1054.0,640,0.48,2.09,1.41,0.56,0.14,51,77.0,57,13,48.12,0.47,0.48,0.39,Nutrient Deficient
2621.0,Sangli,1.53,959.0,671,0.77,3.49,1.39,0.42,0.15,81,141.0,104,52,59.52,0.48,0.15,0.14,Nutrient Deficient
2999.0,Sangli,1.69,1345.0,471,0.47,1.82,0.93,0.4,0.1,51,54.0,25,39,46.12,0.5,0.29,0.26,Nutrient Deficient
2556.0,Sangli,1.53,1212.0,612,0.25,2.31,0.8,0.51,0.15,72,103.0,68,11,60.17,0.47,0.31,0.26,Nutrient Deficient
1245.0,Sangli,1.34,994.0,609,0.57,1.75,1.58,0.65,0.15,56,252.0,137,74,49.17,0.52,0.4,0.28,Balanced / Optimal
1309.0,Sangli,1.23,1160.0,488,0.2,3.08,1.04,0.6,0.16,58,138.0,117,95,47.17,0.48,0.39,0.27,Nutrient Deficient
90.0,Pune,1.4,1091.0,370,0.29,3.19,1.42,0.51,0.13,63,52.0,105,38,50.05,0.51,0.19,0.17,Nutrient Deficient
1258.0,Sangli,1.79,1092.0,653,0.72,1.21,0.95,0.47,0.14,45,46.0,37,11,51.71,0.47,0.31,0.29,Nutrient Deficient
2106.0,Sangli,1.12,803.0,471,0.48,2.28,1.41,0.5,0.14,330,82.0,104,60,61.68,0.58,0.26,0.16,Nutrient Deficient
4588.0,Pune,1.12,853.0,847,0.32,1.31,1.35,0.52,0.17,60,121.0,39,107,57.59,0.49,0.19,0.19,Nutrient Deficient
677.0,Pune,1.11,1200.0,452,0.4,1.96,1.64,0.6,0.17,46,86.0,46,24,42.63,0.4,0.31,0.19,Nutrient Deficient
300.0,Sangli,0.8,827.0,611,0.27,1.63,1.19,0.57,0.12,59,146.0,125,67,47.84,0.42,0.14,0.15,Nutrient Deficient
5173.0,Solapur,1.35,1206.0,678,0.66,2.42,1.26,0.61,0.15,82,27.0,125,51,43.65,0.51,0.29,0.14,Nutrient Excess
4930.0,Pune,1.0,1045.0,710,0.32,1.52,1.17,0.55,0.17,50,54.0,184,47,51.66,0.53,0.36,0.36,Nutrient Deficient
4115.0,Sangli,1.59,1183.0,711,0.25,2.11,0.94,0.27,0.1,65,301.0,184,11,45.15,0.42,0.41,0.38,Nutrient Deficient
1638.0,Sangli,1.81,1116.0,612,0.63,2.03,0.61,0.28,0.16,61,95.0,61,10,49.19,0.5,0.19,0.14,Nutrient Deficient
2709.0,Sangli,1.06,805.0,363,0.3,2.34,1.38,0.6,0.13,50,101.0,89,22,42.71,0.48,0.36,0.15,Nutrient Deficient
1164.0,Sangli,1.06,1380.0,612,0.25,2.36,0.89,0.36,0.16,49,129.0,42,25,41.57,0.47,0.48,0.14,Nutrient Deficient
2682.0,Sangli,1.64,1257.0,612,0.62,3.01,0.93,0.5,0.12,92,113.0,121,48,56.66,0.56,0.44,0.35,Nutrient Deficient
523.0,Solapur,1.27,1072.0,769,0.52,3.07,1.12,0.57,0.17,54,63.0,94,64,46.6,0.49,0.28,0.16,Nutrient Deficient
4434.0,Pune,0.95,1018.0,412,0.49,2.03,0.97,0.5,0.16,75,52.0,47,33,47.12,0.41,0.31,0.49,Nutrient Deficient
4564.0,Pune,1.32,1500.0,452,0.53,2.95,0.72,0.53,0.14,63,96.0,204,62,57.61,0.43,0.27,0.21,Nutrient Deficient
4724.0,Pune,1.51,1005.0,573,0.37,2.7,1.77,0.34,0.13,197,125.0,156,25,41.57,0.51,0.36,0.19,Nutrient Deficient
4655.0,Pune,1.31,1109.0,680,0.39,1.2,0.86,0.37,0.13,98,75.0,78,21,46.11,0.51,0.32,0.25,Nutrient Deficient
2499.0,Sangli,1.29,1000.0,471,0.22,2.35,1.32,0.6,0.14,66,95.0,112,61,47.63,0.6,0.27,0.17,Nutrient Deficient
4809.0,Pune,1.21,1101.0,676,0.51,1.31,0.59,0.26,0.16,51,170.0,47,13,44.43,0.41,0.18,0.28,Nutrient Deficient
1450.0,Sangli,1.4,1455.0,498,0.39,1.21,0.73,0.42,0.16,83,180.0,131,38,49.84,0.47,0.17,0.17,Nutrient Deficient
514.0,Pune,1.27,1274.0,460,0.49,2.93,1.13,0.52,0.16,73,106.0,79,83,88.03,0.51,0.23,0.3,Nutrient Deficient
3832.0,Sangli,1.4,1358.0,417,0.81,1.8,1.12,0.37,0.17,177,67.0,158,129,45.12,0.41,0.24,0.29,Nutrient Deficient
3443.0,Sangli,1.8,1195.0,312,0.29,1.83,0.88,0.33,0.1,65,161.0,147,97,41.74,0.57,0.11,0.21,Nutrient Deficient
3071.0,Sangli,1.55,1125.0,611,0.63,2.1,1.45,0.46,0.14,51,147.0,101,62,43.64,0.46,0.21,0.15,Nutrient Deficient
54.0,Sangli,1.0,1009.0,440,0.42,2.34,1.69,0.5,0.15,68,25.0,47,80,45.74,0.49,0.29,0.21,Nutrient Deficient
3433.0,Sangli,0.9,940.0,366,0.49,2.0,1.06,0.3,0.15,219,67.0,93,204,60.76,0.43,0.4,0.07,Nutrient Deficient
831.0,Sangli,1.34,1370.0,512,0.58,2.18,1.06,0.46,0.14,73,193.0,90,17,45.69,0.46,0.36,0.45,Nutrient Deficient
1776.0,Sangli,1.12,1174.0,598,0.51,2.21,1.62,0.68,0.11,96,213.0,141,61,41.03,0.47,0.26,0.33,Nutrient Deficient
2916.0,Sangli,0.95,960.0,512,0.58,2.09,1.34,0.43,0.17,94,115.0,145,81,49.84,0.41,0.26,0.31,Nutrient Deficient
985.0,Sangli,1.51,1395.0,657,0.42,3.21,0.99,0.41,0.17,118,132.0,109,18,50.66,0.51,0.33,0.44,Nutrient Deficient
3775.0,Sangli,2.18,1094.0,312,0.29,4.04,1.69,0.41,0.17,196,47.0,128,23,56.64,0.54,0.43,0.26,Nutrient Deficient
1750.0,Sangli,1.96,1460.0,912,0.54,2.41,1.55,0.37,0.16,39,165.0,82,23,44.01,0.48,0.29,0.43,Nutrient Deficient
2049.0,Sangli,1.06,1436.0,392,0.68,2.94,1.43,0.58,0.1,71,77.0,138,68,54.66,0.71,0.31,0.27,Nutrient Deficient
2592.0,Sangli,1.62,1350.0,688,0.17,2.41,0.95,0.47,0.1,40,122.0,63,7,41.78,0.48,0.43,0.35,Nutrient Deficient
2124.0,Sangli,1.46,1025.0,693,0.76,1.51,0.63,0.37,0.15,45,153.0,81,23,48.99,0.6,0.18,0.24,Nutrient Deficient
2052.0,Sangli,1.79,1440.0,711,0.44,1.98,0.93,0.29,0.16,57,68.0,46,11,61.88,0.46,0.4,0.17,Nutrient Deficient
2327.0,Sangli,1.34,1199.0,604,0.48,2.31,1.31,0.69,0.15,75,101.0,137,49,54.12,0.57,0.48,0.35,Nutrient Excess
4649.0,Pune,1.06,814.0,481,0.44,1.73,2.21,0.37,0.16,65,63.0,38,16,41.91,0.61,0.22,0.07,Nutrient Deficient
1358.0,Sangli,1.43,1027.0,693,0.32,1.7,0.96,0.49,0.13,61,161.0,129,19,41.66,0.47,0.25,0.19,Nutrient Deficient
2698.0,Sangli,0.95,1310.0,474,0.34,1.83,0.53,0.27,0.13,73,68.0,63,20,50.11,0.43,0.13,0.35,Nutrient Deficient
691.0,Solapur,1.18,1460.0,671,0.37,0.98,1.17,0.51,0.12,42,54.0,146,12,38.63,0.43,0.31,0.19,Nutrient Deficient
2366.0,Sangli,1.06,1015.0,711,0.22,2.42,0.69,0.56,0.12,72,133.0,111,14,41.1,0.63,0.21,0.21,Nutrient Deficient
1738.0,Sangli,1.17,1216.0,689,0.48,3.57,1.18,0.51,0.13,210,90.0,108,41,54.36,0.53,0.1,0.35,Nutrient Deficient
5067.0,Solapur,1.0,867.0,383,0.34,2.21,0.83,0.56,0.14,52,45.0,118,13,42.1,0.51,0.23,0.21,Nutrient Deficient
1590.0,Sangli,1.27,1182.0,595,0.34,1.74,1.02,0.33,0.13,58,141.0,124,253,39.12,0.46,0.42,0.31,Nutrient Deficient
1977.0,Sangli,1.29,1092.0,632,0.47,2.66,0.67,0.27,0.1,41,88.0,81,13,54.64,0.57,0.14,0.14,Nutrient Deficient
3224.0,Sangli,0.79,820.0,913,0.4,2.43,1.72,0.72,0.13,73,124.0,74,23,53.67,0.5,0.52,0.43,Toxicity Risk
1087.0,Sangli,1.34,950.0,612,0.39,3.43,0.67,0.38,0.17,271,36.0,52,8,53.61,0.51,0.27,0.14,Nutrient Deficient
4496.0,Pune,1.21,1005.0,492,0.52,2.95,0.97,0.59,0.17,64,42.0,51,23,51.77,0.64,0.48,0.28,Nutrient Deficient
1619.0,Sangli,1.06,994.0,522,0.23,2.71,1.06,0.44,0.15,82,58.0,98,39,46.6,0.54,0.32,0.28,Nutrient Deficient
1870.0,Sangli,1.43,800.0,511,0.41,2.28,1.41,0.49,0.17,56,116.0,89,85,51.02,0.41,0.31,0.26,Nutrient Deficient
377.0,Pune,1.43,1123.0,617,0.58,2.78,1.43,0.47,0.17,62,63.0,92,48,51.78,0.66,0.34,0.21,Nutrient Deficient
1500.0,Sangli,1.34,1480.0,689,0.32,1.35,1.68,0.51,0.15,72,158.0,90,35,46.1,0.74,0.19,0.24,Nutrient Deficient
2394.0,Sangli,1.34,1135.0,711,0.51,3.17,1.43,0.66,0.14,59,63.0,120,30,48.09,0.54,0.39,0.47,Nutrient Excess
2800.0,Sangli,1.06,930.0,511,0.35,2.56,1.78,0.69,0.13,66,154.0,78,55,49.89,0.48,0.1,0.17,Nutrient Deficient
2827.0,Sangli,1.06,756.0,511,0.28,3.72,2.55,0.39,0.18,61,181.0,162,206,61.42,0.41,0.27,0.32,Nutrient Deficient
2530.0,Sangli,1.32,1059.0,434,0.57,3.69,0.99,0.42,0.15,56,36.0,83,41,44.88,0.47,0.49,0.43,Nutrient Deficient
910.0,Sangli,1.01,955.0,678,0.41,3.12,0.99,0.37,0.15,86,130.0,143,10,51.18,0.47,0.37,0.35,Nutrient Deficient
4753.0,Pune,1.06,870.0,667,0.51,3.56,1.69,0.43,0.13,79,54.0,155,48,42.21,0.54,0.46,0.32,Nutrient Deficient
1941.0,Sangli,1.56,1175.0,512,0.31,3.13,1.07,0.47,0.12,51,142.0,104,25,50.08,0.54,0.42,0.2,Nutrient Deficient
1363.0,Sangli,1.06,1028.0,571,0.53,2.35,1.38,0.39,0.13,72,88.0,128,190,54.16,0.63,0.46,0.24,Nutrient Deficient
4356.0,Pune,1.59,1447.0,852,0.49,1.21,0.66,0.44,0.15,49,116.0,207,45,52.64,0.49,0.24,0.17,Nutrient Deficient
222.0,Solapur,1.43,811.0,394,0.28,1.55,0.96,0.44,0.12,74,109.0,129,71,47.64,0.66,0.2,0.32,Nutrient Deficient
3120.0,Sangli,1.47,1280.0,674,0.36,2.99,0.71,0.21,0.15,137,120.0,83,16,47.44,0.41,0.23,0.27,Nutrient Deficient
1914.0,Sangli,1.01,1046.0,536,0.54,2.17,1.52,0.54,0.2,90,298.0,178,61,51.17,0.52,0.17,0.29,Nutrient Deficient
2093.0,Sangli,2.02,1285.0,644,0.74,2.95,1.27,0.46,0.15,62,96.0,127,114,50.81,0.44,0.38,0.44,Nutrient Deficient
3980.0,Sangli,1.32,1091.0,609,0.26,2.79,1.76,0.51,0.13,62,88.0,62,16,56.96,0.43,0.29,0.32,Nutrient Deficient
1527.0,Sangli,1.12,789.0,508,0.66,1.87,0.7,0.51,0.17,59,86.0,111,81,41.68,0.48,0.2,0.21,Nutrient Deficient
2481.0,Sangli,1.96,985.0,409,0.17,2.3,0.76,0.41,0.13,103,66.0,84,34,53.78,0.6,0.28,0.21,Nutrient Deficient
2178.0,Sangli,1.12,880.0,398,0.37,1.12,1.46,0.47,0.15,56,99.0,52,16,44.96,0.53,0.15,0.27,Nutrient Deficient
2677.0,Sangli,1.29,1190.0,509,0.24,1.34,1.2,0.51,0.12,53,46.0,41,12,40.64,0.51,0.28,0.14,Nutrient Deficient
4067.0,Sangli,0.88,1056.0,372,0.32,2.22,1.16,0.55,0.18,42,65.0,84,19,40.7,0.63,0.29,0.29,Nutrient Deficient
1562.0,Sangli,1.16,875.0,492,0.23,0.97,1.31,0.53,0.1,78,129.0,76,13,50.66,0.57,0.41,0.28,Nutrient Deficient
3508.0,Sangli,1.45,1216.0,512,0.39,1.77,1.12,0.46,0.13,50,69.0,48,13,43.66,0.48,0.28,0.21,Nutrient Deficient
759.0,Sangli,1.85,1160.0,601,0.4,1.61,0.74,0.5,0.13,75,57.0,90,20,41.63,0.44,0.39,0.38,Nutrient Deficient
3345.0,Sangli,1.16,850.0,492,0.56,2.66,1.08,0.52,0.13,118,54.0,87,67,53.12,0.46,0.22,0.21,Nutrient Deficient
917.0,Sangli,1.62,1135.0,884,0.5,3.14,0.63,0.38,0.15,47,52.0,117,31,51.64,0.47,0.28,0.28,Nutrient Deficient
1605.0,Sangli,0.95,924.0,497,0.33,1.68,1.22,0.61,0.1,51,102.0,45,10,59.74,0.6,0.49,0.15,Nutrient Deficient
2090.0,Sangli,1.21,750.0,609,0.4,1.73,1.67,0.57,0.12,71,232.0,117,95,43.71,0.52,0.29,0.21,Nutrient Deficient
1398.0,Sangli,1.4,1296.0,707,0.81,4.04,0.87,0.4,0.17,45,88.0,85,29,51.18,0.36,0.75,0.35,Toxicity Risk
3283.0,Sangli,1.46,1475.0,533,0.39,1.79,1.21,0.39,0.17,46,78.0,67,25,44.18,0.49,0.31,0.28,Nutrient Deficient
703.0,Sangli,2.3,1110.0,571,0.63,1.91,0.69,0.23,0.12,97,99.0,78,52,37.11,0.52,0.21,0.26,Nutrient Deficient
1521.0,Sangli,1.16,1092.0,612,0.32,2.24,0.79,0.5,0.15,60,86.0,74,12,43.16,0.44,0.43,0.42,Nutrient Deficient
270.0,Sangli,1.11,1183.0,466,0.37,2.06,1.22,0.56,0.13,91,93.0,112,7,44.98,0.63,0.21,0.19,Nutrient Deficient
3164.0,Sangli,1.85,1593.0,711,0.43,2.58,0.54,0.21,0.15,195,69.0,92,24,54.37,0.42,0.26,0.24,Nutrient Deficient
1938.0,Sangli,1.11,750.0,468,0.34,1.29,1.28,0.44,0.12,52,41.0,58,15,46.1,0.53,0.37,0.32,Nutrient Deficient
2303.0,Sangli,1.16,996.0,511,0.87,3.55,0.96,0.41,0.13,192,40.0,69,89,59.14,0.49,0.26,0.21,Nutrient Deficient
4081.0,Sangli,1.06,1209.0,586,0.45,2.56,0.62,0.41,0.13,66,106.0,89,43,56.96,0.49,0.25,0.21,Nutrient Deficient
983.0,Pune,1.68,1430.0,511,0.27,2.12,1.29,0.47,0.15,91,103.0,165,37,51.92,0.49,0.43,0.07,Nutrient Deficient
4532.0,Pune,1.16,927.0,477,0.64,1.84,1.71,0.48,0.15,55,97.0,47,18,44.17,0.53,0.27,0.14,Nutrient Deficient
257.0,Sangli,1.59,1190.0,711,0.61,2.81,1.23,0.56,0.12,51,79.0,78,97,46.12,0.63,0.26,0.19,Nutrient Excess
4053.0,Sangli,1.11,897.0,512,0.38,4.78,1.22,0.51,0.16,76,266.0,158,32,50.85,0.54,0.5,0.45,Toxicity Risk
3425.0,Sangli,1.18,1093.0,409,0.46,0.76,0.95,0.46,0.11,91,144.0,106,255,39.7,0.57,0.31,0.14,Nutrient Deficient
2214.0,Sangli,1.28,946.0,398,0.89,3.18,1.18,0.65,0.12,72,55.0,83,58,46.12,0.38,0.22,0.14,Nutrient Deficient
4994.0,Solapur,1.12,960.0,629,0.55,2.44,1.15,0.66,0.13,84,99.0,67,22,46.67,0.47,0.35,0.38,Nutrient Deficient
4362.0,Pune,1.69,1475.0,701,0.46,1.59,0.95,0.61,0.16,73,227.0,155,31,54.64,0.49,0.21,0.71,Toxicity Risk
940.0,Sangli,1.4,855.0,498,0.45,2.41,0.95,0.43,0.17,62,133.0,137,14,56.84,0.49,0.35,0.35,Nutrient Deficient
2100.0,Sangli,1.38,1215.0,678,0.2,2.48,1.1,0.47,0.13,55,167.0,96,50,48.74,0.49,0.24,0.21,Nutrient Deficient
2549.0,Sangli,1.74,1191.0,494,0.4,1.07,0.64,0.27,0.13,99,68.0,58,33,44.88,0.59,0.28,0.24,Nutrient Deficient
2732.0,Sangli,1.46,1110.0,488,0.35,3.78,0.59,0.57,0.17,65,128.0,100,17,47.18,0.46,0.45,0.21,Nutrient Deficient
2489.0,Sangli,0.95,1120.0,611,0.69,3.94,1.07,0.5,0.19,84,134.0,205,312,51.78,0.54,0.47,0.54,Toxicity Risk
2339.0,Sangli,0.95,832.0,392,0.21,0.81,1.28,0.51,0.13,71,77.0,60,47,50.12,0.53,0.14,0.14,Nutrient Deficient
3711.0,Sangli,1.35,1212.0,493,0.47,2.64,0.59,0.29,0.11,90,62.0,76,35,34.87,0.4,0.43,0.28,Nutrient Deficient
4423.0,Pune,1.0,971.0,378,0.25,2.87,1.97,0.63,0.15,93,147.0,74,44,60.54,0.53,0.31,0.33,Nutrient Deficient
2295.0,Sangli,1.85,1297.0,343,0.35,2.38,0.98,0.51,0.12,76,64.0,85,17,46.9,0.64,0.13,0.35,Nutrient Deficient
311.0,Sangli,0.95,906.0,392,0.32,1.97,1.72,0.55,0.15,67,86.0,108,67,44.72,0.53,0.35,0.29,Nutrient Deficient
5013.0,Solapur,0.95,928.0,509,0.49,2.7,0.61,0.27,0.13,61,49.0,87,29,37.34,0.49,0.44,0.39,Nutrient Deficient
1009.0,Sangli,1.12,900.0,711,0.47,1.06,0.9,0.27,0.16,55,64.0,112,14,46.69,0.49,0.18,0.33,Nutrient Deficient
2808.0,Sangli,1.79,1235.0,744,0.2,2.11,0.59,0.2,0.12,93,64.0,131,14,51.66,0.51,0.42,0.26,Nutrient Deficient
2983.0,Sangli,0.9,1098.0,460,0.17,2.22,1.79,0.63,0.12,64,137.0,127,42,54.12,0.51,0.35,0.28,Nutrient Deficient
3916.0,Sangli,1.06,991.0,711,0.3,2.59,0.9,0.33,0.17,88,71.0,89,20,44.78,0.51,0.19,0.16,Nutrient Deficient
4616.0,Pune,1.06,948.0,859,0.26,3.51,1.7,0.57,0.15,148,86.0,200,58,47.11,0.5,0.48,0.57,Toxicity Risk
1283.0,Sangli,1.64,1146.0,511,0.54,3.3,0.67,0.29,0.1,48,134.0,67,26,46.6,0.43,0.23,0.35,Nutrient Deficient
2502.0,Sangli,1.68,942.0,574,0.54,2.28,1.51,0.54,0.15,171,124.0,118,37,49.17,0.51,0.23,0.35,Nutrient Excess
1884.0,Sangli,1.48,845.0,711,0.3,3.68,1.66,0.47,0.15,56,57.0,36,21,51.66,0.53,0.31,0.14,Nutrient Deficient
4295.0,Pune,1.74,1273.0,483,0.57,3.01,0.6,0.21,0.12,47,42.0,88,19,40.47,0.51,0.3,0.33,Nutrient Deficient
4462.0,Pune,1.06,1259.0,492,0.3,2.12,1.35,0.41,0.17,49,140.0,65,13,54.37,0.54,0.31,0.28,Nutrient Deficient
4325.0,Pune,1.74,1102.0,667,0.31,2.24,0.73,0.47,0.1,54,188.0,128,31,51.71,0.49,0.48,0.35,Nutrient Deficient
4620.0,Pune,1.12,973.0,492,0.52,1.84,2.14,0.39,0.13,99,298.0,203,90,41.72,0.47,0.45,0.42,Nutrient Deficient
3578.0,Sangli,0.84,712.0,518,0.31,2.3,0.78,0.32,0.13,40,68.0,74,12,40.62,0.59,0.17,0.17,Nutrient Deficient
1700.0,Sangli,1.64,1067.0,692,0.54,1.9,0.61,0.41,0.13,52,67.0,63,28,45.74,0.49,0.38,0.26,Nutrient Deficient
45.0,Sangli,0.95,996.0,509,0.41,2.26,2.2,0.6,0.15,97,86.0,89,43,50.01,0.48,0.24,0.21,Nutrient Deficient
4594.0,Pune,1.43,1102.0,411,0.5,1.24,1.13,0.48,0.13,37,27.0,45,19,50.67,0.49,0.14,0.25,Nutrient Deficient
3691.0,Sangli,0.84,1120.0,684,0.61,1.26,1.02,0.41,0.12,65,97.0,92,221,37.11,0.51,0.16,0.18,Nutrient Deficient
2793.0,Sangli,1.32,1093.0,794,0.27,2.41,0.73,0.49,0.12,138,73.0,112,28,52.71,0.43,0.22,0.19,Nutrient Deficient
3335.0,Sangli,1.28,996.0,512,0.4,2.54,0.93,0.38,0.16,98,235.0,125,95,46.11,0.51,0.3,0.43,Nutrient Deficient
3133.0,Sangli,1.43,1012.0,678,0.4,3.13,1.09,0.6,0.15,49,120.0,97,9,49.17,0.52,0.43,0.4,Nutrient Deficient
4589.0,Pune,1.27,1046.0,607,0.39,2.36,0.97,0.4,0.15,71,75.0,74,45,44.85,0.38,0.28,0.33,Nutrient Deficient
2856.0,Sangli,1.23,1190.0,460,0.74,3.95,1.07,0.47,0.15,63,119.0,66,23,52.64,0.62,0.44,0.21,Nutrient Deficient
4498.0,Pune,1.79,1501.0,706,0.39,3.13,0.63,0.41,0.16,50,312.0,130,24,76.77,0.48,0.3,0.29,Nutrient Deficient
4252.0,Pune,1.04,1207.0,666,0.46,2.19,0.64,0.36,0.16,55,55.0,83,11,40.15,0.51,0.36,0.33,Nutrient Deficient
2246.0,Sangli,0.81,885.0,478,0.51,1.58,0.89,0.53,0.12,54,103.0,121,185,43.66,0.48,0.25,0.16,Nutrient Deficient
1234.0,Sangli,1.79,1299.0,612,0.48,3.54,1.09,0.4,0.13,61,65.0,121,204,46.69,0.4,0.22,0.41,Nutrient Deficient
2494.0,Sangli,1.69,1016.0,708,0.5,2.95,0.72,0.39,0.14,67,26.0,95,204,41.78,0.51,0.25,0.14,Nutrient Deficient
5098.0,Solapur,0.84,811.0,512,0.26,2.43,1.06,0.32,0.17,59,31.0,188,12,50.38,0.47,0.26,0.45,Nutrient Deficient
4431.0,Pune,1.53,995.0,470,0.47,2.82,1.61,0.52,0.15,149,124.0,95,51,63.42,0.58,0.32,0.47,Nutrient Excess
3275.0,Sangli,1.0,1040.0,392,0.22,2.71,1.11,0.58,0.1,85,85.0,113,17,51.18,0.5,0.29,0.39,Nutrient Deficient
4577.0,Pune,1.34,947.0,871,0.27,1.0,0.97,0.66,0.15,59,63.0,46,12,43.05,0.47,0.24,0.21,Nutrient Deficient
240.0,Sangli,1.48,1185.0,492,0.35,2.14,1.18,0.53,0.16,56,129.0,137,26,42.71,0.38,0.26,0.27,Nutrient Deficient
4144.0,Pune,1.16,1377.0,604,0.27,2.92,1.61,0.43,0.16,222,253.0,199,51,49.71,0.59,0.24,0.29,Nutrient Deficient
2850.0,Sangli,1.64,1278.0,501,0.77,2.73,0.72,0.44,0.15,207,182.0,115,19,43.88,0.33,0.36,0.4,Nutrient Deficient
3388.0,Sangli,1.37,903.0,601,0.39,3.48,1.02,0.41,0.16,54,48.0,96,23,43.71,0.36,0.41,0.32,Nutrient Deficient
4477.0,Pune,1.69,979.0,471,0.42,2.72,0.74,0.26,0.12,73,33.0,121,58,46.73,0.49,0.34,0.14,Nutrient Deficient
3333.0,Sangli,0.84,1085.0,711,0.3,1.22,2.03,0.6,0.17,75,248.0,140,34,47.63,0.47,0.31,0.26,Nutrient Deficient
1229.0,Sangli,1.12,997.0,601,0.46,1.92,1.58,0.57,0.14,62,88.0,134,139,46.75,0.43,0.42,0.31,Nutrient Deficient
104.0,Sangli,1.17,829.0,352,0.3,2.72,1.44,0.52,0.12,88,65.0,61,11,47.12,0.66,0.23,0.14,Nutrient Deficient
2611.0,Sangli,1.06,975.0,393,0.36,3.75,1.01,0.39,0.13,39,35.0,84,13,60.22,0.44,0.49,0.17,Nutrient Deficient
1419.0,Sangli,1.51,1206.0,558,0.25,3.11,0.72,0.26,0.15,56,90.0,54,15,52.78,0.39,0.35,0.35,Nutrient Deficient
2217.0,Sangli,1.11,1371.0,711,0.4,4.14,0.72,0.33,0.18,61,85.0,100,15,56.95,0.43,0.76,0.28,Toxicity Risk
2868.0,Sangli,1.37,1092.0,512,0.23,1.11,1.54,0.61,0.11,47,93.0,81,10,58.69,0.69,0.17,0.29,Nutrient Deficient
2347.0,Sangli,2.02,1400.0,478,0.5,2.12,1.43,0.47,0.14,64,100.0,97,158,49.74,0.71,0.22,0.14,Nutrient Deficient
1722.0,Sangli,1.34,800.0,400,0.43,2.11,1.02,0.51,0.14,60,57.0,78,9,50.33,0.43,0.43,0.14,Balanced / Optimal
1948.0,Sangli,1.28,947.0,673,0.34,3.29,1.06,0.67,0.17,72,112.0,172,45,54.37,0.71,0.35,0.14,Nutrient Deficient
897.0,Sangli,1.22,1491.0,912,0.25,2.38,1.39,0.47,0.15,85,152.0,78,28,46.19,0.53,0.33,0.43,Nutrient Deficient
1375.0,Sangli,1.8,1416.0,491,0.68,2.8,0.67,0.43,0.17,64,88.0,100,55,51.74,0.54,0.15,0.14,Nutrient Deficient
3574.0,Sangli,1.74,1358.0,620,0.54,3.64,0.67,0.35,0.11,64,64.0,142,88,57.77,0.44,0.34,0.28,Nutrient Deficient
920.0,Solapur,1.06,860.0,711,0.67,2.85,1.11,0.49,0.14,65,175.0,184,111,49.11,0.52,0.41,0.44,Nutrient Deficient
2578.0,Sangli,1.53,1163.0,392,0.35,2.63,0.52,0.3,0.16,109,159.0,119,37,42.97,0.46,0.35,0.19,Nutrient Deficient
1326.0,Sangli,1.27,1213.0,678,0.42,2.79,1.58,0.61,0.11,75,104.0,68,14,58.68,0.47,0.27,0.19,Nutrient Deficient
710.0,Sangli,1.34,970.0,398,0.49,1.48,1.02,0.21,0.16,44,113.0,62,12,40.66,0.41,0.26,0.19,Nutrient Deficient
2804.0,Sangli,1.11,1055.0,611,0.34,2.17,1.39,0.62,0.14,92,109.0,117,21,51.78,0.64,0.32,0.29,Nutrient Deficient
3000.0,Sangli,1.57,1394.0,669,0.47,2.93,0.67,0.21,0.1,69,61.0,82,22,52.78,0.51,0.28,0.28,Nutrient Deficient
2969.0,Sangli,1.53,1197.0,509,0.3,2.18,0.99,0.49,0.12,78,85.0,100,97,45.81,0.71,0.22,0.14,Nutrient Deficient
3223.0,Sangli,1.18,987.0,671,0.25,3.21,1.02,0.41,0.12,48,156.0,78,23,51.17,0.47,0.45,0.31,Nutrient Deficient
3288.0,Sangli,1.32,924.0,688,0.25,1.63,0.86,0.49,0.14,55,74.0,93,19,49.12,0.47,0.42,0.45,Nutrient Deficient
3210.0,Sangli,1.06,1097.0,412,0.45,1.74,1.52,0.47,0.12,56,95.0,73,71,46.84,0.54,0.18,0.16,Nutrient Deficient
3027.0,Sangli,1.06,940.0,392,0.27,2.59,1.34,0.53,0.15,45,72.0,131,136,44.88,0.43,0.15,0.14,Nutrient Deficient
2471.0,Sangli,1.12,1110.0,601,0.3,1.91,0.8,0.41,0.12,64,110.0,118,39,47.66,0.43,0.22,0.16,Nutrient Deficient
5170.0,Solapur,1.53,972.0,579,0.58,2.8,1.2,0.44,0.13,58,108.0,179,12,49.73,0.49,0.33,0.45,Nutrient Deficient
3416.0,Sangli,1.99,1490.0,578,0.58,1.38,0.59,0.5,0.13,49,61.0,147,99,40.56,0.47,0.31,0.31,Nutrient Deficient
1449.0,Sangli,1.43,1475.0,561,0.29,2.22,1.72,0.62,0.17,82,124.0,100,18,51.78,0.5,0.28,0.32,Nutrient Deficient
750.0,Sangli,2.18,1250.0,488,0.35,1.71,0.73,0.31,0.1,115,123.0,101,57,39.57,0.39,0.19,0.19,Nutrient Deficient
2855.0,Sangli,1.06,1150.0,571,0.56,1.71,1.39,0.53,0.12,59,61.0,101,20,41.42,0.47,0.39,0.28,Nutrient Deficient
926.0,Sangli,0.84,820.0,518,0.47,2.83,0.7,0.49,0.15,61,49.0,89,16,47.72,0.47,0.46,0.5,Toxicity Risk
55.0,Sangli,1.62,1086.0,418,0.47,3.19,2.64,0.65,0.13,84,31.0,103,12,46.11,0.53,0.24,0.21,Nutrient Excess
2438.0,Sangli,0.95,992.0,678,0.33,2.3,0.63,0.32,0.17,67,65.0,59,14,51.71,0.46,0.28,0.14,Nutrient Deficient
5145.0,Solapur,0.95,717.0,711,0.48,2.9,0.59,0.21,0.12,63,58.0,79,22,41.71,0.51,0.36,0.21,Nutrient Deficient
2653.0,Sangli,1.48,1025.0,405,0.37,2.56,0.65,0.36,0.11,72,43.0,100,10,41.27,0.53,0.24,0.14,Nutrient Deficient
456.0,Sangli,0.95,809.0,392,0.54,2.16,1.26,0.49,0.16,70,101.0,88,27,50.66,0.47,0.32,0.21,Nutrient Deficient
3538.0,Sangli,1.11,996.0,372,0.23,1.83,1.39,0.37,0.15,60,105.0,95,53,46.93,0.4,0.49,0.31,Nutrient Deficient
519.0,Sangli,1.36,1211.0,543,0.66,3.21,0.97,0.39,0.17,60,52.0,109,45,56.96,0.54,0.39,0.21,Nutrient Deficient
2326.0,Sangli,1.29,1096.0,611,0.39,2.3,1.51,0.45,0.18,89,88.0,137,94,52.17,0.48,0.19,0.15,Nutrient Deficient
4108.0,Sangli,0.84,795.0,912,0.33,1.85,1.43,0.46,0.15,77,96.0,175,13,48.99,0.6,0.43,0.27,Nutrient Deficient
1839.0,Sangli,1.4,1000.0,509,0.63,3.88,0.91,0.39,0.14,73,96.0,93,50,46.6,0.44,0.24,0.32,Nutrient Deficient
3085.0,Sangli,1.8,1175.0,478,0.87,3.54,0.96,0.37,0.19,56,67.0,125,65,43.71,0.42,0.32,0.17,Nutrient Deficient
1734.0,Sangli,1.16,1099.0,631,0.5,1.3,1.2,0.41,0.15,49,83.0,84,279,42.17,0.42,0.44,0.35,Nutrient Deficient
413.0,Sangli,1.48,1198.0,481,0.27,1.91,1.35,0.52,0.17,154,141.0,137,31,51.81,0.46,0.19,0.14,Nutrient Deficient
1031.0,Sangli,1.74,1150.0,498,0.35,2.88,0.95,0.39,0.14,64,112.0,97,32,49.88,0.49,0.3,0.28,Nutrient Deficient
785.0,Sangli,1.29,785.0,474,0.63,1.87,0.73,0.34,0.12,45,67.0,150,42,39.69,0.41,0.16,0.16,Nutrient Deficient
963.0,Sangli,1.4,980.0,611,0.36,3.01,1.17,0.39,0.16,69,84.0,137,41,50.18,0.52,0.28,0.21,Nutrient Deficient
1768.0,Sangli,1.8,1310.0,517,0.49,3.47,1.18,0.5,0.17,64,52.0,77,52,56.9,0.49,0.23,0.39,Nutrient Deficient
1215.0,Sangli,1.21,1120.0,608,0.37,1.44,1.27,0.37,0.13,136,120.0,120,29,39.78,0.51,0.32,0.35,Nutrient Deficient
1055.0,Sangli,1.46,1205.0,613,0.26,1.59,0.78,0.48,0.13,57,66.0,51,12,52.17,0.49,0.38,0.4,Nutrient Deficient
557.0,Sangli,0.79,874.0,678,0.83,2.4,1.81,0.69,0.17,99,140.0,204,376,50.54,0.5,0.28,0.21,Nutrient Deficient
4658.0,Pune,1.1,1475.0,511,0.25,3.33,0.71,0.36,0.12,51,125.0,51,38,42.63,0.42,0.24,0.28,Nutrient Deficient
5066.0,Solapur,1.53,1197.0,521,0.26,2.87,0.91,0.17,0.12,50,74.0,119,9,38.64,0.49,0.29,0.45,Nutrient Deficient
337.0,Sangli,0.87,747.0,491,0.44,2.43,0.61,0.31,0.12,67,71.0,89,36,47.92,0.63,0.28,0.14,Nutrient Deficient
1917.0,Sangli,2.03,1490.0,711,0.38,1.76,0.63,0.27,0.13,64,153.0,205,193,39.28,0.4,0.23,0.39,Nutrient Deficient
2085.0,Sangli,1.69,1256.0,762,0.44,2.34,0.74,0.34,0.1,59,65.0,94,14,47.77,0.47,0.15,0.21,Nutrient Deficient
2762.0,Sangli,1.11,1345.0,912,0.32,1.87,1.22,0.52,0.14,81,169.0,93,15,40.56,0.38,0.26,0.21,Nutrient Deficient
2298.0,Sangli,0.9,787.0,611,0.17,1.02,1.82,0.53,0.13,49,169.0,91,44,44.01,0.43,0.25,0.14,Nutrient Deficient
2409.0,Sangli,1.48,1190.0,678,0.68,2.56,0.63,0.27,0.14,54,39.0,83,15,50.63,0.59,0.39,0.19,Nutrient Deficient
509.0,Pune,1.69,1271.0,440,0.57,3.49,1.61,0.62,0.11,43,97.0,45,33,81.98,0.48,0.27,0.2,Nutrient Excess
4211.0,Pune,0.95,980.0,718,0.26,2.25,0.89,0.38,0.14,84,75.0,163,17,47.66,0.41,0.34,0.39,Nutrient Deficient
3827.0,Sangli,1.06,1057.0,673,0.31,3.88,1.23,0.43,0.15,75,108.0,109,37,59.31,0.43,0.28,0.27,Nutrient Deficient
1614.0,Sangli,1.12,746.0,613,0.35,2.09,1.18,0.58,0.14,47,48.0,46,12,51.78,0.46,0.22,0.14,Nutrient Deficient
4085.0,Sangli,1.35,1210.0,730,0.5,3.23,1.48,0.51,0.17,97,157.0,137,84,52.22,0.38,0.51,0.5,Toxicity Risk
3997.0,Sangli,1.4,1092.0,700,0.64,2.43,0.65,0.43,0.14,61,133.0,112,94,53.71,0.57,0.32,0.26,Nutrient Deficient
4598.0,Pune,1.12,813.0,668,0.14,1.26,0.86,0.34,0.13,81,86.0,88,19,52.66,0.51,0.22,0.13,Nutrient Deficient
3167.0,Sangli,1.32,761.0,466,0.56,2.14,1.51,0.57,0.15,120,43.0,121,38,47.66,0.43,0.36,0.26,Balanced / Optimal
1724.0,Sangli,1.06,1097.0,711,0.47,2.55,2.24,0.62,0.17,59,110.0,81,18,49.19,0.49,0.29,0.14,Nutrient Deficient
1400.0,Sangli,0.9,930.0,493,0.52,2.05,2.49,0.6,0.13,167,143.0,134,67,47.68,0.53,0.24,0.41,Nutrient Deficient
3201.0,Sangli,1.06,911.0,604,0.26,1.33,0.84,0.41,0.1,51,29.0,35,10,49.12,0.52,0.22,0.14,Nutrient Deficient
2292.0,Sangli,1.48,1020.0,530,0.57,1.96,0.82,0.48,0.12,61,75.0,114,66,41.85,0.38,0.45,0.14,Nutrient Deficient
5195.0,Solapur,1.23,872.0,532,0.25,3.2,0.87,0.35,0.16,59,41.0,84,17,51.01,0.45,0.31,0.26,Nutrient Deficient
3649.0,Sangli,1.12,842.0,584,0.28,1.89,0.99,0.32,0.15,59,276.0,90,99,46.85,0.47,0.2,0.14,Nutrient Deficient
755.0,Sangli,2.01,1255.0,592,0.47,2.12,0.66,0.28,0.11,379,81.0,158,27,40.57,0.4,0.2,0.11,Nutrient Deficient
4910.0,Pune,1.24,1021.0,571,0.39,2.95,1.34,0.63,0.13,83,82.0,125,11,51.72,0.46,0.31,0.29,Nutrient Deficient
3039.0,Sangli,1.69,1360.0,578,0.45,2.64,1.03,0.53,0.15,66,168.0,92,25,47.12,0.46,0.28,0.35,Nutrient Excess
4959.0,Solapur,1.45,1072.0,587,0.41,2.34,1.2,0.64,0.13,74,115.0,89,11,60.67,0.53,0.29,0.14,Nutrient Excess
705.0,Sangli,2.02,1250.0,512,0.44,1.64,0.66,0.34,0.14,57,51.0,94,58,50.7,0.5,0.26,0.32,Nutrient Deficient
723.0,Sangli,1.34,1340.0,912,0.23,1.39,0.64,0.33,0.13,51,198.0,83,16,41.71,0.43,0.2,0.26,Nutrient Deficient
372.0,Pune,0.95,912.0,558,0.46,2.72,1.61,0.47,0.13,52,70.0,97,87,51.6,0.51,0.31,0.18,Nutrient Deficient
1041.0,Pune,1.51,1495.0,603,0.57,3.83,1.82,0.65,0.16,72,133.0,127,90,46.17,0.51,0.47,0.28,Nutrient Excess
5117.0,Solapur,1.4,1006.0,584,0.43,3.08,0.6,0.27,0.11,59,56.0,89,25,40.57,0.49,0.48,0.4,Nutrient Deficient
361.0,Sangli,1.11,1021.0,456,0.45,2.95,1.04,0.38,0.13,58,85.0,114,109,40.12,0.51,0.37,0.16,Nutrient Deficient
2300.0,Sangli,1.29,1096.0,472,0.49,2.39,0.89,0.57,0.13,51,116.0,115,10,37.97,0.51,0.22,0.26,Nutrient Deficient
2526.0,Sangli,1.16,874.0,769,0.39,1.91,1.14,0.5,0.14,49,91.0,105,33,50.24,0.5,0.21,0.49,Nutrient Deficient
3596.0,Sangli,1.96,1007.0,578,0.19,1.46,1.32,0.61,0.16,68,89.0,62,16,56.88,0.6,0.22,0.17,Nutrient Deficient
3817.0,Sangli,1.48,1291.0,901,0.47,1.98,0.93,0.38,0.14,46,80.0,143,112,50.7,0.41,0.39,0.27,Nutrient Deficient
4323.0,Pune,1.17,1227.0,410,0.53,2.58,0.97,0.3,0.13,45,63.0,118,228,47.5,0.47,0.34,0.42,Nutrient Deficient
2114.0,Sangli,1.48,1115.0,418,0.5,3.49,1.84,0.61,0.17,51,109.0,125,36,51.67,0.44,0.21,0.28,Nutrient Excess
1915.0,Sangli,1.43,1256.0,693,0.27,2.48,1.14,0.37,0.17,196,99.0,131,27,49.33,0.47,0.23,0.28,Nutrient Deficient
768.0,Sangli,1.51,840.0,601,0.4,1.73,0.59,0.29,0.11,32,50.0,37,18,40.6,0.51,0.16,0.23,Nutrient Deficient
2056.0,Sangli,1.51,1345.0,611,0.5,0.96,0.74,0.5,0.12,74,95.0,77,39,41.74,0.47,0.2,0.14,Nutrient Deficient
2581.0,Sangli,1.43,1190.0,312,0.29,2.38,1.79,0.57,0.16,60,90.0,54,42,50.78,0.71,0.24,0.13,Nutrient Deficient
3940.0,Sangli,1.53,1440.0,972,0.47,2.37,1.26,0.42,0.13,66,65.0,74,95,44.87,0.5,0.22,0.21,Nutrient Deficient
521.0,Sangli,1.16,1206.0,625,0.39,2.28,1.21,0.61,0.18,53,109.0,81,65,58.68,0.42,0.32,0.18,Nutrient Deficient
771.0,Sangli,1.62,830.0,503,0.49,2.09,0.69,0.34,0.14,99,74.0,133,36,43.66,0.47,0.39,0.55,Toxicity Risk
2784.0,Sangli,1.68,1180.0,571,0.44,1.6,0.89,0.56,0.13,69,54.0,98,14,46.12,0.33,0.32,0.27,Balanced / Optimal
1798.0,Sangli,1.32,1371.0,708,0.25,3.2,1.26,0.53,0.1,70,102.0,79,46,41.42,0.74,0.18,0.24,Nutrient Deficient
1469.0,Sangli,1.4,1160.0,366,0.42,1.59,1.26,0.33,0.12,38,80.0,42,11,44.92,0.49,0.28,0.29,Nutrient Deficient
3653.0,Sangli,1.06,1010.0,492,0.32,2.05,1.43,0.45,0.17,84,80.0,119,17,51.61,0.53,0.37,0.25,Nutrient Deficient
3692.0,Sangli,1.46,1422.0,571,0.44,1.01,1.33,0.55,0.14,75,67.0,73,18,42.67,0.51,0.4,0.21,Nutrient Deficient
4320.0,Pune,1.06,1450.0,742,0.15,1.77,1.63,0.71,0.13,97,105.0,155,17,49.72,0.41,0.45,0.38,Nutrient Deficient
1390.0,Sangli,1.79,1350.0,864,0.69,3.01,0.51,0.21,0.11,81,101.0,110,17,50.18,0.41,0.21,0.15,Nutrient Deficient
3675.0,Sangli,0.84,820.0,693,0.57,2.82,1.54,0.79,0.14,310,167.0,131,287,47.18,0.51,0.31,0.4,Nutrient Deficient
3681.0,Sangli,1.01,1110.0,678,0.21,2.4,3.05,0.82,0.12,105,168.0,112,128,60.41,0.49,0.42,0.21,Nutrient Deficient
3679.0,Sangli,1.68,1471.0,512,0.5,2.91,0.61,0.34,0.1,61,53.0,102,41,52.12,0.48,0.3,0.19,Nutrient Deficient
2315.0,Sangli,1.57,1190.0,692,0.57,1.03,0.83,0.29,0.12,65,71.0,93,27,42.82,0.47,0.41,0.33,Nutrient Deficient
1170.0,Pune,1.12,1440.0,668,0.31,3.31,1.05,0.36,0.16,45,42.0,139,54,56.74,0.43,0.24,0.14,Nutrient Deficient
2439.0,Sangli,1.62,996.0,674,0.49,2.79,0.94,0.57,0.13,171,114.0,121,30,49.67,0.49,0.49,0.21,Nutrient Excess
4628.0,Pune,1.69,886.0,386,0.37,2.62,0.97,0.51,0.16,65,45.0,105,83,42.1,0.51,0.3,0.19,Nutrient Deficient
537.0,Sangli,0.84,957.0,508,0.69,3.58,1.31,0.49,0.13,66,89.0,157,209,55.23,0.36,0.32,0.18,Nutrient Deficient
4232.0,Pune,1.06,1500.0,717,0.2,3.1,1.13,0.47,0.14,102,300.0,118,15,52.65,0.54,0.47,0.38,Nutrient Deficient
2357.0,Sangli,1.32,997.0,613,0.36,2.81,1.15,0.53,0.16,84,89.0,158,35,46.12,0.46,0.4,0.41,Nutrient Deficient
4982.0,Solapur,1.34,1078.0,907,0.21,1.65,1.24,0.57,0.13,58,82.0,126,19,42.49,0.42,0.21,0.33,Nutrient Deficient
1623.0,Sangli,1.67,1297.0,478,0.44,2.33,0.53,0.2,0.16,47,85.0,129,8,52.64,0.47,0.32,0.52,Toxicity Risk
3678.0,Sangli,2.05,1430.0,912,0.4,1.64,0.77,0.43,0.16,56,158.0,127,61,41.57,0.41,0.22,0.21,Nutrient Deficient
2284.0,Sangli,1.06,859.0,560,0.3,3.62,1.08,0.53,0.16,49,84.0,68,32,51.65,0.57,0.48,0.5,Toxicity Risk
1721.0,Sangli,1.96,1109.0,398,0.54,1.9,1.08,0.5,0.13,84,78.0,43,17,42.82,0.4,0.2,0.22,Nutrient Deficient
1439.0,Sangli,1.51,1152.0,578,0.4,3.13,1.22,0.46,0.12,83,110.0,59,20,51.17,0.47,0.48,0.5,Toxicity Risk
4284.0,Pune,1.34,868.0,501,0.32,1.96,1.04,0.37,0.16,79,63.0,207,24,39.97,0.6,0.47,0.39,Nutrient Deficient
2797.0,Sangli,0.79,1297.0,694,0.47,2.48,1.49,0.59,0.17,83,146.0,149,13,50.11,0.5,0.32,0.43,Nutrient Deficient
4662.0,Pune,1.29,1039.0,667,0.37,1.64,0.61,0.39,0.15,134,106.0,62,23,46.11,0.54,0.47,0.64,Toxicity Risk
3163.0,Sangli,1.29,1096.0,668,0.44,2.4,1.85,0.56,0.11,61,168.0,108,20,52.63,0.63,0.26,0.31,Nutrient Deficient
4097.0,Sangli,0.95,1097.0,906,0.46,3.52,0.93,0.36,0.13,66,102.0,63,16,50.71,0.5,0.32,0.39,Nutrient Deficient
988.0,Sangli,1.79,1440.0,512,0.26,2.77,0.98,0.41,0.16,105,178.0,116,23,51.66,0.47,0.22,0.07,Nutrient Deficient
4189.0,Pune,1.16,1020.0,693,0.66,3.66,1.1,0.39,0.13,50,46.0,67,31,47.12,0.53,0.36,0.28,Nutrient Deficient
3788.0,Sangli,0.96,1025.0,534,0.68,3.51,1.08,0.62,0.15,92,114.0,197,12,52.65,0.71,0.21,0.17,Nutrient Deficient
2423.0,Sangli,0.9,707.0,612,0.73,2.46,2.03,0.57,0.12,66,61.0,117,254,43.63,0.39,0.42,0.21,Nutrient Deficient
3510.0,Sangli,1.27,772.0,312,0.48,2.04,1.21,0.51,0.14,71,147.0,114,55,43.8,0.42,0.49,0.39,Nutrient Deficient
3247.0,Sangli,0.89,1215.0,718,0.56,2.11,1.07,0.51,0.16,64,305.0,168,64,46.91,0.5,0.39,0.21,Nutrient Deficient
1710.0,Sangli,1.37,1400.0,871,0.26,3.21,1.44,0.65,0.16,69,182.0,48,11,49.17,0.46,0.22,0.19,Nutrient Deficient
1714.0,Sangli,0.78,659.0,701,0.41,2.1,0.63,0.37,0.11,51,59.0,81,19,49.12,0.5,0.27,0.14,Nutrient Deficient
1218.0,Sangli,1.32,897.0,677,0.52,3.74,1.85,0.5,0.13,86,65.0,115,32,56.93,0.54,0.28,0.14,Nutrient Deficient
4391.0,Pune,1.51,850.0,597,0.42,3.98,1.16,0.38,0.16,78,33.0,157,23,44.0,0.51,0.43,0.33,Nutrient Deficient
3225.0,Sangli,1.43,1111.0,692,0.4,1.21,0.64,0.36,0.16,53,128.0,116,64,40.12,0.4,0.48,0.16,Nutrient Deficient
3728.0,Sangli,1.62,1480.0,617,0.58,1.86,1.21,0.49,0.16,131,63.0,154,133,50.18,0.41,0.27,0.33,Nutrient Deficient
1679.0,Sangli,1.51,1215.0,492,0.37,1.63,0.8,0.37,0.16,348,106.0,124,9,44.12,0.64,0.27,0.21,Nutrient Deficient
1437.0,Sangli,1.64,996.0,512,0.41,3.68,1.54,0.52,0.16,61,45.0,87,13,43.61,0.47,0.3,0.18,Nutrient Excess
3379.0,Sangli,1.18,1048.0,497,0.38,2.92,0.73,0.31,0.13,91,93.0,107,14,44.01,0.33,0.36,0.21,Nutrient Deficient
2479.0,Sangli,1.27,946.0,711,0.33,2.58,1.46,0.51,0.16,91,119.0,100,108,56.17,0.54,0.3,0.19,Nutrient Deficient
4020.0,Sangli,1.68,1185.0,556,0.54,2.3,1.46,0.71,0.12,95,95.0,51,42,49.66,0.57,0.34,0.24,Nutrient Excess
1428.0,Sangli,1.01,800.0,398,0.64,2.58,1.43,0.61,0.14,64,229.0,144,18,40.11,0.53,0.22,0.21,Nutrient Deficient
4188.0,Pune,1.6,995.0,411,0.48,2.91,2.94,0.66,0.15,71,75.0,135,29,50.64,0.47,0.27,0.31,Nutrient Excess
4796.0,Pune,1.12,1425.0,502,0.15,1.52,1.9,0.72,0.17,69,101.0,118,39,42.74,0.41,0.36,0.27,Nutrient Deficient
1107.0,Pune,0.95,930.0,814,0.32,3.39,0.98,0.26,0.16,97,140.0,49,33,49.17,0.49,0.14,0.28,Nutrient Deficient
3634.0,Sangli,0.79,853.0,556,0.55,2.53,0.99,0.5,0.1,101,196.0,68,17,49.88,0.71,0.25,0.25,Nutrient Deficient
653.0,Sangli,1.28,871.0,711,0.47,3.88,0.78,0.4,0.13,61,84.0,91,18,46.78,0.43,0.31,0.29,Nutrient Deficient
544.0,Sangli,1.64,1294.0,556,0.8,3.9,1.08,0.41,0.17,55,116.0,193,363,41.82,0.43,0.21,0.17,Nutrient Deficient
1903.0,Sangli,1.4,1198.0,567,0.3,2.51,0.98,0.42,0.14,51,71.0,73,18,51.64,0.51,0.38,0.28,Nutrient Deficient
1167.0,Pune,1.23,900.0,666,0.25,3.96,0.89,0.34,0.14,71,42.0,88,51,50.68,0.41,0.43,0.14,Nutrient Deficient
1525.0,Sangli,1.27,1028.0,357,0.38,3.25,1.14,0.44,0.15,53,94.0,66,16,47.35,0.47,0.3,0.21,Nutrient Deficient
253.0,Sangli,1.53,1206.0,701,0.28,1.23,1.28,0.69,0.12,99,138.0,125,41,44.81,0.63,0.17,0.21,Nutrient Deficient
2155.0,Sangli,1.59,1490.0,666,0.27,1.74,1.06,0.57,0.15,56,72.0,77,19,47.68,0.44,0.24,0.21,Nutrient Deficient
4822.0,Pune,1.37,1347.0,422,0.27,3.03,0.79,0.39,0.1,64,65.0,102,11,52.65,0.5,0.43,0.2,Nutrient Deficient
3515.0,Sangli,2.26,1102.0,471,0.27,1.93,0.84,0.4,0.13,92,78.0,77,21,38.4,0.41,0.46,0.14,Nutrient Deficient
2480.0,Sangli,0.84,1020.0,495,0.43,4.3,2.47,0.69,0.15,133,193.0,117,41,56.11,0.46,0.32,0.19,Nutrient Deficient
4845.0,Pune,1.27,1451.0,380,0.6,2.13,1.04,0.39,0.12,66,85.0,186,49,43.67,0.44,0.27,0.13,Nutrient Deficient
4292.0,Pune,1.19,957.0,617,0.56,2.38,0.89,0.37,0.18,47,57.0,46,11,46.35,0.51,0.19,0.14,Nutrient Deficient
2730.0,Sangli,1.53,772.0,349,0.25,2.89,0.94,0.32,0.13,195,67.0,68,34,50.01,0.5,0.22,0.21,Nutrient Deficient
2651.0,Sangli,1.43,1000.0,749,0.4,2.53,1.46,0.56,0.16,53,125.0,104,62,53.61,0.51,0.4,0.39,Nutrient Deficient
4249.0,Pune,1.17,812.0,601,0.28,1.43,1.6,0.59,0.13,118,170.0,53,9,46.16,0.51,0.36,0.43,Nutrient Deficient
2105.0,Sangli,1.16,1256.0,636,0.47,2.91,0.66,0.33,0.16,36,26.0,42,10,49.74,0.4,0.36,0.5,Toxicity Risk
4456.0,Pune,1.4,897.0,604,0.48,2.36,0.98,0.41,0.17,59,52.0,104,52,50.11,0.47,0.21,0.14,Nutrient Deficient
5041.0,Solapur,1.16,1122.0,712,0.24,1.64,0.61,0.39,0.15,59,60.0,86,27,50.81,0.42,0.35,0.38,Nutrient Deficient
2852.0,Sangli,0.84,1305.0,393,0.44,3.01,1.96,0.47,0.16,57,99.0,47,39,59.17,0.49,0.3,0.28,Nutrient Deficient
842.0,Sangli,1.68,1495.0,749,0.38,1.65,0.81,0.29,0.1,98,57.0,128,44,50.05,0.39,0.08,0.23,Nutrient Deficient
1686.0,Sangli,1.79,1297.0,678,0.47,1.34,0.7,0.31,0.15,70,171.0,129,27,51.66,0.4,0.27,0.17,Nutrient Deficient
4828.0,Pune,1.06,857.0,654,0.16,1.08,1.15,0.32,0.14,51,85.0,69,19,50.71,0.47,0.13,0.17,Nutrient Deficient
1423.0,Sangli,1.34,909.0,692,0.92,2.77,1.58,0.65,0.15,99,47.0,116,70,58.68,0.44,0.23,0.14,Nutrient Excess
2650.0,Sangli,1.1,1397.0,752,0.15,1.7,1.3,0.53,0.12,113,88.0,93,17,51.17,0.48,0.37,0.21,Nutrient Deficient
1869.0,Sangli,1.46,1469.0,671,0.52,3.78,1.46,0.57,0.17,83,131.0,143,19,48.33,0.51,0.39,0.32,Nutrient Excess
2912.0,Sangli,1.16,1160.0,512,0.62,1.91,1.42,0.4,0.15,56,41.0,80,16,53.61,0.47,0.28,0.21,Nutrient Deficient
3294.0,Sangli,1.64,1451.0,592,0.57,3.76,1.74,0.63,0.15,211,57.0,85,11,51.71,0.47,0.3,0.26,Nutrient Excess
2917.0,Sangli,1.62,1366.0,554,0.74,2.56,1.15,0.71,0.13,110,44.0,83,75,46.46,0.49,0.3,0.23,Nutrient Excess
4438.0,Pune,1.23,1009.0,712,0.14,2.49,0.61,0.32,0.16,87,63.0,105,16,42.06,0.39,0.24,0.32,Nutrient Deficient
3054.0,Sangli,1.96,1612.0,718,0.37,2.16,0.7,0.29,0.13,39,89.0,57,11,42.22,0.49,0.4,0.21,Nutrient Deficient
2514.0,Sangli,1.35,1155.0,493,0.38,1.46,1.19,0.33,0.11,85,66.0,184,32,42.57,0.58,0.35,0.25,Nutrient Deficient
1342.0,Sangli,1.31,966.0,478,0.23,2.11,1.57,0.65,0.12,66,73.0,62,17,50.25,0.5,0.17,0.26,Nutrient Deficient
1673.0,Sangli,1.79,1085.0,566,0.55,3.67,0.82,0.4,0.14,64,35.0,60,11,49.84,0.44,0.21,0.19,Nutrient Deficient
930.0,Sangli,1.12,1400.0,864,0.32,2.86,0.56,0.48,0.16,69,82.0,106,14,61.13,0.47,0.49,0.28,Nutrient Deficient
2434.0,Sangli,1.44,805.0,494,0.35,3.53,0.92,0.41,0.1,68,229.0,92,49,46.12,0.48,0.36,0.17,Nutrient Deficient
2543.0,Sangli,1.32,905.0,493,0.42,3.83,1.38,0.43,0.13,62,109.0,116,46,49.17,0.38,0.42,0.21,Nutrient Deficient
4534.0,Pune,0.79,781.0,369,0.52,1.6,1.79,0.43,0.17,53,63.0,49,51,47.27,0.54,0.15,0.17,Nutrient Deficient
1514.0,Sangli,1.68,1460.0,488,0.58,2.46,0.79,0.51,0.13,70,78.0,113,139,54.67,0.54,0.14,0.29,Nutrient Excess
2729.0,Sangli,1.37,1090.0,617,0.79,2.78,0.64,0.27,0.13,56,39.0,68,21,51.66,0.41,0.34,0.28,Nutrient Deficient
872.0,Sangli,1.79,1170.0,669,0.49,3.18,0.61,0.37,0.13,60,131.0,151,24,46.89,0.48,0.48,0.29,Nutrient Deficient
2248.0,Sangli,1.27,1460.0,611,0.64,1.96,1.66,0.61,0.15,124,76.0,121,32,46.71,0.43,0.24,0.14,Nutrient Deficient
2136.0,Sangli,1.21,825.0,478,0.5,1.98,1.28,0.47,0.15,59,45.0,113,16,44.78,0.49,0.15,0.14,Nutrient Deficient
120.0,Sangli,0.95,833.0,432,0.68,2.55,1.49,0.61,0.17,66,48.0,59,81,61.27,0.51,0.19,0.14,Nutrient Deficient
1448.0,Sangli,1.17,991.0,584,0.25,1.94,0.94,0.32,0.11,62,160.0,101,12,42.92,0.51,0.41,0.43,Nutrient Deficient
3756.0,Sangli,1.69,1297.0,625,0.47,3.31,1.29,0.58,0.13,65,93.0,95,17,56.88,0.41,0.46,0.55,Toxicity Risk
2345.0,Sangli,1.68,1490.0,774,0.5,4.02,1.16,0.56,0.19,69,193.0,93,16,47.93,0.33,0.37,0.33,Nutrient Excess
1546.0,Sangli,1.69,1071.0,493,0.49,3.41,2.37,0.56,0.16,73,51.0,89,33,53.66,0.51,0.33,0.39,Nutrient Excess
2669.0,Sangli,1.74,1198.0,578,0.42,1.87,2.36,0.49,0.15,87,140.0,98,204,47.78,0.44,0.29,0.26,Nutrient Deficient
1105.0,Pune,1.23,885.0,611,0.53,3.65,1.04,0.61,0.12,215,147.0,118,12,41.57,0.47,0.28,0.35,Nutrient Deficient
5126.0,Solapur,1.43,1174.0,625,0.46,3.54,1.43,0.62,0.14,72,108.0,65,23,49.74,0.5,0.31,0.38,Nutrient Excess
1316.0,Sangli,1.62,1094.0,378,0.3,2.4,1.2,0.51,0.13,78,123.0,200,33,52.1,0.54,0.3,0.16,Nutrient Deficient
911.0,Sangli,0.95,1370.0,784,0.47,3.54,1.21,0.59,0.12,47,187.0,98,8,47.11,0.47,0.4,0.35,Nutrient Deficient
949.0,Solapur,0.9,1055.0,611,0.43,2.42,0.98,0.56,0.17,56,63.0,87,17,52.67,0.47,0.23,0.21,Nutrient Deficient
2573.0,Sangli,1.23,1109.0,913,0.43,1.95,1.33,0.61,0.1,118,76.0,180,233,49.66,0.43,0.46,0.35,Nutrient Deficient
1059.0,Sangli,1.4,1450.0,709,0.39,3.26,1.09,0.41,0.19,54,41.0,60,31,53.71,0.49,0.4,0.35,Nutrient Deficient
3520.0,Sangli,1.12,960.0,571,0.42,2.64,0.87,0.33,0.12,63,45.0,59,24,56.13,0.52,0.18,0.21,Nutrient Deficient
4225.0,Pune,1.74,1365.0,793,0.54,2.63,1.25,0.38,0.17,154,96.0,102,20,51.62,0.56,0.19,0.21,Nutrient Deficient
2443.0,Sangli,1.21,1335.0,693,0.47,3.35,1.06,0.55,0.12,73,87.0,218,22,51.18,0.57,0.28,0.29,Nutrient Deficient
2766.0,Sangli,1.0,890.0,609,0.3,1.34,0.96,0.41,0.13,58,103.0,73,23,43.66,0.49,0.21,0.11,Nutrient Deficient
4547.0,Pune,1.24,1214.0,639,0.27,3.04,1.21,0.44,0.14,98,63.0,54,49,51.78,0.51,0.3,0.29,Nutrient Deficient
3727.0,Sangli,1.32,987.0,574,0.21,2.65,1.2,0.51,0.14,47,76.0,133,36,48.66,0.54,0.42,0.44,Nutrient Deficient
2051.0,Sangli,1.48,1197.0,673,0.17,1.46,0.89,0.29,0.12,73,115.0,131,42,50.92,0.49,0.43,0.23,Nutrient Deficient
4596.0,Pune,1.4,1185.0,618,0.3,1.76,0.74,0.51,0.17,67,178.0,128,31,41.15,0.65,0.47,0.33,Nutrient Deficient
1775.0,Sangli,0.83,875.0,674,0.34,2.28,1.39,0.34,0.15,50,141.0,101,32,42.58,0.53,0.28,0.14,Nutrient Deficient
2227.0,Sangli,1.28,1093.0,790,0.3,1.7,0.57,0.29,0.16,35,48.0,82,12,44.13,0.49,0.48,0.32,Nutrient Deficient
1612.0,Sangli,0.95,820.0,604,0.32,1.05,0.86,0.41,0.1,101,178.0,146,37,39.56,0.44,0.42,0.21,Nutrient Deficient
287.0,Sangli,1.43,1004.0,812,0.56,2.59,1.28,0.51,0.14,90,70.0,123,49,50.66,0.32,0.24,0.28,Nutrient Excess
2632.0,Sangli,1.4,1007.0,512,0.4,2.44,1.07,0.31,0.16,95,99.0,150,74,52.17,0.5,0.39,0.19,Nutrient Deficient
2831.0,Sangli,1.35,1164.0,364,0.21,1.64,0.87,0.42,0.13,82,116.0,117,17,44.01,0.71,0.17,0.21,Nutrient Deficient
857.0,Pune,1.68,1055.0,617,0.51,2.95,0.66,0.43,0.13,55,45.0,73,13,43.66,0.47,0.32,0.21,Nutrient Deficient
5156.0,Solapur,1.11,1074.0,812,0.34,2.88,0.86,0.17,0.14,58,85.0,89,12,38.72,0.47,0.45,0.5,Toxicity Risk
1501.0,Sangli,2.32,1500.0,667,0.48,1.82,1.38,0.46,0.14,60,70.0,94,95,49.71,0.54,0.09,0.27,Nutrient Deficient
1177.0,Sangli,1.01,940.0,611,0.4,1.08,1.28,0.49,0.1,109,462.0,89,14,61.17,0.47,0.47,0.35,Nutrient Deficient
4303.0,Pune,1.06,1018.0,619,0.45,2.31,0.64,0.33,0.11,61,98.0,56,17,42.1,0.71,0.41,0.17,Nutrient Deficient
2781.0,Sangli,1.07,997.0,378,0.49,1.65,1.0,0.52,0.13,78,98.0,104,17,47.11,0.5,0.24,0.28,Nutrient Deficient
2032.0,Sangli,1.9,1395.0,512,0.33,3.01,1.13,0.48,0.15,80,39.0,68,29,54.17,0.47,0.29,0.35,Nutrient Deficient
574.0,Sangli,1.32,1109.0,617,0.81,1.65,1.26,0.53,0.16,87,95.0,189,59,48.89,0.58,0.29,0.27,Nutrient Excess
2005.0,Sangli,1.64,1055.0,465,0.58,3.56,0.94,0.41,0.16,57,115.0,165,18,41.57,0.37,0.32,0.19,Nutrient Deficient
4998.0,Solapur,0.95,853.0,578,0.21,2.45,1.16,0.29,0.13,59,21.0,64,7,52.64,0.41,0.35,0.45,Nutrient Deficient
229.0,Pune,1.48,975.0,392,0.39,1.67,1.84,0.7,0.14,72,140.0,96,27,45.71,0.53,0.29,0.17,Nutrient Deficient
2619.0,Sangli,1.48,1270.0,493,0.47,2.6,2.13,0.69,0.15,56,50.0,34,18,56.11,0.51,0.34,0.47,Nutrient Excess
4064.0,Sangli,1.85,1417.0,371,0.46,1.82,0.71,0.36,0.14,43,42.0,53,16,50.11,0.44,0.29,0.43,Nutrient Deficient
2207.0,Sangli,1.18,1092.0,592,0.26,3.74,0.98,0.61,0.16,78,53.0,101,18,51.17,0.42,0.47,0.43,Nutrient Deficient
1972.0,Sangli,1.69,825.0,492,0.33,3.78,0.86,0.24,0.16,31,53.0,104,14,56.84,0.49,0.22,0.24,Nutrient Deficient
2566.0,Sangli,1.16,1097.0,612,0.81,2.11,1.1,0.43,0.17,66,56.0,125,28,50.61,0.52,0.17,0.14,Nutrient Deficient
2953.0,Sangli,1.06,862.0,518,0.69,2.91,1.2,0.62,0.12,142,83.0,121,120,51.66,0.47,0.41,0.21,Nutrient Deficient
2829.0,Sangli,1.27,1126.0,371,0.51,2.14,0.69,0.41,0.13,64,88.0,89,25,49.03,0.48,0.37,0.38,Nutrient Deficient
1085.0,Pune,1.34,1475.0,601,0.47,3.29,0.92,0.52,0.13,107,92.0,124,21,46.11,0.48,0.47,0.35,Nutrient Excess
1986.0,Sangli,1.4,1450.0,456,0.3,1.01,0.87,0.28,0.12,65,116.0,40,12,42.94,0.5,0.28,0.29,Nutrient Deficient
4190.0,Pune,1.46,1611.0,711,0.55,3.95,0.89,0.55,0.14,51,178.0,199,36,58.08,0.41,0.49,0.43,Nutrient Excess
2398.0,Sangli,1.32,801.0,680,0.31,1.7,0.92,0.46,0.13,77,125.0,81,12,46.12,0.54,0.31,0.31,Nutrient Deficient
2591.0,Sangli,1.16,1440.0,687,0.78,3.99,0.99,0.33,0.17,97,90.0,72,21,52.64,0.51,0.25,0.35,Nutrient Deficient
4175.0,Pune,1.16,760.0,524,0.49,2.94,1.01,0.42,0.16,62,45.0,71,102,44.9,0.46,0.21,0.19,Nutrient Deficient
4523.0,Pune,1.06,754.0,398,0.53,1.77,2.3,0.55,0.16,63,46.0,148,249,43.75,0.42,0.3,0.19,Nutrient Deficient
4986.0,Solapur,1.35,860.0,512,0.58,3.54,0.67,0.28,0.13,81,57.0,64,13,52.64,0.51,0.32,0.33,Nutrient Deficient
3914.0,Sangli,1.51,1011.0,605,0.45,2.94,1.16,0.52,0.14,282,92.0,95,57,48.13,0.54,0.2,0.21,Nutrient Excess
4184.0,Pune,1.06,995.0,556,0.39,2.04,0.94,0.31,0.12,55,106.0,42,21,57.62,0.37,0.23,0.19,Nutrient Deficient
4977.0,Solapur,2.05,1055.0,917,0.27,0.86,1.24,0.57,0.12,60,114.0,102,19,57.59,0.53,0.22,0.14,Nutrient Deficient
3770.0,Sangli,1.96,1477.0,912,0.3,1.06,0.64,0.32,0.12,48,79.0,71,24,44.01,0.43,0.36,0.58,Toxicity Risk
4322.0,Pune,1.29,902.0,698,0.26,1.24,0.99,0.34,0.13,45,52.0,44,31,49.17,0.4,0.13,0.14,Nutrient Deficient
3709.0,Sangli,1.34,992.0,488,0.71,2.17,0.93,0.43,0.15,72,25.0,67,21,42.11,0.4,0.41,0.26,Nutrient Deficient
3977.0,Sangli,1.24,945.0,663,0.56,3.12,1.39,0.62,0.14,62,111.0,118,36,50.92,0.71,0.33,0.35,Nutrient Deficient
1142.0,Sangli,1.12,840.0,728,0.2,3.12,1.48,0.7,0.14,63,71.0,121,17,55.64,0.54,0.41,0.35,Nutrient Deficient
4696.0,Pune,1.63,1315.0,647,0.33,3.83,1.8,0.71,0.16,61,49.0,140,27,44.73,0.37,0.46,0.48,Nutrient Deficient
2533.0,Sangli,1.06,907.0,512,0.32,1.73,1.52,0.54,0.16,72,71.0,131,26,51.66,0.56,0.26,0.21,Nutrient Deficient
1578.0,Sangli,1.16,1011.0,659,0.71,2.2,1.28,0.38,0.16,171,92.0,96,31,51.7,0.49,0.26,0.28,Nutrient Deficient
2204.0,Sangli,1.11,1096.0,512,0.49,3.52,0.99,0.4,0.17,119,61.0,75,15,52.64,0.41,0.36,0.26,Nutrient Deficient
3063.0,Sangli,0.9,840.0,357,0.3,1.39,1.37,0.41,0.15,39,47.0,61,16,49.11,0.43,0.47,0.44,Nutrient Deficient
1388.0,Sangli,1.21,957.0,517,0.76,3.31,1.38,0.58,0.13,95,74.0,105,47,54.84,0.7,0.21,0.31,Nutrient Deficient
3740.0,Sangli,1.16,1280.0,517,0.25,1.29,0.74,0.41,0.13,62,109.0,107,17,44.72,0.47,0.3,0.23,Nutrient Deficient
1688.0,Sangli,1.06,997.0,492,0.88,2.64,1.13,0.4,0.13,45,52.0,82,130,45.11,0.44,0.28,0.21,Nutrient Deficient
3952.0,Sangli,1.37,980.0,467,0.39,1.02,0.92,0.43,0.12,60,82.0,98,47,41.41,0.48,0.13,0.14,Nutrient Deficient
2257.0,Sangli,1.39,1071.0,512,0.23,2.93,1.21,0.3,0.17,74,154.0,96,20,56.09,0.51,0.29,0.19,Nutrient Deficient
749.0,Solapur,1.47,1265.0,718,0.48,5.7,1.3,0.35,0.12,58,114.0,70,15,36.98,0.4,0.31,0.26,Nutrient Deficient
4543.0,Pune,0.72,1101.0,511,0.34,1.76,1.41,0.33,0.14,85,39.0,199,16,41.37,0.47,0.55,0.27,Toxicity Risk
3204.0,Sangli,1.62,1371.0,493,0.4,3.94,1.44,0.66,0.15,71,65.0,82,81,53.61,0.4,0.26,0.5,Toxicity Risk
1475.0,Sangli,1.93,1120.0,571,0.34,1.21,0.97,0.41,0.15,66,129.0,97,22,46.6,0.54,0.22,0.28,Nutrient Deficient
3093.0,Sangli,1.34,1260.0,613,0.15,1.96,0.89,0.51,0.1,76,113.0,100,28,45.81,0.51,0.47,0.43,Nutrient Deficient
3350.0,Sangli,2.0,1291.0,711,0.39,1.21,0.8,0.42,0.12,60,88.0,51,15,46.9,0.46,0.39,0.28,Nutrient Deficient
3834.0,Sangli,1.17,955.0,371,0.34,2.48,0.85,0.29,0.13,52,31.0,31,21,43.71,0.56,0.26,0.35,Nutrient Deficient
3415.0,Sangli,1.43,1495.0,612,0.42,2.84,2.03,0.71,0.16,109,77.0,63,22,61.27,0.71,0.17,0.31,Nutrient Excess
4490.0,Pune,0.91,1251.0,666,0.15,1.95,2.61,0.63,0.13,53,97.0,137,113,73.1,0.51,0.29,0.15,Nutrient Deficient
3511.0,Sangli,1.4,1057.0,673,0.35,2.91,1.83,0.57,0.17,72,44.0,117,30,58.06,0.42,0.3,0.4,Nutrient Deficient
5205.0,Satara,1.06,753.0,510,0.47,1.65,1.37,0.59,0.14,86,93.0,96,43,45.12,0.71,0.27,0.28,Nutrient Deficient
3845.0,Sangli,1.53,1045.0,312,0.48,2.02,1.25,0.38,0.15,56,34.0,59,10,44.63,0.5,0.15,0.19,Nutrient Deficient
1855.0,Sangli,1.74,1575.0,912,0.65,4.04,1.87,0.49,0.16,56,119.0,115,42,51.66,0.27,0.25,0.39,Nutrient Deficient
4717.0,Pune,1.06,1430.0,417,0.42,2.95,2.3,0.65,0.18,56,125.0,155,64,49.44,0.47,0.45,0.4,Nutrient Deficient
640.0,Pune,1.43,1207.0,478,0.54,3.95,0.64,0.39,0.13,43,48.0,41,31,44.17,0.49,0.42,0.31,Nutrient Deficient
1792.0,Sangli,1.57,1015.0,611,0.48,2.09,0.8,0.32,0.14,74,199.0,112,12,49.12,0.38,0.49,0.43,Nutrient Deficient
4634.0,Pune,1.0,958.0,915,0.24,1.84,1.64,0.62,0.14,118,69.0,79,27,43.66,0.58,0.44,0.43,Nutrient Deficient
4328.0,Pune,1.57,1306.0,677,0.49,3.55,1.02,0.4,0.2,82,58.0,87,19,61.18,0.43,0.35,0.32,Nutrient Deficient
1568.0,Sangli,1.79,1285.0,598,0.41,2.48,1.11,0.44,0.13,88,112.0,107,57,47.18,0.48,0.36,0.35,Nutrient Deficient
4413.0,Pune,1.32,945.0,419,0.56,3.42,1.17,0.41,0.17,49,56.0,41,20,47.11,0.54,0.23,0.19,Nutrient Deficient
4786.0,Pune,1.68,1460.0,401,0.66,2.91,0.8,0.37,0.14,43,74.0,56,17,54.62,0.43,0.29,0.21,Nutrient Deficient
3945.0,Sangli,1.4,1345.0,310,0.39,1.51,0.82,0.33,0.1,98,270.0,116,223,39.74,0.6,0.19,0.15,Nutrient Deficient
2237.0,Sangli,1.0,820.0,493,0.92,2.11,1.14,0.53,0.15,61,91.0,81,91,44.02,0.54,0.13,0.14,Nutrient Deficient
2430.0,Sangli,1.28,1297.0,816,0.34,3.03,1.36,0.5,0.14,61,175.0,128,33,46.12,0.54,0.37,0.21,Nutrient Deficient
1069.0,Sangli,1.34,880.0,601,0.3,2.84,0.82,0.3,0.14,66,61.0,76,22,61.78,0.48,0.4,0.14,Nutrient Deficient
5153.0,Solapur,1.46,956.0,625,0.48,3.61,0.58,0.23,0.15,45,20.0,54,17,45.25,0.51,0.24,0.14,Nutrient Deficient
1276.0,Sangli,1.11,1091.0,792,0.65,2.26,0.93,0.57,0.16,82,41.0,127,31,51.18,0.44,0.49,0.21,Nutrient Deficient
3292.0,Sangli,1.43,1090.0,601,0.38,2.82,0.66,0.37,0.13,39,129.0,85,37,50.47,0.43,0.43,0.27,Nutrient Deficient
2365.0,Sangli,0.84,1020.0,574,0.31,3.89,0.92,0.43,0.17,68,40.0,134,10,45.82,0.56,0.26,0.22,Nutrient Deficient
394.0,Sangli,1.0,987.0,711,0.57,2.64,1.48,0.58,0.15,69,99.0,89,147,49.01,0.71,0.3,0.17,Nutrient Deficient
2024.0,Sangli,1.06,962.0,478,0.47,2.13,0.89,0.33,0.16,72,43.0,104,22,40.61,0.41,0.43,0.43,Nutrient Deficient
2764.0,Sangli,0.9,805.0,711,0.4,1.23,1.48,0.69,0.17,88,207.0,147,23,56.12,0.51,0.49,0.28,Nutrient Deficient
1764.0,Sangli,1.72,1209.0,517,0.51,1.68,1.39,0.61,0.15,68,81.0,51,16,53.67,0.46,0.5,0.25,Toxicity Risk
4259.0,Pune,1.18,964.0,493,0.29,3.03,0.74,0.37,0.17,54,26.0,61,24,49.12,0.42,0.33,0.28,Nutrient Deficient
392.0,Sangli,1.74,1217.0,578,0.57,2.93,0.84,0.35,0.16,92,159.0,71,283,40.12,0.6,0.35,0.19,Nutrient Deficient
1784.0,Sangli,1.59,1150.0,689,0.25,1.21,1.51,0.62,0.17,72,69.0,85,164,45.84,0.49,0.42,0.25,Nutrient Deficient
4764.0,Pune,1.06,1052.0,500,0.49,2.82,1.15,0.37,0.15,63,97.0,46,36,54.37,0.51,0.39,0.28,Nutrient Deficient
2012.0,Sangli,1.43,1000.0,479,0.71,3.18,1.06,0.46,0.14,38,69.0,57,19,41.74,0.47,0.2,0.21,Nutrient Deficient
4499.0,Pune,1.61,1494.0,604,0.48,2.32,0.86,0.48,0.16,63,75.0,88,20,54.37,0.51,0.42,0.19,Nutrient Deficient
1054.0,Sangli,1.4,755.0,887,0.32,1.88,1.21,0.39,0.13,63,62.0,103,11,49.67,0.46,0.31,0.4,Nutrient Deficient
3086.0,Sangli,1.27,1400.0,898,0.39,2.56,0.99,0.27,0.15,65,158.0,157,57,51.61,0.4,0.39,0.19,Nutrient Deficient
4559.0,Pune,1.69,1460.0,586,0.46,2.99,2.07,0.58,0.15,54,120.0,176,31,49.17,0.61,0.42,0.19,Nutrient Excess
4838.0,Pune,1.27,1253.0,604,0.29,3.95,1.05,0.41,0.14,219,98.0,149,61,43.67,0.61,0.47,0.33,Nutrient Deficient
3715.0,Sangli,1.69,1366.0,554,0.44,1.78,1.92,0.62,0.12,75,43.0,69,35,54.12,0.59,0.15,0.18,Balanced / Optimal
2523.0,Sangli,1.23,1160.0,894,0.47,2.58,1.23,0.42,0.16,56,106.0,101,23,59.13,0.42,0.41,0.26,Nutrient Deficient
1992.0,Sangli,1.59,1120.0,692,0.42,1.55,1.3,0.41,0.16,83,72.0,118,24,44.74,0.49,0.39,0.29,Nutrient Deficient
2938.0,Sangli,1.51,1210.0,609,0.3,2.22,0.96,0.59,0.13,69,109.0,116,15,53.66,0.5,0.39,0.21,Nutrient Deficient
2649.0,Sangli,1.74,1106.0,571,0.41,1.41,1.2,0.41,0.15,64,74.0,125,13,37.11,0.42,0.28,0.21,Nutrient Deficient
2545.0,Sangli,1.84,1259.0,610,0.35,3.82,1.49,0.4,0.19,189,64.0,130,27,42.26,0.4,0.47,0.41,Nutrient Deficient
455.0,Sangli,1.0,872.0,601,0.55,2.83,1.15,0.55,0.15,82,102.0,100,13,49.12,0.51,0.29,0.19,Nutrient Deficient
3850.0,Sangli,1.85,1395.0,612,0.43,2.17,0.96,0.41,0.13,60,52.0,109,32,46.78,0.43,0.36,0.21,Nutrient Deficient
3376.0,Sangli,1.48,1091.0,978,0.33,2.09,1.43,0.59,0.13,61,107.0,121,27,47.11,0.51,0.32,0.38,Nutrient Deficient
101.0,Sangli,1.12,846.0,411,0.3,3.0,1.51,0.52,0.12,66,91.0,65,20,51.12,0.56,0.19,0.14,Nutrient Deficient
1371.0,Sangli,1.6,1208.0,517,0.31,1.16,0.55,0.39,0.13,47,108.0,63,11,50.16,0.57,0.24,0.17,Nutrient Deficient
1425.0,Sangli,1.48,1209.0,711,0.41,2.54,0.67,0.4,0.13,53,70.0,60,16,51.74,0.42,0.29,0.32,Nutrient Deficient
3972.0,Sangli,1.27,997.0,392,0.54,2.21,0.81,0.34,0.12,58,70.0,101,11,46.09,0.39,0.25,0.28,Nutrient Deficient
4425.0,Pune,1.21,850.0,700,0.3,1.45,1.69,0.4,0.13,126,90.0,67,20,42.07,0.39,0.14,0.19,Nutrient Deficient
695.0,Sangli,1.34,1103.0,556,0.54,1.23,0.81,0.38,0.17,43,41.0,121,26,37.97,0.46,0.53,0.26,Toxicity Risk
2579.0,Sangli,1.18,1490.0,501,0.44,1.34,0.8,0.32,0.13,50,66.0,63,18,39.12,0.39,0.36,0.21,Nutrient Deficient
275.0,Sangli,1.07,997.0,465,0.4,2.88,1.27,0.39,0.12,63,96.0,65,12,48.08,0.51,0.13,0.28,Nutrient Deficient
227.0,Pune,1.53,1076.0,478,0.44,1.35,0.99,0.41,0.1,64,116.0,87,44,47.64,0.54,0.23,0.19,Nutrient Deficient
4145.0,Pune,1.06,913.0,586,0.47,1.58,0.63,0.44,0.15,58,47.0,74,13,43.93,0.54,0.39,0.28,Nutrient Deficient
4621.0,Pune,1.16,991.0,693,0.5,2.85,0.86,0.46,0.14,65,95.0,100,11,54.11,0.61,0.43,0.33,Nutrient Deficient
3523.0,Sangli,1.23,1291.0,711,0.81,3.26,0.74,0.33,0.16,35,80.0,118,185,39.66,0.38,0.37,0.28,Nutrient Deficient
320.0,Pune,1.32,1096.0,524,0.28,1.55,0.92,0.4,0.1,55,71.0,75,23,50.64,0.41,0.28,0.21,Nutrient Deficient
1667.0,Sangli,1.79,1059.0,708,0.39,2.34,1.36,0.61,0.13,65,208.0,117,8,51.66,0.44,0.31,0.35,Nutrient Deficient
4407.0,Pune,1.06,1029.0,370,0.25,2.42,1.15,0.46,0.13,71,73.0,96,19,42.27,0.54,0.43,0.29,Nutrient Deficient
2601.0,Sangli,1.4,1101.0,692,0.31,1.74,1.66,0.68,0.1,66,172.0,125,33,41.68,0.47,0.23,0.39,Nutrient Deficient
3706.0,Sangli,1.23,1027.0,492,0.6,1.66,0.92,0.33,0.16,49,48.0,71,28,44.75,0.48,0.11,0.21,Nutrient Deficient
457.0,Sangli,1.11,1027.0,711,0.66,3.24,1.34,0.47,0.14,61,134.0,80,52,43.63,0.29,0.23,0.17,Nutrient Deficient
324.0,Pune,1.37,1190.0,466,0.31,1.51,0.86,0.4,0.14,96,91.0,87,51,48.12,0.46,0.19,0.14,Nutrient Deficient
1856.0,Sangli,1.12,1233.0,571,0.22,1.21,0.89,0.33,0.13,65,109.0,96,38,51.17,0.44,0.14,0.14,Nutrient Deficient
739.0,Sangli,1.47,920.0,392,0.44,1.37,1.22,0.29,0.17,56,136.0,131,74,38.66,0.43,0.26,0.19,Nutrient Deficient
5036.0,Solapur,0.9,818.0,519,0.5,1.13,0.88,0.29,0.1,155,47.0,56,21,57.97,0.71,0.22,0.16,Nutrient Deficient
3313.0,Sangli,1.64,1453.0,693,0.25,2.71,0.73,0.41,0.15,59,107.0,109,50,50.92,0.42,0.19,0.35,Nutrient Deficient
2644.0,Sangli,0.9,1345.0,711,0.5,1.49,1.52,0.63,0.16,109,265.0,110,44,44.81,0.56,0.28,0.14,Nutrient Deficient
2841.0,Sangli,1.96,1055.0,711,0.49,1.89,0.74,0.24,0.14,51,105.0,94,19,37.1,0.47,0.32,0.41,Nutrient Deficient
1702.0,Sangli,1.12,1291.0,711,0.32,3.04,1.06,0.49,0.15,285,252.0,192,89,42.68,0.49,0.31,0.28,Nutrient Deficient
3107.0,Sangli,1.4,909.0,512,0.32,1.07,0.56,0.22,0.17,40,62.0,72,61,36.73,0.43,0.27,0.19,Nutrient Deficient
2389.0,Sangli,1.73,1000.0,481,0.43,3.02,0.98,0.4,0.13,56,173.0,77,26,43.15,0.49,0.25,0.21,Nutrient Deficient
304.0,Sangli,1.06,987.0,423,0.23,2.13,1.62,0.58,0.17,64,63.0,93,89,44.74,0.53,0.18,0.27,Nutrient Deficient
4971.0,Solapur,1.06,848.0,613,0.33,1.13,1.17,0.27,0.11,79,54.0,102,27,51.67,0.71,0.24,0.3,Nutrient Deficient
2683.0,Sangli,1.73,1296.0,593,0.57,2.3,1.39,0.4,0.14,60,252.0,100,42,38.66,0.59,0.2,0.39,Nutrient Deficient
2454.0,Sangli,1.62,1297.0,488,0.53,3.12,1.26,0.54,0.15,56,68.0,78,30,47.99,0.64,0.31,0.23,Nutrient Excess
2148.0,Sangli,1.34,994.0,611,0.26,2.09,0.74,0.34,0.14,49,80.0,75,74,49.19,0.52,0.19,0.07,Nutrient Deficient
1957.0,Sangli,1.06,1125.0,711,0.74,3.94,1.39,0.57,0.15,225,72.0,87,19,59.28,0.57,0.39,0.32,Nutrient Deficient
4958.0,Solapur,0.95,1038.0,490,0.49,2.33,0.69,0.41,0.12,76,51.0,48,15,48.65,0.7,0.24,0.32,Nutrient Deficient
4585.0,Pune,1.06,1162.0,471,0.27,2.55,0.91,0.41,0.13,122,224.0,186,17,45.97,0.58,0.49,0.21,Nutrient Deficient
3703.0,Sangli,1.62,1330.0,711,0.46,3.78,0.77,0.39,0.14,72,161.0,78,21,46.12,0.54,0.48,0.21,Nutrient Deficient
1322.0,Sangli,1.29,1470.0,564,0.48,2.35,0.84,0.29,0.13,73,161.0,132,27,41.78,0.48,0.21,0.32,Nutrient Deficient
3549.0,Sangli,1.06,1085.0,593,0.67,3.72,0.83,0.33,0.1,65,52.0,178,30,44.01,0.41,0.35,0.47,Nutrient Deficient
4244.0,Pune,1.32,991.0,666,0.34,3.49,1.4,0.66,0.15,103,99.0,67,42,49.17,0.44,0.17,0.39,Nutrient Deficient
4683.0,Pune,1.21,896.0,397,0.47,1.76,1.34,0.51,0.16,69,88.0,67,12,46.09,0.47,0.2,0.28,Nutrient Deficient
4369.0,Pune,1.41,1185.0,678,0.41,3.37,1.32,0.42,0.17,68,69.0,92,58,73.87,0.44,0.45,0.47,Nutrient Deficient
1019.0,Sangli,1.06,805.0,712,0.46,2.55,1.13,0.63,0.15,59,69.0,96,28,50.74,0.54,0.29,0.43,Nutrient Deficient
1397.0,Sangli,1.34,1213.0,611,0.26,3.54,1.31,0.47,0.16,64,50.0,89,33,51.18,0.47,0.32,0.26,Nutrient Deficient
4218.0,Pune,1.85,1045.0,413,0.61,3.34,1.65,0.38,0.13,95,45.0,167,47,42.67,0.47,0.47,0.31,Nutrient Deficient
1727.0,Sangli,2.18,1495.0,478,0.6,2.0,1.37,0.54,0.12,140,111.0,121,64,43.71,0.51,0.49,0.55,Toxicity Risk
4881.0,Pune,1.29,869.0,386,0.3,1.06,1.05,0.41,0.13,53,97.0,70,52,39.15,0.45,0.28,0.14,Nutrient Deficient
151.0,Solapur,1.37,981.0,801,0.24,1.04,1.54,0.67,0.13,92,104.0,87,24,51.18,0.49,0.21,0.14,Nutrient Deficient
2176.0,Sangli,0.97,900.0,523,0.25,1.77,0.89,0.44,0.13,100,44.0,118,57,44.88,0.48,0.31,0.32,Nutrient Deficient
722.0,Sangli,2.11,1435.0,718,0.5,2.16,0.84,0.25,0.16,64,173.0,95,17,47.64,0.44,0.21,0.32,Nutrient Deficient
1641.0,Sangli,1.23,970.0,711,0.52,1.78,1.28,0.41,0.11,71,48.0,55,13,49.7,0.54,0.22,0.14,Nutrient Deficient
3924.0,Sangli,1.69,1097.0,414,0.46,1.42,0.69,0.28,0.15,92,40.0,83,34,41.78,0.43,0.43,0.15,Nutrient Deficient
4642.0,Pune,0.95,1005.0,471,0.62,2.68,0.61,0.31,0.12,63,117.0,46,27,49.17,0.43,0.21,0.38,Nutrient Deficient
2963.0,Sangli,1.23,1004.0,689,0.33,2.19,0.96,0.58,0.14,68,91.0,116,19,46.6,0.47,0.32,0.39,Nutrient Deficient
5164.0,Solapur,1.01,908.0,521,0.58,5.56,0.58,0.27,0.12,81,19.0,38,9,40.7,0.42,0.27,0.31,Nutrient Deficient
2058.0,Sangli,1.62,995.0,490,0.52,2.05,1.06,0.33,0.1,100,142.0,101,41,40.18,0.46,0.49,0.54,Toxicity Risk
778.0,Sangli,1.96,780.0,816,0.61,2.3,0.68,0.36,0.16,93,213.0,93,23,38.11,0.46,0.33,0.39,Nutrient Deficient
826.0,Solapur,0.95,950.0,571,0.3,3.32,0.87,0.27,0.13,63,29.0,31,12,46.71,0.6,0.29,0.39,Nutrient Deficient
3111.0,Sangli,1.12,1377.0,494,0.26,3.59,1.26,0.39,0.13,56,69.0,89,16,61.17,0.47,0.29,0.43,Nutrient Deficient
4678.0,Pune,1.51,882.0,509,0.41,1.33,1.42,0.39,0.16,64,101.0,114,48,45.68,0.45,0.31,0.12,Nutrient Deficient
4406.0,Pune,1.11,807.0,610,0.2,1.6,0.61,0.39,0.14,60,75.0,76,31,52.19,0.54,0.47,0.24,Nutrient Deficient
2734.0,Sangli,2.11,1435.0,561,0.71,3.97,1.13,0.42,0.13,56,40.0,126,155,42.87,0.51,0.26,0.2,Nutrient Deficient
2054.0,Sangli,1.34,920.0,417,0.39,2.03,1.26,0.58,0.13,78,145.0,97,50,49.67,0.48,0.19,0.14,Nutrient Deficient
2310.0,Sangli,1.69,995.0,813,0.37,2.16,0.84,0.39,0.17,99,263.0,276,33,41.74,0.47,0.41,0.19,Nutrient Deficient
4161.0,Pune,1.07,947.0,762,0.3,2.32,1.11,0.57,0.14,48,146.0,91,54,62.8,0.43,0.27,0.19,Nutrient Deficient
2585.0,Sangli,1.64,1100.0,750,0.41,2.31,1.21,0.59,0.09,42,46.0,100,30,39.61,0.63,0.3,0.21,Nutrient Excess
179.0,Pune,1.27,857.0,762,0.48,2.0,1.14,0.59,0.14,59,94.0,62,52,52.64,0.61,0.19,0.21,Nutrient Deficient
2839.0,Sangli,1.59,1057.0,418,0.41,3.06,0.7,0.3,0.12,56,89.0,97,24,39.82,0.51,0.38,0.26,Nutrient Deficient
672.0,Pune,1.9,1195.0,417,0.49,2.73,0.4,0.16,0.15,107,50.0,147,148,45.78,0.46,0.39,0.12,Nutrient Deficient
233.0,Pune,1.43,1023.0,684,0.6,2.2,1.43,0.48,0.17,66,63.0,66,12,48.64,0.64,0.17,0.17,Nutrient Deficient
5189.0,Solapur,1.06,1104.0,584,0.58,2.91,0.68,0.23,0.17,48,52.0,168,49,41.36,0.47,0.48,0.39,Nutrient Deficient
3529.0,Sangli,1.18,975.0,489,0.53,3.01,0.7,0.36,0.2,100,260.0,97,23,44.12,0.49,0.37,0.32,Nutrient Deficient
4080.0,Sangli,1.68,1612.0,609,0.26,2.05,0.78,0.41,0.15,79,95.0,82,36,53.72,0.71,0.37,0.28,Nutrient Deficient
821.0,Solapur,1.06,770.0,613,0.21,1.68,1.15,0.37,0.12,109,59.0,42,10,51.66,0.43,0.3,0.41,Nutrient Deficient
1823.0,Sangli,0.9,1191.0,679,0.46,3.54,1.02,0.54,0.16,62,36.0,49,69,61.27,0.42,0.17,0.28,Nutrient Deficient
1165.0,Sangli,1.12,905.0,578,0.58,3.04,1.63,0.65,0.15,85,89.0,65,28,59.12,0.49,0.41,0.28,Nutrient Deficient
995.0,Sangli,1.62,1592.0,698,0.31,2.79,1.07,0.42,0.15,49,101.0,117,13,56.11,0.49,0.37,0.28,Nutrient Deficient
3312.0,Sangli,1.53,1091.0,401,0.4,1.39,0.98,0.43,0.12,61,125.0,76,105,47.64,0.52,0.26,0.07,Nutrient Deficient
1666.0,Sangli,1.4,1107.0,581,0.64,3.04,1.41,0.54,0.16,115,53.0,81,42,51.66,0.4,0.43,0.43,Nutrient Excess
1015.0,Sangli,2.35,1435.0,566,0.29,1.39,1.11,0.37,0.14,54,226.0,110,11,50.16,0.46,0.3,0.21,Nutrient Deficient
3421.0,Sangli,0.95,1005.0,372,0.42,3.77,2.94,0.74,0.16,91,109.0,175,38,51.83,0.51,0.29,0.31,Nutrient Deficient
4788.0,Pune,1.08,1196.0,511,0.44,2.94,0.99,0.49,0.13,50,97.0,111,14,79.39,0.45,0.3,0.57,Toxicity Risk
1300.0,Sangli,2.18,1092.0,511,0.27,1.44,0.63,0.23,0.13,71,92.0,59,8,36.93,0.4,0.19,0.17,Nutrient Deficient
26.0,Sangli,1.8,1280.0,471,0.3,3.25,1.38,0.43,0.15,209,79.0,54,18,51.18,0.45,0.28,0.26,Nutrient Deficient
302.0,Sangli,1.17,1009.0,609,0.33,2.42,1.98,0.65,0.15,65,107.0,152,39,45.81,0.51,0.36,0.21,Nutrient Deficient
3995.0,Sangli,1.48,1360.0,711,0.25,1.74,0.83,0.46,0.13,76,99.0,126,27,49.77,0.38,0.25,0.32,Nutrient Deficient
599.0,Sangli,1.06,857.0,401,0.42,2.54,2.35,0.56,0.16,94,168.0,168,204,53.66,0.51,0.26,0.27,Nutrient Deficient
3996.0,Sangli,1.27,896.0,388,0.22,2.38,2.55,0.49,0.15,73,97.0,102,12,51.74,0.71,0.29,0.26,Nutrient Deficient
3189.0,Sangli,1.53,1315.0,777,0.44,3.93,0.71,0.44,0.15,64,76.0,123,142,56.96,0.52,0.31,0.44,Nutrient Deficient
2140.0,Sangli,1.06,1075.0,715,0.34,3.2,1.36,0.5,0.16,56,172.0,111,51,52.11,0.49,0.08,0.14,Nutrient Deficient
1680.0,Sangli,2.33,1503.0,748,0.45,2.78,1.69,0.71,0.13,55,99.0,132,284,49.88,0.44,0.46,0.21,Nutrient Excess
1436.0,Sangli,1.11,829.0,512,0.4,2.85,0.82,0.28,0.1,66,135.0,140,20,46.08,0.34,0.49,0.5,Toxicity Risk
3068.0,Sangli,1.0,1076.0,659,0.83,3.25,1.1,0.62,0.18,61,201.0,147,22,46.6,0.43,0.51,0.4,Toxicity Risk
2164.0,Sangli,1.16,1297.0,518,0.36,1.74,1.09,0.51,0.14,252,88.0,74,23,50.78,0.43,0.45,0.25,Nutrient Deficient
5042.0,Solapur,1.28,950.0,885,0.52,1.06,1.07,0.61,0.14,47,183.0,103,87,53.16,0.47,0.3,0.21,Nutrient Deficient
4712.0,Pune,1.51,1192.0,409,0.54,3.26,1.12,0.46,0.13,133,43.0,79,31,43.98,0.5,0.26,0.19,Nutrient Deficient
2104.0,Sangli,0.95,1277.0,608,0.62,2.64,0.6,0.29,0.13,46,87.0,65,10,41.86,0.53,0.24,0.17,Nutrient Deficient
1511.0,Sangli,1.0,948.0,711,0.43,2.25,1.38,0.57,0.19,72,144.0,114,17,53.78,0.41,0.48,0.21,Nutrient Deficient
3202.0,Sangli,1.73,1092.0,398,0.68,1.67,0.86,0.48,0.13,101,82.0,116,60,43.64,0.63,0.29,0.14,Nutrient Deficient
4811.0,Pune,0.87,898.0,368,0.4,2.68,1.33,0.47,0.16,55,42.0,50,37,50.12,0.55,0.19,0.21,Nutrient Deficient
235.0,Sangli,1.53,1159.0,978,0.27,0.99,0.91,0.47,0.1,52,163.0,106,9,58.64,0.57,0.21,0.15,Nutrient Deficient
4789.0,Pune,0.95,816.0,693,0.54,1.2,0.81,0.38,0.13,65,81.0,42,51,40.61,0.51,0.13,0.14,Nutrient Deficient
4285.0,Pune,1.74,1499.0,501,0.48,3.55,0.63,0.29,0.17,49,69.0,85,57,44.62,0.47,0.19,0.21,Nutrient Deficient
2996.0,Sangli,1.32,1034.0,440,0.3,1.93,1.13,0.39,0.14,70,52.0,120,16,42.94,0.46,0.19,0.13,Nutrient Deficient
5149.0,Solapur,1.35,848.0,613,0.23,2.67,1.07,0.37,0.15,85,29.0,64,15,41.74,0.47,0.33,0.26,Nutrient Deficient
4039.0,Sangli,1.53,940.0,405,0.33,2.2,0.67,0.56,0.12,53,43.0,88,13,50.08,0.53,0.46,0.17,Nutrient Deficient
2926.0,Sangli,1.29,1207.0,632,0.37,3.73,0.99,0.44,0.14,64,141.0,134,11,43.71,0.52,0.22,0.19,Nutrient Deficient
4869.0,Pune,1.23,1074.0,418,0.47,2.82,1.28,0.41,0.15,74,82.0,85,34,46.88,0.5,0.19,0.21,Nutrient Deficient
921.0,Pune,1.29,790.0,612,0.27,2.3,1.13,0.44,0.17,51,83.0,101,113,54.13,0.47,0.32,0.43,Nutrient Deficient
4654.0,Pune,1.59,1229.0,478,0.24,3.26,1.37,0.43,0.16,225,95.0,198,49,61.09,0.51,0.38,0.44,Nutrient Deficient
5171.0,Solapur,1.5,1352.0,705,0.5,3.05,1.75,0.61,0.14,59,52.0,128,25,50.8,0.52,0.32,0.2,Nutrient Excess
3584.0,Sangli,1.23,1480.0,600,0.24,1.74,1.34,0.56,0.14,71,113.0,117,25,41.71,0.44,0.26,0.15,Nutrient Deficient
3807.0,Sangli,1.51,1007.0,598,0.44,2.6,1.83,0.69,0.14,73,185.0,131,253,39.65,0.47,0.47,0.19,Nutrient Excess
4528.0,Pune,0.9,900.0,478,0.24,2.35,2.21,0.63,0.12,138,137.0,67,19,57.78,0.52,0.24,0.21,Nutrient Deficient
3934.0,Sangli,1.12,800.0,790,0.15,2.28,1.06,0.47,0.12,60,70.0,129,9,49.12,0.72,0.36,0.18,Nutrient Deficient
3618.0,Sangli,1.73,792.0,592,0.75,2.42,1.43,0.34,0.17,74,56.0,86,283,44.81,0.41,0.47,0.28,Nutrient Deficient
1490.0,Sangli,1.27,995.0,571,0.42,1.39,1.41,0.47,0.13,137,329.0,158,17,44.72,0.67,0.25,0.33,Nutrient Deficient
4852.0,Pune,1.12,1018.0,693,0.14,1.56,1.34,0.61,0.13,74,128.0,125,82,50.77,0.5,0.15,0.2,Nutrient Deficient
4129.0,Pune,1.06,850.0,669,0.48,2.29,0.76,0.46,0.13,42,105.0,38,16,56.57,0.51,0.26,0.31,Nutrient Deficient
2890.0,Sangli,1.47,1015.0,455,0.88,2.58,1.09,0.42,0.12,61,39.0,101,81,49.86,0.41,0.13,0.07,Nutrient Deficient
1833.0,Sangli,1.32,755.0,478,0.32,2.16,1.32,0.69,0.14,65,82.0,113,61,43.15,0.49,0.28,0.14,Nutrient Deficient
4315.0,Pune,1.11,944.0,639,0.48,2.98,1.58,0.72,0.14,96,39.0,42,27,51.62,0.51,0.29,0.12,Nutrient Deficient
3069.0,Sangli,1.35,1091.0,901,0.4,2.11,1.46,0.55,0.17,64,111.0,193,32,56.09,0.39,0.47,0.27,Nutrient Deficient
2108.0,Sangli,1.51,1471.0,495,0.43,1.05,1.4,0.47,0.14,64,56.0,100,58,43.11,0.63,0.29,0.38,Nutrient Deficient
4136.0,Pune,0.89,1021.0,768,0.48,1.52,0.89,0.41,0.13,53,45.0,92,51,43.7,0.44,0.2,0.27,Nutrient Deficient
3226.0,Sangli,1.46,1475.0,678,0.68,3.91,1.44,0.56,0.13,52,76.0,51,48,62.14,0.49,0.36,0.17,Nutrient Excess
4650.0,Pune,1.34,1438.0,684,0.42,3.3,0.73,0.4,0.15,69,69.0,51,17,59.12,0.43,0.26,0.33,Nutrient Deficient
714.0,Sangli,1.6,645.0,718,0.53,1.03,0.74,0.38,0.13,54,83.0,185,71,41.74,0.41,0.43,0.32,Nutrient Deficient
2254.0,Sangli,1.06,956.0,711,0.57,2.52,1.43,0.72,0.12,64,88.0,121,80,43.78,0.5,0.42,0.18,Nutrient Deficient
2792.0,Sangli,0.95,1206.0,611,0.28,3.66,1.39,0.47,0.17,94,157.0,126,14,46.6,0.47,0.2,0.28,Nutrient Deficient
3994.0,Sangli,1.46,1080.0,538,0.38,1.63,0.95,0.45,0.1,124,82.0,77,53,52.17,0.71,0.35,0.14,Nutrient Deficient
4002.0,Sangli,1.32,895.0,371,0.36,3.1,1.36,0.58,0.12,281,174.0,87,22,41.57,0.4,0.37,0.14,Nutrient Deficient
396.0,Pune,1.16,893.0,571,0.39,2.47,1.17,0.66,0.11,58,97.0,61,49,45.11,0.41,0.45,0.25,Nutrient Deficient
1438.0,Sangli,1.21,1120.0,535,0.44,2.29,2.08,0.71,0.15,66,76.0,59,17,55.65,0.48,0.28,0.35,Nutrient Deficient
3203.0,Sangli,1.17,1206.0,312,0.31,3.09,1.46,0.47,0.16,284,69.0,58,110,56.94,0.5,0.28,0.27,Nutrient Deficient
3344.0,Sangli,1.34,751.0,425,0.33,1.44,0.7,0.29,0.14,211,100.0,89,8,56.89,0.63,0.2,0.21,Nutrient Deficient
2955.0,Sangli,1.23,1470.0,690,0.32,3.06,1.65,0.44,0.17,104,138.0,192,159,49.71,0.48,0.49,0.31,Nutrient Deficient
4669.0,Pune,0.72,995.0,465,0.25,2.56,1.82,0.42,0.13,54,100.0,136,40,51.71,0.48,0.25,0.19,Nutrient Deficient
4481.0,Pune,1.22,1460.0,401,0.54,3.19,0.89,0.41,0.13,65,121.0,117,27,54.11,0.71,0.25,0.19,Nutrient Deficient
3561.0,Sangli,1.0,945.0,609,0.62,0.96,0.81,0.23,0.15,56,111.0,93,26,45.81,0.49,0.2,0.26,Nutrient Deficient
1355.0,Sangli,1.18,890.0,371,0.42,1.31,1.22,0.39,0.2,99,61.0,65,23,53.66,0.49,0.18,0.07,Nutrient Deficient
1070.0,Sangli,1.96,1430.0,781,0.37,3.47,0.93,0.37,0.16,71,51.0,92,19,54.16,0.46,0.42,0.14,Nutrient Deficient
3118.0,Sangli,0.79,1190.0,671,0.48,1.95,0.89,0.37,0.13,86,37.0,120,23,52.71,0.51,0.34,0.35,Nutrient Deficient
4513.0,Pune,1.34,942.0,512,0.53,1.44,0.67,0.24,0.17,55,42.0,51,19,38.85,0.49,0.21,0.19,Nutrient Deficient
2971.0,Sangli,1.18,1020.0,671,0.45,2.65,1.09,0.61,0.15,118,299.0,192,81,40.1,0.46,0.62,0.43,Toxicity Risk
1610.0,Sangli,1.73,1092.0,536,0.32,2.64,1.64,0.58,0.15,47,85.0,114,89,53.62,0.71,0.21,0.15,Nutrient Deficient
1871.0,Sangli,1.4,1185.0,562,0.35,1.14,1.2,0.52,0.17,69,106.0,101,65,45.12,0.51,0.27,0.28,Nutrient Deficient
602.0,Sangli,1.27,883.0,574,0.78,3.29,1.65,0.58,0.14,104,250.0,164,168,53.66,0.5,0.41,0.39,Nutrient Deficient
1510.0,Sangli,1.4,980.0,460,0.4,1.87,0.8,0.38,0.11,79,109.0,121,17,40.32,0.6,0.23,0.28,Nutrient Deficient
3767.0,Sangli,1.28,1005.0,590,0.59,3.09,1.18,0.6,0.13,88,149.0,216,90,46.12,0.47,0.36,0.21,Nutrient Deficient
729.0,Sangli,1.28,725.0,578,0.57,1.74,0.78,0.24,0.15,51,50.0,79,50,41.7,0.44,0.23,0.1,Nutrient Deficient
4719.0,Pune,1.29,1082.0,473,0.43,1.84,0.98,0.42,0.13,63,117.0,54,24,42.84,0.61,0.35,0.15,Nutrient Deficient
2670.0,Sangli,1.69,940.0,701,0.61,3.04,0.96,0.39,0.15,71,41.0,125,20,46.12,0.52,0.31,0.24,Nutrient Deficient
3951.0,Sangli,1.37,1040.0,417,0.42,1.21,0.78,0.34,0.16,64,47.0,113,24,40.82,0.52,0.26,0.07,Nutrient Deficient
3993.0,Sangli,0.9,1091.0,871,0.14,2.84,1.88,0.58,0.16,66,305.0,180,37,45.11,0.46,0.2,0.26,Nutrient Deficient
2500.0,Sangli,1.12,993.0,566,0.61,3.98,1.19,0.37,0.14,63,94.0,57,61,45.74,0.49,0.29,0.19,Nutrient Deficient
1135.0,Sangli,1.18,1500.0,663,0.41,3.18,1.08,0.47,0.15,59,157.0,80,12,49.12,0.51,0.44,0.35,Nutrient Deficient
4551.0,Pune,1.29,1240.0,511,0.37,3.28,1.03,0.51,0.17,46,74.0,73,49,73.73,0.45,0.42,0.35,Nutrient Deficient
2116.0,Sangli,0.9,905.0,492,0.47,1.58,1.49,0.33,0.14,54,83.0,134,119,49.19,0.6,0.4,0.43,Nutrient Deficient
4750.0,Pune,1.22,1032.0,571,0.38,2.06,1.16,0.38,0.14,71,37.0,149,170,49.18,0.44,0.29,0.14,Nutrient Deficient
3564.0,Sangli,1.53,1009.0,671,0.31,3.31,0.84,0.52,0.14,51,61.0,98,11,51.64,0.44,0.24,0.17,Nutrient Deficient
3314.0,Sangli,0.95,810.0,474,0.35,1.08,1.17,0.38,0.14,72,152.0,119,61,39.7,0.44,0.26,0.28,Nutrient Deficient
1777.0,Sangli,1.65,1111.0,467,0.18,2.39,1.28,0.29,0.15,88,26.0,42,88,50.74,0.71,0.23,0.26,Nutrient Deficient
3567.0,Sangli,1.18,1450.0,674,0.32,1.64,0.57,0.23,0.16,49,37.0,49,12,44.83,0.51,0.23,0.16,Nutrient Deficient
417.0,Pune,1.69,1378.0,498,0.4,1.86,1.15,0.59,0.15,62,81.0,67,47,43.69,0.38,0.31,0.21,Nutrient Deficient
47.0,Sangli,1.84,1289.0,508,0.3,1.2,1.72,0.43,0.14,96,96.0,67,16,54.11,0.48,0.29,0.24,Nutrient Deficient
788.0,Sangli,1.12,820.0,611,0.32,2.09,1.1,0.41,0.12,109,222.0,137,109,44.88,0.41,0.5,0.7,Toxicity Risk
1589.0,Sangli,1.27,1400.0,803,0.44,2.41,1.16,0.58,0.13,61,104.0,148,89,39.71,0.51,0.31,0.35,Nutrient Deficient
3909.0,Sangli,1.4,702.0,533,0.23,1.35,1.36,0.56,0.16,80,70.0,53,41,44.01,0.43,0.27,0.28,Nutrient Deficient
2356.0,Sangli,1.62,1198.0,794,0.46,2.06,0.93,0.4,0.13,66,57.0,143,12,53.71,0.44,0.1,0.1,Nutrient Deficient
1350.0,Sangli,1.4,857.0,516,0.48,2.88,0.63,0.27,0.14,47,124.0,100,31,52.64,0.4,0.36,0.28,Nutrient Deficient
3139.0,Sangli,1.11,1366.0,570,0.44,1.3,1.26,0.56,0.19,97,168.0,59,19,61.27,0.63,0.3,0.43,Nutrient Deficient
1999.0,Sangli,1.16,834.0,509,0.71,1.45,0.66,0.41,0.13,56,116.0,88,12,49.6,0.49,0.24,0.13,Nutrient Deficient
3696.0,Sangli,0.97,1025.0,488,0.61,3.19,1.49,0.42,0.14,103,82.0,47,168,49.19,0.51,0.3,0.21,Nutrient Deficient
97.0,Sangli,1.06,815.0,330,0.2,1.32,1.81,0.58,0.14,46,38.0,59,22,44.08,0.6,0.18,0.071,Nutrient Deficient
5118.0,Solapur,0.87,913.0,626,0.36,1.71,1.31,0.56,0.1,74,104.0,66,12,52.99,0.69,0.19,0.16,Nutrient Deficient
2231.0,Sangli,1.74,907.0,556,0.63,1.58,0.9,0.28,0.13,49,43.0,97,58,41.78,0.48,0.21,0.17,Nutrient Deficient
564.0,Sangli,1.06,1109.0,598,0.59,2.3,1.69,0.54,0.15,77,88.0,136,274,54.12,0.49,0.36,0.25,Nutrient Deficient
2812.0,Sangli,1.01,1468.0,602,0.35,1.75,0.94,0.29,0.13,59,111.0,49,12,40.91,0.56,0.31,0.14,Nutrient Deficient
79.0,Solapur,1.45,1176.0,536,0.55,2.45,1.63,0.57,0.13,71,112.0,96,33,60.41,0.72,0.32,0.21,Nutrient Excess
2041.0,Sangli,1.79,1120.0,418,0.32,3.12,1.17,0.53,0.13,62,121.0,60,27,58.67,0.37,0.24,0.21,Nutrient Deficient
3129.0,Sangli,1.68,960.0,509,0.39,3.03,1.13,0.46,0.14,103,56.0,94,97,51.78,0.47,0.32,0.14,Nutrient Deficient
4630.0,Pune,1.27,1099.0,511,0.3,2.68,0.97,0.41,0.14,78,40.0,84,67,54.37,0.43,0.36,0.19,Nutrient Deficient
4083.0,Sangli,1.4,1036.0,978,0.24,2.3,2.5,0.67,0.15,52,101.0,112,9,58.69,0.43,0.49,0.19,Nutrient Deficient
1814.0,Sangli,1.48,1007.0,841,0.2,2.89,1.25,0.6,0.13,63,69.0,62,14,47.64,0.45,0.24,0.33,Nutrient Deficient
214.0,Sangli,1.69,1217.0,716,0.45,2.17,0.79,0.4,0.15,72,92.0,116,32,52.71,0.68,0.19,0.21,Nutrient Deficient
5044.0,Solapur,1.28,1363.0,591,0.57,2.85,0.68,0.44,0.13,71,62.0,85,34,57.78,0.6,0.23,0.14,Nutrient Deficient
583.0,Sangli,1.69,1278.0,312,0.73,3.29,1.57,0.57,0.19,150,299.0,155,256,56.89,0.38,0.36,0.41,Nutrient Excess
4449.0,Pune,1.06,900.0,378,0.35,1.84,1.05,0.51,0.17,46,105.0,53,24,48.16,0.43,0.43,0.17,Nutrient Deficient
2909.0,Sangli,1.01,960.0,276,0.24,1.33,0.91,0.4,0.16,84,128.0,99,11,52.04,0.57,0.28,0.28,Nutrient Deficient
1895.0,Sangli,1.37,997.0,484,0.17,2.86,1.82,0.58,0.15,63,182.0,116,26,59.15,0.43,0.19,0.23,Nutrient Deficient
4682.0,Pune,1.06,1434.0,471,0.47,2.79,0.89,0.36,0.18,50,41.0,50,54,52.64,0.43,0.27,0.19,Nutrient Deficient
2554.0,Sangli,1.32,1290.0,517,0.3,3.6,1.53,0.41,0.16,64,164.0,96,10,49.12,0.43,0.29,0.14,Nutrient Deficient
802.0,Sangli,1.34,1490.0,698,0.35,1.52,0.61,0.29,0.12,102,101.0,121,17,41.78,0.47,0.37,0.39,Nutrient Deficient
2699.0,Sangli,1.85,1091.0,539,0.44,1.55,0.73,0.35,0.1,206,39.0,36,29,43.69,0.51,0.21,0.14,Nutrient Deficient
4853.0,Pune,1.53,1460.0,408,0.46,2.55,1.71,0.37,0.15,80,103.0,119,63,51.92,0.45,0.32,0.35,Nutrient Deficient
1301.0,Sangli,1.41,1021.0,796,0.83,2.7,0.57,0.27,0.13,68,39.0,51,23,44.01,0.43,0.21,0.17,Nutrient Deficient
2867.0,Sangli,1.37,985.0,512,0.23,1.06,0.76,0.28,0.14,118,144.0,77,18,48.73,0.53,0.39,0.16,Nutrient Deficient
4452.0,Pune,1.32,1215.0,418,0.52,3.49,1.14,0.36,0.15,55,73.0,59,23,42.74,0.51,0.29,0.33,Nutrient Deficient
942.0,Sangli,1.51,905.0,392,0.32,3.22,1.06,0.42,0.19,72,90.0,215,17,51.64,0.51,0.49,0.43,Nutrient Deficient
542.0,Sangli,1.48,1167.0,508,0.16,3.17,1.43,0.49,0.13,127,73.0,148,254,46.6,0.46,0.28,0.21,Nutrient Deficient
2747.0,Sangli,0.78,1097.0,612,0.36,2.07,1.69,0.68,0.17,131,61.0,77,18,53.66,0.54,0.44,0.26,Nutrient Deficient
4240.0,Pune,1.43,1033.0,401,0.27,3.04,0.66,0.61,0.1,108,129.0,104,34,56.11,0.48,0.36,0.3,Nutrient Deficient
3583.0,Sangli,1.12,857.0,341,0.44,2.39,1.16,0.57,0.17,60,73.0,46,22,46.78,0.49,0.26,0.21,Nutrient Deficient
4833.0,Pune,1.51,1005.0,617,0.53,3.24,2.48,0.6,0.13,224,89.0,102,60,46.09,0.5,0.46,0.19,Nutrient Excess
3503.0,Sangli,2.02,1135.0,507,0.41,1.95,0.94,0.22,0.12,56,77.0,68,23,41.66,0.51,0.25,0.21,Nutrient Deficient
558.0,Sangli,1.32,1332.0,711,0.75,2.34,1.49,0.57,0.16,82,85.0,186,307,50.11,0.47,0.2,0.25,Nutrient Excess
4071.0,Sangli,1.16,798.0,634,0.19,3.21,0.99,0.41,0.13,128,153.0,156,17,52.67,0.54,0.32,0.31,Nutrient Deficient
4874.0,Pune,1.27,897.0,460,0.25,3.86,1.02,0.35,0.13,99,34.0,71,33,50.12,0.49,0.23,0.19,Nutrient Deficient
1910.0,Sangli,0.89,874.0,578,0.37,3.03,1.25,0.5,0.14,171,95.0,249,338,43.54,0.54,0.27,0.26,Nutrient Deficient
4920.0,Pune,1.53,1500.0,468,0.3,1.44,0.63,0.28,0.13,56,85.0,80,51,83.83,0.47,0.23,0.15,Nutrient Deficient
3412.0,Sangli,0.95,1109.0,877,0.27,1.64,1.92,0.65,0.13,200,110.0,114,47,54.67,0.54,0.5,0.5,Toxicity Risk
4813.0,Pune,1.23,823.0,601,0.14,1.31,0.97,0.61,0.16,55,71.0,39,11,45.88,0.48,0.31,0.14,Nutrient Deficient
4820.0,Pune,1.88,1536.0,366,0.62,3.24,1.31,0.55,0.15,95,46.0,44,42,51.78,0.6,0.45,0.21,Nutrient Excess
608.0,Sangli,1.21,1007.0,497,0.31,3.39,1.35,0.52,0.14,148,69.0,127,148,54.66,0.47,0.25,0.31,Nutrient Deficient
3530.0,Sangli,1.18,945.0,434,0.4,2.82,1.54,0.67,0.15,118,53.0,131,158,61.17,0.72,0.19,0.24,Nutrient Deficient
3079.0,Sangli,1.79,1372.0,559,0.59,2.84,0.82,0.48,0.17,49,90.0,94,42,46.78,0.59,0.14,0.19,Nutrient Deficient
4268.0,Pune,1.27,975.0,474,0.39,2.66,1.69,0.59,0.13,117,109.0,105,19,54.14,0.52,0.45,0.21,Nutrient Deficient
4989.0,Solapur,0.95,861.0,499,0.22,1.63,0.73,0.48,0.13,91,80.0,124,12,54.74,0.49,0.34,0.43,Nutrient Deficient
604.0,Sangli,1.4,997.0,501,0.87,3.1,2.03,0.52,0.16,74,69.0,138,164,54.63,0.47,0.39,0.35,Nutrient Excess
2704.0,Sangli,2.31,980.0,578,0.17,1.63,0.69,0.33,0.16,80,74.0,108,16,41.37,0.47,0.31,0.67,Toxicity Risk
4004.0,Sangli,1.96,1055.0,601,0.42,2.6,0.94,0.33,0.14,138,88.0,177,36,53.67,0.43,0.38,0.43,Nutrient Deficient
3760.0,Sangli,1.27,1355.0,471,0.32,3.72,1.63,0.51,0.15,283,104.0,89,32,57.06,0.53,0.45,0.21,Nutrient Deficient
3154.0,Sangli,0.84,1271.0,493,0.36,1.76,1.09,0.33,0.15,53,71.0,116,41,47.11,0.71,0.17,0.19,Nutrient Deficient
3739.0,Sangli,1.23,1288.0,601,0.25,3.93,0.73,0.27,0.13,80,131.0,192,59,49.15,0.54,0.3,0.29,Nutrient Deficient
4057.0,Sangli,1.12,902.0,409,0.38,1.63,1.17,0.41,0.12,63,39.0,51,53,51.64,0.51,0.13,0.1,Nutrient Deficient
1669.0,Sangli,1.45,1253.0,598,0.47,3.9,0.96,0.54,0.12,81,120.0,112,72,49.84,0.5,0.25,0.17,Nutrient Excess
1607.0,Sangli,1.4,1017.0,417,0.58,3.22,1.46,0.5,0.14,147,136.0,177,86,51.78,0.52,0.47,0.14,Nutrient Deficient
918.0,Pune,2.02,1500.0,784,0.61,3.66,0.69,0.31,0.15,95,140.0,186,126,47.11,0.51,0.47,0.48,Nutrient Deficient
4307.0,Pune,1.0,930.0,478,0.33,2.18,1.63,0.4,0.17,54,77.0,51,16,57.45,0.57,0.43,0.31,Nutrient Deficient
541.0,Sangli,0.89,920.0,604,0.73,2.71,0.96,0.41,0.11,111,69.0,145,236,60.41,0.49,0.27,0.28,Nutrient Deficient
5083.0,Solapur,1.35,1352.0,711,0.5,3.3,0.52,0.17,0.17,56,47.0,81,25,50.23,0.47,0.32,0.32,Nutrient Deficient
2904.0,Sangli,0.89,1007.0,419,0.3,2.35,1.69,0.59,0.16,68,191.0,136,17,52.75,0.51,0.24,0.28,Nutrient Deficient
898.0,Sangli,1.86,1278.0,878,0.58,1.91,0.71,0.33,0.14,49,111.0,121,27,47.18,0.52,0.48,0.23,Nutrient Deficient
3801.0,Sangli,1.79,1124.0,784,0.39,1.65,0.66,0.38,0.16,69,50.0,91,17,38.66,0.47,0.39,0.47,Nutrient Deficient
1970.0,Sangli,1.62,908.0,366,0.54,1.39,0.74,0.29,0.14,51,121.0,120,44,51.76,0.43,0.26,0.07,Nutrient Deficient
5077.0,Solapur,1.05,950.0,657,0.45,2.36,0.77,0.48,0.15,81,52.0,58,17,53.0,0.66,0.23,0.14,Nutrient Deficient
3022.0,Sangli,1.06,880.0,612,0.36,1.34,1.28,0.53,0.12,154,156.0,135,24,41.66,0.63,0.19,0.23,Nutrient Deficient
535.0,Sangli,1.06,1001.0,412,0.84,3.1,1.57,0.54,0.2,74,64.0,121,233,58.68,0.48,0.25,0.24,Nutrient Deficient
3092.0,Sangli,1.27,1097.0,711,0.62,2.78,0.69,0.35,0.15,76,104.0,167,23,43.61,0.52,0.23,0.17,Nutrient Deficient
922.0,Pune,1.23,1460.0,709,0.25,3.5,1.27,0.41,0.13,79,144.0,80,48,56.18,0.59,0.3,0.35,Nutrient Deficient
244.0,Sangli,1.53,1257.0,692,0.5,2.14,1.26,0.46,0.17,98,97.0,99,24,50.12,0.5,0.17,0.21,Nutrient Deficient
4687.0,Pune,1.64,1205.0,416,0.45,2.26,0.97,0.49,0.15,101,72.0,105,58,47.12,0.38,0.29,0.45,Nutrient Deficient
2122.0,Sangli,1.12,860.0,711,0.72,3.72,0.59,0.38,0.13,76,74.0,97,19,44.12,0.39,0.3,0.28,Nutrient Deficient
3197.0,Sangli,1.06,820.0,384,0.44,1.02,0.68,0.41,0.12,59,165.0,134,42,39.15,0.48,0.18,0.16,Nutrient Deficient
1364.0,Sangli,2.18,1889.0,493,0.36,2.82,1.06,0.28,0.13,72,73.0,107,209,40.56,0.66,0.45,0.16,Nutrient Deficient
5029.0,Solapur,1.01,853.0,711,0.21,3.95,0.83,0.23,0.12,49,29.0,66,9,37.72,0.39,0.34,0.43,Nutrient Deficient
3667.0,Sangli,1.74,1370.0,638,0.35,2.95,1.07,0.4,0.12,58,51.0,59,236,40.11,0.51,0.3,0.14,Nutrient Deficient
4453.0,Pune,1.74,1116.0,417,0.54,3.81,0.74,0.29,0.13,133,44.0,105,38,51.66,0.52,0.46,0.21,Nutrient Deficient
4761.0,Pune,1.12,1032.0,471,0.44,2.36,1.16,0.61,0.17,45,42.0,71,23,43.67,0.5,0.22,0.28,Nutrient Deficient
2384.0,Sangli,1.0,746.0,912,0.42,4.6,1.3,0.53,0.14,83,120.0,85,12,47.86,0.48,0.42,0.33,Nutrient Deficient
4727.0,Pune,1.27,1440.0,478,0.52,2.93,1.25,0.4,0.17,79,40.0,133,207,43.67,0.41,0.48,0.21,Nutrient Deficient
2127.0,Sangli,0.9,862.0,397,0.31,3.72,1.34,0.54,0.14,91,87.0,82,16,47.66,0.67,0.32,0.21,Nutrient Deficient
187.0,Sangli,1.43,1194.0,556,0.28,2.4,1.14,0.4,0.1,64,123.0,99,36,60.41,0.59,0.23,0.17,Nutrient Deficient
2618.0,Sangli,1.28,1327.0,692,0.44,1.76,0.76,0.39,0.17,94,133.0,140,10,50.11,0.51,0.2,0.5,Toxicity Risk
4417.0,Pune,1.53,1432.0,511,0.48,2.41,1.17,0.57,0.1,124,170.0,139,19,49.12,0.41,0.4,0.32,Nutrient Excess
2110.0,Sangli,2.01,1521.0,578,0.23,1.38,0.64,0.33,0.12,52,107.0,80,28,43.66,0.63,0.46,0.31,Nutrient Deficient
1861.0,Sangli,1.34,1056.0,471,0.28,2.78,1.39,0.51,0.16,72,173.0,174,119,51.66,0.42,0.41,0.23,Nutrient Deficient
2819.0,Sangli,1.6,789.0,639,0.88,2.6,1.05,0.42,0.13,60,106.0,137,31,43.01,0.41,0.32,0.25,Nutrient Deficient
912.0,Sangli,1.06,1400.0,612,0.16,3.11,1.6,0.54,0.11,76,228.0,84,7,49.84,0.48,0.37,0.35,Nutrient Deficient
438.0,Sangli,1.32,1298.0,711,0.53,2.84,0.86,0.41,0.14,118,103.0,58,86,43.71,0.37,0.36,0.17,Nutrient Deficient
4463.0,Pune,1.4,1124.0,471,0.3,2.7,1.39,0.6,0.13,123,303.0,104,12,43.67,0.46,0.15,0.31,Nutrient Deficient
1445.0,Sangli,1.93,1331.0,783,0.21,1.59,0.73,0.51,0.13,66,119.0,94,95,58.67,0.61,0.38,0.21,Nutrient Deficient
1339.0,Sangli,1.32,1253.0,511,0.26,3.09,1.95,0.54,0.13,74,120.0,89,11,56.22,0.52,0.48,0.35,Nutrient Deficient
2179.0,Sangli,1.32,1075.0,392,0.47,3.25,0.89,0.37,0.14,61,48.0,94,69,47.66,0.42,0.2,0.44,Nutrient Deficient
105.0,Pune,1.4,808.0,474,0.42,1.84,0.63,0.33,0.17,68,44.0,85,34,51.17,0.49,0.21,0.14,Nutrient Deficient
4117.0,Sangli,1.4,997.0,709,0.46,2.15,0.94,0.45,0.17,71,116.0,148,32,43.64,0.48,0.44,0.29,Nutrient Deficient
31.0,Sangli,1.69,1120.0,578,0.47,3.67,0.87,0.41,0.12,88,39.0,61,21,51.84,0.47,0.32,0.28,Nutrient Deficient
1532.0,Sangli,1.23,907.0,574,0.63,1.85,1.59,0.61,0.1,58,257.0,121,29,41.7,0.47,0.39,0.26,Nutrient Deficient
3616.0,Sangli,1.4,1500.0,611,0.31,1.37,0.59,0.42,0.11,40,68.0,59,11,51.66,0.52,0.32,0.53,Toxicity Risk
654.0,Pune,1.51,980.0,512,0.39,2.33,2.95,0.54,0.15,143,42.0,107,66,42.84,0.5,0.36,0.31,Nutrient Deficient
3491.0,Sangli,1.43,1125.0,693,0.73,2.96,0.81,0.28,0.15,49,108.0,157,83,46.17,0.49,0.31,0.25,Nutrient Deficient
3401.0,Sangli,1.4,1215.0,611,0.68,1.39,0.5,0.21,0.13,49,41.0,43,12,40.65,0.49,0.27,0.32,Nutrient Deficient
1662.0,Sangli,2.01,1136.0,509,0.27,2.81,1.22,0.5,0.14,67,182.0,85,17,43.66,0.47,0.24,0.19,Nutrient Deficient
4192.0,Pune,0.95,724.0,478,0.47,2.8,1.41,0.72,0.14,65,103.0,44,21,48.12,0.57,0.25,0.19,Nutrient Deficient
2026.0,Sangli,1.74,1220.0,512,0.33,2.61,0.94,0.32,0.12,138,88.0,137,11,53.32,0.54,0.39,0.17,Nutrient Deficient
349.0,Sangli,1.37,1157.0,601,0.47,1.75,1.05,0.57,0.16,66,173.0,152,53,48.78,0.46,0.26,0.21,Balanced / Optimal
1223.0,Sangli,1.69,1491.0,543,0.69,1.38,0.84,0.21,0.16,42,24.0,70,61,43.64,0.47,0.43,0.18,Nutrient Deficient
3030.0,Sangli,1.1,1276.0,588,0.37,1.63,1.49,0.6,0.15,54,116.0,132,273,47.16,0.46,0.21,0.21,Nutrient Deficient
3487.0,Sangli,2.02,1280.0,609,0.46,1.84,0.62,0.28,0.12,70,111.0,49,12,47.11,0.49,0.23,0.21,Nutrient Deficient
2203.0,Sangli,0.95,839.0,517,0.49,3.94,1.04,0.46,0.15,51,57.0,48,25,47.61,0.59,0.32,0.21,Nutrient Deficient
1489.0,Sangli,0.9,820.0,478,0.36,2.83,1.41,0.48,0.1,451,116.0,150,11,46.81,0.47,0.27,0.35,Nutrient Deficient
1995.0,Sangli,1.62,1183.0,691,0.4,1.56,0.8,0.43,0.15,54,169.0,77,23,44.01,0.5,0.18,0.13,Nutrient Deficient
3317.0,Sangli,0.95,980.0,366,0.21,1.53,1.38,0.41,0.16,72,178.0,173,96,44.71,0.43,0.23,0.21,Nutrient Deficient
1174.0,Sangli,1.06,1470.0,663,0.38,3.35,1.56,0.63,0.15,129,331.0,131,15,54.63,0.56,0.41,0.28,Nutrient Deficient
491.0,Pune,1.43,1018.0,366,0.45,3.84,0.98,0.37,0.15,63,37.0,67,29,47.66,0.66,0.34,0.31,Nutrient Deficient
4671.0,Pune,1.64,1270.0,897,0.44,2.87,0.94,0.49,0.13,74,58.0,103,39,47.29,0.43,0.24,0.19,Nutrient Deficient
357.0,Sangli,1.27,1109.0,618,0.44,2.88,1.57,0.5,0.12,88,88.0,100,124,51.66,0.66,0.28,0.16,Nutrient Deficient
1961.0,Sangli,0.9,825.0,418,0.53,3.04,1.47,0.52,0.17,93,37.0,143,43,56.96,0.53,0.2,0.16,Nutrient Deficient
3600.0,Sangli,1.4,995.0,473,0.44,2.04,0.99,0.38,0.12,63,110.0,95,23,39.74,0.45,0.23,0.21,Nutrient Deficient
5093.0,Solapur,1.76,1175.0,678,0.45,2.45,1.35,0.39,0.13,76,193.0,192,53,53.13,0.61,0.39,0.44,Nutrient Deficient
494.0,Pune,0.95,1020.0,401,0.51,3.61,1.12,0.38,0.16,74,44.0,61,26,47.23,0.61,0.41,0.2,Nutrient Deficient
3156.0,Sangli,1.9,1490.0,711,0.48,1.98,0.73,0.42,0.13,205,41.0,85,17,51.78,0.56,0.18,0.14,Nutrient Deficient
1303.0,Sangli,1.06,1157.0,886,0.19,3.3,1.35,0.61,0.13,68,247.0,122,45,48.32,0.47,0.44,0.39,Nutrient Deficient
4995.0,Solapur,1.67,1062.0,785,0.26,0.83,0.83,0.44,0.14,58,106.0,89,20,52.86,0.62,0.21,0.21,Nutrient Deficient
78.0,Sangli,1.12,997.0,460,0.32,2.05,1.43,0.53,0.14,72,161.0,45,29,52.64,0.62,0.24,0.21,Nutrient Deficient
4234.0,Pune,1.16,1146.0,518,0.34,1.48,0.98,0.36,0.15,56,129.0,65,23,51.63,0.47,0.22,0.31,Nutrient Deficient
4633.0,Pune,0.9,807.0,371,0.32,1.17,1.02,0.41,0.13,38,60.0,58,59,49.17,0.52,0.45,0.28,Nutrient Deficient
4310.0,Pune,1.27,1481.0,474,0.24,3.28,1.28,0.59,0.1,63,170.0,67,52,48.16,0.61,0.28,0.33,Nutrient Deficient
1939.0,Sangli,0.9,1125.0,711,0.51,2.3,1.95,0.52,0.17,117,141.0,66,44,56.91,0.51,0.3,0.21,Nutrient Deficient
185.0,Sangli,1.53,1017.0,460,0.49,2.67,1.15,0.47,0.13,69,105.0,37,33,49.19,0.51,0.19,0.28,Nutrient Deficient
117.0,Sangli,1.43,1079.0,494,0.43,1.14,1.17,0.56,0.13,101,115.0,97,19,49.19,0.71,0.19,0.21,Balanced / Optimal
2883.0,Sangli,1.34,1220.0,617,0.3,2.38,1.22,0.4,0.16,82,45.0,85,12,40.72,0.44,0.28,0.5,Toxicity Risk
3930.0,Sangli,1.37,1031.0,711,0.52,1.85,0.82,0.41,0.14,81,124.0,89,14,39.74,0.47,0.48,0.29,Nutrient Deficient
1016.0,Sangli,1.12,1330.0,609,0.45,2.66,0.72,0.39,0.12,61,54.0,54,8,49.74,0.49,0.08,0.4,Nutrient Deficient
3212.0,Sangli,1.72,1345.0,453,0.35,0.98,1.39,0.45,0.18,64,75.0,101,236,58.12,0.51,0.24,0.14,Nutrient Deficient
3351.0,Sangli,0.8,844.0,419,0.29,3.52,1.9,0.57,0.13,68,81.0,74,36,41.65,0.53,0.19,0.21,Nutrient Deficient
1162.0,Sangli,1.06,955.0,471,0.33,2.82,1.36,0.69,0.17,71,240.0,150,33,50.11,0.54,0.4,0.33,Nutrient Deficient
2115.0,Sangli,2.02,1071.0,609,0.27,2.24,0.76,0.36,0.15,69,84.0,63,23,41.78,0.58,0.26,0.14,Nutrient Deficient
4016.0,Sangli,1.0,895.0,412,0.46,2.72,1.06,0.37,0.1,109,78.0,116,17,44.78,0.42,0.38,0.35,Nutrient Deficient
4988.0,Solapur,1.45,1010.0,470,0.5,2.12,0.61,0.32,0.12,63,61.0,87,13,38.65,0.47,0.44,0.39,Nutrient Deficient
2281.0,Sangli,1.62,1086.0,478,0.63,1.87,0.63,0.24,0.14,50,32.0,134,10,42.63,0.59,0.25,0.51,Toxicity Risk
1749.0,Sangli,1.17,1290.0,556,0.44,2.51,1.11,0.36,0.16,71,130.0,113,89,49.71,0.59,0.21,0.15,Nutrient Deficient
2464.0,Sangli,1.85,1156.0,716,0.46,2.82,0.86,0.46,0.13,60,68.0,65,19,53.66,0.47,0.23,0.43,Nutrient Deficient
2558.0,Sangli,0.95,856.0,471,0.34,1.44,1.59,0.56,0.14,73,75.0,69,12,53.66,0.51,0.4,0.28,Nutrient Deficient
1729.0,Sangli,1.01,1109.0,418,0.52,1.96,0.96,0.51,0.13,94,129.0,102,26,53.67,0.59,0.44,0.14,Nutrient Deficient
581.0,Sangli,1.32,1198.0,601,0.6,2.58,2.48,0.7,0.16,205,118.0,193,281,56.12,0.43,0.36,0.21,Nutrient Excess
4618.0,Pune,1.61,933.0,488,0.37,1.23,1.04,0.37,0.13,83,38.0,110,85,44.15,0.51,0.54,0.24,Toxicity Risk
75.0,Sangli,1.12,948.0,405,0.45,3.13,1.32,0.51,0.13,64,105.0,58,41,52.64,0.69,0.21,0.14,Nutrient Deficient
824.0,Solapur,1.12,930.0,578,0.29,3.35,0.84,0.3,0.1,175,30.0,38,10,45.84,0.52,0.34,0.31,Nutrient Deficient
3694.0,Sangli,1.47,1004.0,392,0.36,1.3,1.17,0.35,0.1,69,39.0,76,98,47.18,0.54,0.25,0.07,Nutrient Deficient
2755.0,Sangli,1.32,1207.0,478,0.61,2.23,0.93,0.49,0.15,57,41.0,138,51,57.82,0.47,0.32,0.15,Nutrient Deficient
5147.0,Solapur,1.35,1480.0,471,0.21,2.4,0.89,0.36,0.16,46,46.0,93,40,43.72,0.39,0.39,0.17,Nutrient Deficient
119.0,Sangli,1.39,892.0,508,0.69,3.34,0.56,0.32,0.18,58,47.0,70,25,54.37,0.6,0.21,0.14,Nutrient Deficient
2511.0,Sangli,1.21,1027.0,493,0.61,3.59,2.61,0.63,0.13,81,61.0,131,204,56.17,0.71,0.28,0.19,Nutrient Deficient
3720.0,Sangli,1.97,1217.0,678,0.36,2.33,0.93,0.42,0.13,78,109.0,70,18,44.71,0.69,0.39,0.39,Nutrient Deficient
2671.0,Sangli,1.21,1007.0,571,0.71,1.19,2.35,0.81,0.14,97,108.0,156,188,50.92,0.61,0.13,0.15,Nutrient Deficient
3821.0,Sangli,1.37,930.0,795,0.47,1.44,1.08,0.47,0.12,64,101.0,203,21,47.81,0.41,0.29,0.19,Nutrient Deficient
4766.0,Pune,1.41,1501.0,487,0.14,1.44,1.08,0.34,0.11,66,170.0,40,19,51.88,0.51,0.17,0.43,Nutrient Deficient
2420.0,Sangli,1.16,997.0,612,0.54,2.54,1.49,0.61,0.13,58,73.0,43,25,49.88,0.67,0.36,0.21,Nutrient Deficient
4932.0,Solapur,1.17,764.0,420,0.24,0.99,1.07,0.35,0.11,63,58.0,89,12,49.16,0.54,0.21,0.44,Nutrient Deficient
2967.0,Sangli,1.06,975.0,479,0.42,2.31,0.8,0.44,0.13,98,160.0,105,45,37.11,0.37,0.46,0.28,Nutrient Deficient
1056.0,Sangli,1.62,1150.0,587,0.48,2.11,0.79,0.46,0.12,55,50.0,48,12,54.63,0.47,0.4,0.33,Nutrient Deficient
443.0,Sangli,1.0,906.0,578,0.37,1.8,1.25,0.51,0.13,48,180.0,85,20,48.71,0.47,0.33,0.21,Nutrient Deficient
2092.0,Sangli,1.17,997.0,611,0.43,3.29,0.89,0.51,0.15,71,88.0,143,17,43.61,0.48,0.27,0.28,Nutrient Deficient
1043.0,Sangli,1.34,1480.0,718,0.32,3.27,1.19,0.69,0.16,59,266.0,88,11,51.68,0.47,0.41,0.35,Nutrient Deficient
2590.0,Sangli,1.92,942.0,578,0.43,1.43,0.73,0.33,0.16,45,79.0,65,50,46.6,0.54,0.24,0.13,Nutrient Deficient
4535.0,Pune,1.29,848.0,371,0.61,2.95,1.46,0.66,0.16,113,42.0,70,233,51.78,0.37,0.32,0.14,Nutrient Deficient
1317.0,Sangli,1.8,1278.0,512,0.32,2.42,0.73,0.31,0.13,64,108.0,85,17,46.6,0.43,0.24,0.19,Nutrient Deficient
3625.0,Sangli,0.9,1044.0,392,0.32,2.11,0.98,0.44,0.13,67,187.0,78,32,43.11,0.51,0.38,0.35,Nutrient Deficient
4158.0,Pune,1.64,1101.0,471,0.56,2.82,1.54,0.53,0.15,45,43.0,105,225,61.32,0.66,0.3,0.21,Nutrient Excess
1548.0,Sangli,0.91,1009.0,467,0.41,1.26,1.39,0.57,0.13,132,98.0,104,14,43.66,0.47,0.37,0.35,Nutrient Deficient
2401.0,Sangli,1.06,788.0,609,0.45,2.66,1.49,0.57,0.17,168,276.0,273,49,56.09,0.51,0.19,0.27,Nutrient Deficient
4806.0,Pune,1.23,849.0,471,0.53,2.71,1.41,0.41,0.11,83,47.0,42,15,42.65,0.43,0.26,0.43,Nutrient Deficient
2531.0,Sangli,1.48,1017.0,673,0.23,2.04,0.89,0.47,0.1,257,95.0,164,53,47.72,0.51,0.28,0.21,Nutrient Deficient
4917.0,Pune,1.69,1445.0,601,0.56,2.44,0.8,0.62,0.16,93,92.0,56,21,43.75,0.39,0.33,0.21,Nutrient Excess
3922.0,Sangli,1.16,994.0,554,0.19,2.05,1.71,0.57,0.16,66,120.0,112,42,55.73,0.42,0.25,0.26,Nutrient Deficient
5060.0,Solapur,1.21,997.0,790,0.3,2.56,0.6,0.22,0.13,50,63.0,94,8,42.71,0.49,0.32,0.35,Nutrient Deficient
1383.0,Sangli,1.43,1490.0,381,0.58,1.77,1.05,0.43,0.14,56,39.0,35,17,49.12,0.54,0.32,0.29,Nutrient Deficient
4537.0,Pune,0.89,775.0,512,0.48,1.65,1.27,0.59,0.16,73,129.0,102,18,49.17,0.71,0.3,0.29,Nutrient Deficient
2906.0,Sangli,1.0,1000.0,605,0.44,2.45,1.3,0.48,0.15,75,65.0,163,237,52.64,0.56,0.31,0.21,Nutrient Deficient
1634.0,Sangli,1.68,755.0,678,0.24,2.84,0.81,0.42,0.13,88,109.0,174,16,42.25,0.43,0.42,0.39,Nutrient Deficient
2553.0,Sangli,1.43,1335.0,312,0.3,2.55,1.2,0.39,0.15,92,64.0,63,10,49.17,0.51,0.19,0.16,Nutrient Deficient
2863.0,Sangli,1.28,1450.0,394,0.62,2.99,1.01,0.49,0.16,56,127.0,112,22,56.66,0.53,0.34,0.39,Nutrient Deficient
4367.0,Pune,1.06,922.0,642,0.46,2.97,1.25,0.36,0.15,69,53.0,42,12,43.84,0.5,0.4,0.43,Nutrient Deficient
1676.0,Sangli,1.27,1206.0,611,0.32,3.27,1.73,0.57,0.13,62,246.0,115,38,52.64,0.32,0.29,0.55,Toxicity Risk
465.0,Sangli,1.16,1058.0,584,0.81,2.97,1.04,0.44,0.16,66,51.0,113,19,46.81,0.42,0.38,0.28,Nutrient Deficient
3551.0,Sangli,1.85,1488.0,401,0.45,3.54,0.72,0.34,0.13,71,301.0,123,27,57.82,0.49,0.24,0.14,Nutrient Deficient
4552.0,Pune,1.32,1190.0,518,0.3,2.95,1.27,0.52,0.17,62,69.0,39,29,48.16,0.47,0.15,0.21,Nutrient Deficient
1463.0,Sangli,1.23,860.0,308,0.38,2.39,2.01,0.59,0.15,101,98.0,77,307,44.17,0.53,0.2,0.17,Nutrient Deficient
2560.0,Sangli,2.02,1417.0,871,0.43,2.66,0.76,0.33,0.15,51,122.0,125,12,52.64,0.65,0.39,0.15,Nutrient Deficient
418.0,Pune,1.67,1227.0,511,0.37,2.7,1.03,0.41,0.13,61,85.0,88,103,46.12,0.51,0.37,0.24,Nutrient Deficient
4780.0,Pune,1.85,1495.0,481,0.53,3.11,0.91,0.61,0.14,219,79.0,104,27,50.12,0.54,0.49,0.33,Nutrient Excess
154.0,Solapur,1.11,858.0,712,0.48,1.11,0.83,0.39,0.14,49,101.0,70,15,49.18,0.51,0.23,0.21,Nutrient Deficient
852.0,Pune,1.29,855.0,598,0.38,1.37,0.58,0.34,0.1,133,159.0,67,10,44.88,0.46,0.23,0.39,Nutrient Deficient
1853.0,Sangli,1.51,1278.0,816,0.57,2.86,0.97,0.27,0.1,60,63.0,97,69,42.78,0.36,0.21,0.16,Nutrient Deficient
2226.0,Sangli,0.96,1304.0,698,0.74,3.03,1.2,0.43,0.14,68,120.0,150,28,49.12,0.49,0.17,0.32,Nutrient Deficient
516.0,Pune,1.74,1228.0,666,0.66,3.83,1.14,0.52,0.16,55,85.0,41,49,76.3,0.41,0.24,0.18,Nutrient Excess
206.0,Sangli,1.48,1163.0,681,0.22,1.33,1.04,0.57,0.12,72,41.0,146,15,50.01,0.6,0.28,0.21,Nutrient Deficient
3576.0,Sangli,1.0,875.0,405,0.45,3.37,1.28,0.42,0.16,69,122.0,108,33,61.27,0.44,0.39,0.35,Nutrient Deficient
2186.0,Sangli,1.06,1102.0,598,0.63,3.99,1.35,0.57,0.16,260,53.0,92,15,50.71,0.47,0.28,0.29,Nutrient Deficient
811.0,Sangli,1.23,1420.0,711,0.2,1.83,1.16,0.56,0.11,66,65.0,88,17,48.63,0.47,0.46,0.31,Nutrient Deficient
3384.0,Sangli,1.4,1096.0,638,0.28,1.65,1.36,0.52,0.12,119,95.0,113,20,49.88,0.63,0.4,0.44,Nutrient Deficient
3824.0,Sangli,1.11,986.0,507,0.71,2.77,1.26,0.42,0.13,53,71.0,51,57,51.18,0.41,0.26,0.32,Nutrient Deficient
4887.0,Pune,1.34,1489.0,667,0.34,2.42,0.94,0.59,0.13,144,147.0,43,37,57.61,0.46,0.32,0.41,Nutrient Deficient
192.0,Sangli,1.64,1190.0,692,0.47,2.13,0.72,0.42,0.14,67,90.0,85,23,47.11,0.6,0.22,0.14,Nutrient Deficient
4280.0,Pune,1.34,1206.0,611,0.65,2.92,1.41,0.55,0.15,62,39.0,102,58,38.62,0.47,0.41,0.28,Nutrient Excess
1643.0,Sangli,1.8,1232.0,588,0.42,2.39,1.1,0.37,0.16,111,287.0,74,26,43.67,0.51,0.42,0.28,Nutrient Deficient
94.0,Sangli,1.0,1044.0,371,0.29,2.41,0.86,0.5,0.13,89,92.0,78,12,52.64,0.71,0.26,0.14,Nutrient Deficient
3546.0,Sangli,1.46,1174.0,711,0.25,1.79,0.98,0.36,0.15,64,54.0,51,14,52.66,0.51,0.51,0.29,Toxicity Risk
4758.0,Pune,1.66,1375.0,608,0.56,3.5,1.03,0.41,0.13,98,97.0,84,34,46.09,0.43,0.47,0.35,Nutrient Deficient
4435.0,Pune,1.16,901.0,471,0.3,2.95,2.56,0.66,0.15,78,227.0,155,147,43.91,0.61,0.46,0.45,Nutrient Deficient
2599.0,Sangli,1.85,1020.0,711,0.31,2.88,1.08,0.47,0.12,68,67.0,67,51,62.14,0.44,0.34,0.33,Nutrient Deficient
4455.0,Pune,1.06,817.0,601,0.35,2.59,1.13,0.28,0.17,78,91.0,47,241,54.11,0.71,0.32,0.21,Nutrient Deficient
4207.0,Pune,0.97,986.0,666,0.49,2.49,2.55,0.61,0.13,64,59.0,71,24,61.17,0.47,0.47,0.28,Nutrient Deficient
4277.0,Pune,1.0,1169.0,625,0.56,1.09,1.03,0.39,0.12,58,106.0,136,103,41.11,0.49,0.25,0.14,Nutrient Deficient
2073.0,Sangli,1.79,1163.0,578,0.3,2.89,0.64,0.34,0.15,46,142.0,47,8,47.64,0.53,0.18,0.27,Nutrient Deficient
215.0,Sangli,1.59,1125.0,801,0.58,2.63,0.69,0.43,0.13,82,88.0,99,52,47.61,0.71,0.24,0.24,Nutrient Deficient
4114.0,Sangli,1.35,1072.0,617,0.72,2.3,0.7,0.45,0.15,63,85.0,87,105,51.78,0.5,0.24,0.13,Nutrient Deficient
212.0,Sangli,1.43,1056.0,493,0.57,1.19,0.79,0.35,0.13,62,98.0,72,49,46.13,0.6,0.23,0.24,Nutrient Deficient
4474.0,Pune,0.9,1350.0,413,0.15,3.42,2.95,0.6,0.16,258,63.0,143,67,46.12,0.61,0.48,0.19,Nutrient Deficient
4122.0,Sangli,0.9,898.0,399,0.3,3.34,2.47,0.58,0.13,63,247.0,192,33,56.31,0.51,0.39,0.39,Nutrient Deficient
3198.0,Sangli,1.06,1015.0,508,0.29,1.28,1.96,0.52,0.16,70,102.0,97,24,49.88,0.54,0.18,0.16,Nutrient Deficient
2308.0,Sangli,0.89,1015.0,571,0.83,1.23,0.93,0.49,0.16,64,142.0,117,69,39.17,0.52,0.44,0.19,Nutrient Deficient
4823.0,Pune,1.57,1036.0,756,0.24,1.07,0.9,0.45,0.14,89,46.0,195,27,48.12,0.47,0.46,0.77,Toxicity Risk
3287.0,Sangli,1.33,1267.0,493,0.52,2.3,1.14,0.34,0.17,70,106.0,145,37,46.18,0.37,0.37,0.43,Nutrient Deficient
3886.0,Sangli,1.43,1025.0,863,0.74,2.93,1.19,0.63,0.14,70,126.0,123,69,48.13,0.41,0.26,0.38,Nutrient Excess
3053.0,Sangli,1.35,1096.0,609,0.45,2.2,0.9,0.3,0.13,88,67.0,121,15,40.56,0.44,0.41,0.17,Nutrient Deficient
533.0,Sangli,1.0,966.0,769,0.17,1.59,1.17,0.47,0.13,54,83.0,90,36,50.92,0.47,0.23,0.18,Nutrient Deficient
93.0,Solapur,1.17,1044.0,488,0.68,2.37,0.65,0.4,0.13,149,70.0,78,36,43.15,0.6,0.24,0.14,Nutrient Deficient
3878.0,Sangli,1.47,997.0,601,0.33,3.11,3.03,0.74,0.17,265,82.0,144,106,47.11,0.47,0.15,0.1,Nutrient Deficient
2112.0,Sangli,1.06,805.0,678,0.49,1.77,1.41,0.44,0.14,71,67.0,116,16,49.32,0.49,0.2,0.26,Nutrient Deficient
2240.0,Sangli,0.95,997.0,670,0.43,1.87,1.54,0.55,0.13,75,184.0,98,236,49.19,0.51,0.29,0.19,Nutrient Deficient
2513.0,Sangli,2.24,1432.0,698,0.48,1.2,0.61,0.43,0.1,61,88.0,81,150,37.1,0.42,0.27,0.26,Nutrient Deficient
2097.0,Sangli,1.06,1035.0,417,0.22,2.51,1.16,0.5,0.14,83,113.0,116,115,50.74,0.54,0.29,0.14,Nutrient Deficient
1854.0,Sangli,1.0,998.0,760,0.5,3.18,1.28,0.4,0.19,62,138.0,54,21,51.74,0.47,0.22,0.21,Nutrient Deficient
3721.0,Sangli,1.16,1467.0,559,0.32,4.04,1.69,0.49,0.14,104,98.0,104,185,49.71,0.44,0.75,0.47,Toxicity Risk
5021.0,Solapur,1.35,1358.0,493,0.24,2.59,0.69,0.35,0.13,74,80.0,54,17,41.67,0.43,0.23,0.39,Nutrient Deficient
2309.0,Sangli,1.18,820.0,609,0.4,2.93,1.16,0.47,0.14,71,96.0,120,123,54.37,0.66,0.19,0.14,Nutrient Deficient
4569.0,Pune,1.51,1245.0,462,0.46,3.54,0.64,0.36,0.17,49,29.0,197,12,46.86,0.58,0.49,0.31,Nutrient Deficient
4000.0,Sangli,0.79,975.0,386,0.44,3.35,1.36,0.53,0.13,80,97.0,63,19,58.64,0.69,0.28,0.07,Nutrient Deficient
4706.0,Pune,1.4,1174.0,518,0.46,1.39,2.06,0.57,0.13,78,55.0,83,58,46.76,0.43,0.19,0.21,Balanced / Optimal
5179.0,Solapur,1.88,1084.0,625,0.61,3.11,0.47,0.21,0.16,70,104.0,87,40,43.39,0.51,0.22,0.14,Nutrient Deficient
414.0,Sangli,1.16,1021.0,671,0.54,2.46,1.2,0.47,0.13,211,105.0,62,58,40.12,0.4,0.2,0.16,Nutrient Deficient
176.0,Sangli,1.48,1198.0,571,0.43,1.07,0.88,0.4,0.17,66,101.0,83,12,46.12,0.54,0.21,0.21,Nutrient Deficient
2396.0,Sangli,1.95,1109.0,578,0.64,2.17,1.07,0.39,0.15,84,149.0,92,62,46.17,0.37,0.25,0.17,Nutrient Deficient
4077.0,Sangli,1.9,1234.0,632,0.36,1.51,0.89,0.58,0.13,102,276.0,120,35,43.86,0.46,0.25,0.1,Nutrient Deficient
2693.0,Sangli,1.4,924.0,411,0.29,1.91,0.94,0.28,0.1,60,65.0,76,65,46.6,0.38,0.21,0.21,Nutrient Deficient
4519.0,Pune,1.51,1105.0,511,0.48,1.84,0.92,0.41,0.17,187,206.0,67,81,50.12,0.43,0.3,0.17,Nutrient Deficient
1794.0,Sangli,1.64,1093.0,540,0.26,1.73,2.35,0.58,0.17,69,62.0,63,43,40.72,0.66,0.29,0.19,Nutrient Deficient
4478.0,Pune,1.14,970.0,394,0.6,1.58,0.97,0.38,0.15,53,42.0,105,259,62.73,0.49,0.15,0.07,Nutrient Deficient
2745.0,Sangli,1.34,1019.0,405,0.53,2.42,1.69,0.74,0.13,73,69.0,147,21,51.66,0.41,0.48,0.41,Nutrient Excess
2937.0,Sangli,1.27,825.0,714,0.36,3.73,1.09,0.47,0.12,101,48.0,125,89,41.7,0.52,0.47,0.35,Nutrient Deficient
1282.0,Sangli,0.96,815.0,688,0.2,2.23,1.32,0.46,0.13,69,64.0,66,15,50.66,0.42,0.31,0.24,Nutrient Deficient
1987.0,Sangli,1.63,1209.0,571,0.36,2.83,0.81,0.31,0.15,80,88.0,119,20,46.84,0.5,0.23,0.31,Nutrient Deficient
5020.0,Solapur,0.91,997.0,522,0.48,3.46,1.61,0.53,0.12,72,113.0,59,154,51.11,0.66,0.37,0.21,Nutrient Deficient
1495.0,Sangli,1.06,850.0,511,0.36,2.82,0.89,0.36,0.13,64,90.0,91,13,51.65,0.6,0.3,0.19,Nutrient Deficient
3262.0,Sangli,0.89,937.0,556,0.39,3.53,1.19,0.54,0.16,81,67.0,132,16,53.71,0.53,0.24,0.16,Nutrient Deficient
4965.0,Solapur,1.17,842.0,466,0.57,3.01,0.6,0.31,0.13,81,26.0,64,25,52.67,0.49,0.23,0.14,Nutrient Deficient
2048.0,Sangli,1.96,1210.0,863,0.62,3.27,1.37,0.48,0.13,88,80.0,135,136,44.86,0.41,0.33,0.43,Nutrient Deficient
4454.0,Pune,1.06,1150.0,646,0.28,2.14,1.43,0.33,0.13,73,80.0,121,11,46.12,0.41,0.41,0.25,Nutrient Deficient
1231.0,Sangli,1.32,1285.0,784,0.54,2.99,1.01,0.44,0.12,49,161.0,194,17,50.16,0.38,0.53,0.43,Toxicity Risk
4345.0,Pune,1.06,798.0,714,0.56,3.21,1.08,0.38,0.1,82,66.0,157,45,43.88,0.44,0.48,0.14,Nutrient Deficient
1538.0,Sangli,1.72,1178.0,571,0.54,2.62,1.06,0.54,0.12,67,51.0,74,12,46.6,0.51,0.08,0.14,Nutrient Excess
22.0,Sangli,1.32,1096.0,439,0.37,2.93,0.84,0.42,0.13,154,37.0,27,12,55.23,0.49,0.26,0.26,Nutrient Deficient
4483.0,Pune,1.27,1179.0,401,0.37,1.97,1.32,0.59,0.17,121,44.0,99,24,46.71,0.48,0.48,0.33,Nutrient Deficient
1863.0,Sangli,1.27,946.0,516,0.29,1.12,1.12,0.61,0.15,92,178.0,116,32,42.71,0.57,0.28,0.17,Nutrient Deficient
4210.0,Pune,0.79,900.0,447,0.49,2.32,1.42,0.46,0.15,63,63.0,90,33,45.7,0.47,0.43,0.27,Nutrient Deficient
4679.0,Pune,1.17,1207.0,531,0.52,2.11,0.73,0.39,0.13,73,69.0,86,10,43.78,0.48,0.16,0.28,Nutrient Deficient
2822.0,Sangli,1.12,1370.0,678,0.39,2.64,0.64,0.24,0.16,61,175.0,126,12,41.57,0.42,0.28,0.31,Nutrient Deficient
2688.0,Sangli,1.23,760.0,716,0.32,1.38,0.96,0.5,0.13,94,84.0,76,19,47.11,0.59,0.33,0.19,Nutrient Deficient
2795.0,Sangli,1.96,1315.0,711,0.25,2.1,1.35,0.5,0.14,45,86.0,133,24,51.18,0.46,0.28,0.27,Nutrient Deficient
1585.0,Sangli,0.89,733.0,512,0.54,3.11,1.46,0.67,0.14,67,94.0,120,488,49.89,0.5,0.48,0.31,Nutrient Deficient
314.0,Sangli,1.37,1127.0,401,0.62,1.95,0.99,0.47,0.16,90,37.0,72,51,49.66,0.41,0.31,0.14,Nutrient Deficient
3830.0,Sangli,1.34,900.0,366,0.43,1.64,0.9,0.47,0.13,83,61.0,75,23,39.23,0.44,0.41,0.19,Nutrient Deficient
2652.0,Sangli,0.83,815.0,509,0.25,1.95,1.41,0.69,0.15,96,122.0,56,13,42.83,0.58,0.29,0.21,Nutrient Deficient
458.0,Sangli,1.06,1090.0,378,0.67,2.34,1.21,0.57,0.13,67,85.0,104,12,41.78,0.37,0.29,0.21,Nutrient Deficient
1352.0,Sangli,1.12,1044.0,367,0.45,2.4,1.21,0.63,0.17,118,156.0,116,59,51.74,0.56,0.29,0.27,Nutrient Deficient
632.0,Sangli,1.12,986.0,493,0.17,2.31,2.36,0.69,0.16,206,244.0,177,90,48.66,0.54,0.29,0.23,Nutrient Deficient
1549.0,Sangli,1.12,1076.0,692,0.37,1.3,1.3,0.55,0.14,97,180.0,140,17,40.57,0.51,0.3,0.28,Nutrient Deficient
88.0,Pune,1.4,994.0,488,0.43,3.54,0.97,0.44,0.12,71,60.0,53,12,49.19,0.71,0.21,0.17,Nutrient Deficient
1311.0,Sangli,1.32,1102.0,711,0.49,1.58,0.63,0.39,0.15,88,86.0,113,39,39.67,0.38,0.41,0.31,Nutrient Deficient
1344.0,Sangli,1.37,1500.0,409,0.36,2.54,0.66,0.38,0.16,46,72.0,85,26,61.27,0.47,0.35,0.23,Nutrient Deficient
4276.0,Pune,1.11,893.0,478,0.52,2.33,1.63,0.71,0.14,50,220.0,93,18,47.1,0.61,0.28,0.19,Nutrient Deficient
2927.0,Sangli,1.43,1316.0,711,0.23,2.05,0.93,0.37,0.1,96,99.0,67,19,46.12,0.54,0.22,0.19,Nutrient Deficient
2470.0,Sangli,1.4,1156.0,432,0.56,2.34,1.04,0.52,0.17,55,39.0,67,109,44.88,0.55,0.19,0.16,Nutrient Excess
4962.0,Solapur,1.06,927.0,535,0.35,2.83,0.83,0.35,0.14,173,142.0,96,79,40.65,0.42,0.49,0.32,Nutrient Deficient
706.0,Solapur,1.74,965.0,309,0.48,1.28,0.68,0.24,0.14,52,85.0,127,34,40.11,0.43,0.4,0.45,Nutrient Deficient
3095.0,Sangli,1.53,1278.0,601,0.52,2.1,0.63,0.31,0.14,52,38.0,53,10,40.56,0.48,0.39,0.28,Nutrient Deficient
2150.0,Sangli,1.9,1450.0,669,0.2,1.1,0.99,0.39,0.13,90,53.0,61,37,40.74,0.58,0.25,0.19,Nutrient Deficient
2788.0,Sangli,1.85,1332.0,595,0.65,3.59,1.34,0.53,0.16,101,168.0,103,43,55.01,0.48,0.35,0.38,Nutrient Excess
5148.0,Solapur,1.07,895.0,432,0.58,1.86,0.61,0.45,0.14,52,63.0,92,40,49.87,0.51,0.41,0.31,Nutrient Deficient
1290.0,Sangli,1.29,1371.0,493,0.23,1.93,1.11,0.49,0.15,58,59.0,132,22,45.8,0.51,0.21,0.17,Nutrient Deficient
3461.0,Sangli,0.9,927.0,694,0.41,1.66,2.98,0.69,0.13,379,56.0,76,130,47.64,0.57,0.36,0.44,Nutrient Deficient
3339.0,Sangli,0.9,1416.0,867,0.28,2.63,1.02,0.43,0.15,67,182.0,98,21,39.15,0.49,0.18,0.14,Nutrient Deficient
2700.0,Sangli,1.29,1160.0,712,0.32,2.79,0.96,0.4,0.12,59,51.0,54,10,39.6,0.41,0.26,0.28,Nutrient Deficient
556.0,Sangli,1.0,994.0,801,0.55,2.46,1.77,0.66,0.15,96,101.0,184,274,57.78,0.54,0.25,0.24,Nutrient Deficient
1292.0,Sangli,1.16,875.0,801,0.39,2.11,1.34,0.52,0.1,205,92.0,85,24,46.04,0.47,0.3,0.14,Nutrient Deficient
835.0,Sangli,2.18,1417.0,492,0.31,3.04,1.07,0.55,0.15,251,109.0,69,28,49.71,0.51,0.36,0.48,Nutrient Deficient
2846.0,Sangli,1.35,1305.0,494,0.26,2.05,1.23,0.51,0.14,59,119.0,92,89,53.61,0.54,0.25,0.19,Nutrient Deficient
2297.0,Sangli,1.0,750.0,312,0.6,1.85,1.2,0.47,0.11,45,22.0,52,32,41.66,0.36,0.33,0.29,Nutrient Deficient
2461.0,Sangli,1.74,860.0,471,0.39,2.11,0.91,0.42,0.16,51,163.0,96,28,47.12,0.5,0.41,0.17,Nutrient Deficient
5102.0,Solapur,1.25,895.0,478,0.57,2.27,0.68,0.61,0.13,59,121.0,89,201,52.64,0.54,0.32,0.2,Nutrient Deficient
2235.0,Sangli,1.8,975.0,394,0.32,1.4,0.87,0.3,0.14,62,82.0,106,94,42.56,0.44,0.32,0.35,Nutrient Deficient
3751.0,Sangli,1.32,1005.0,392,0.77,2.99,1.02,0.37,0.14,60,83.0,60,18,52.14,0.45,0.35,0.23,Nutrient Deficient
4260.0,Pune,1.12,1090.0,469,0.66,3.83,2.49,0.71,0.13,58,126.0,67,53,51.71,0.61,0.48,0.19,Nutrient Deficient
3818.0,Sangli,1.23,1315.0,555,0.37,2.86,0.74,0.37,0.17,111,65.0,65,13,35.27,0.63,0.36,0.17,Nutrient Deficient
876.0,Sangli,1.18,835.0,509,0.29,1.88,0.7,0.28,0.12,41,57.0,42,16,43.41,0.5,0.3,0.43,Nutrient Deficient
5059.0,Solapur,0.9,763.0,491,0.35,1.63,1.06,0.44,0.13,83,47.0,74,21,53.16,0.57,0.21,0.21,Nutrient Deficient
2141.0,Sangli,1.06,1102.0,516,0.2,2.65,1.22,0.49,0.15,74,280.0,156,32,50.78,0.49,0.29,0.35,Nutrient Deficient
3267.0,Sangli,0.89,997.0,912,0.32,2.91,1.87,0.47,0.16,97,105.0,71,71,43.69,0.34,0.24,0.21,Nutrient Deficient
4701.0,Pune,1.51,1020.0,700,0.51,2.82,1.53,0.65,0.15,49,206.0,67,10,75.84,0.61,0.26,0.28,Nutrient Excess
1616.0,Sangli,0.8,956.0,509,0.15,2.12,1.41,0.48,0.17,64,93.0,89,9,46.6,0.34,0.43,0.4,Nutrient Deficient
2391.0,Sangli,1.43,1304.0,671,0.39,2.54,1.14,0.39,0.14,47,252.0,98,38,48.84,0.47,0.37,0.41,Nutrient Deficient
272.0,Sangli,1.27,1182.0,492,0.36,1.52,0.91,0.41,0.14,55,124.0,68,24,46.09,0.62,0.22,0.28,Nutrient Deficient
1336.0,Sangli,1.62,1250.0,511,0.37,1.62,1.21,0.48,0.15,82,138.0,123,107,51.64,0.47,0.34,0.28,Nutrient Deficient
3573.0,Sangli,0.9,998.0,631,0.57,2.17,0.95,0.5,0.13,52,91.0,111,56,47.68,0.42,0.27,0.23,Nutrient Deficient
4347.0,Pune,1.51,857.0,395,0.58,1.93,1.34,0.66,0.12,218,63.0,101,56,45.78,0.57,0.28,0.19,Balanced / Optimal
1990.0,Sangli,1.06,1280.0,678,0.21,2.53,0.82,0.37,0.15,61,98.0,69,31,51.67,0.45,0.32,0.21,Nutrient Deficient
3070.0,Sangli,1.62,950.0,711,0.43,2.64,1.06,0.43,0.13,52,115.0,70,18,42.71,0.45,0.16,0.29,Nutrient Deficient
1249.0,Sangli,1.43,1109.0,412,0.48,1.44,0.9,0.53,0.1,66,122.0,119,52,41.09,0.61,0.15,0.21,Balanced / Optimal
4668.0,Pune,1.53,1627.0,605,0.34,3.61,0.91,0.57,0.17,215,147.0,203,17,67.71,0.57,0.47,0.41,Nutrient Deficient
2468.0,Sangli,1.16,1094.0,749,0.44,2.22,0.69,0.44,0.15,67,91.0,146,21,50.77,0.67,0.29,0.21,Nutrient Deficient
977.0,Pune,1.34,1500.0,511,0.31,2.52,1.14,0.47,0.14,193,227.0,84,35,54.11,0.43,0.48,0.43,Nutrient Deficient
2493.0,Sangli,1.06,1085.0,498,0.26,1.96,1.09,0.55,0.13,131,41.0,94,189,49.09,0.49,0.22,0.13,Nutrient Deficient
1628.0,Sangli,1.62,1215.0,658,0.47,2.4,1.37,0.63,0.12,113,101.0,69,16,47.64,0.58,0.19,0.13,Nutrient Excess
1248.0,Sangli,1.53,895.0,688,0.26,1.14,1.56,0.36,0.16,131,123.0,131,12,45.92,0.51,0.31,0.3,Nutrient Deficient
2371.0,Sangli,1.06,1017.0,577,0.38,1.44,0.64,0.46,0.12,56,68.0,113,27,41.57,0.53,0.17,0.17,Nutrient Deficient
4375.0,Pune,0.84,886.0,392,0.44,1.05,1.16,0.47,0.14,41,129.0,71,20,42.89,0.47,0.14,0.19,Nutrient Deficient
1966.0,Sangli,1.37,1094.0,511,0.57,2.05,1.66,0.57,0.17,118,52.0,114,42,54.12,0.49,0.16,0.21,Balanced / Optimal
3324.0,Sangli,1.69,1305.0,711,0.51,2.25,0.84,0.45,0.13,69,110.0,90,39,47.11,0.46,0.39,0.17,Nutrient Deficient
3025.0,Sangli,1.21,805.0,511,0.32,3.14,1.09,0.57,0.14,59,170.0,85,21,47.68,0.44,0.36,0.21,Nutrient Deficient
2910.0,Sangli,1.47,1196.0,475,0.29,1.35,0.52,0.21,0.14,70,51.0,68,11,44.12,0.41,0.21,0.14,Nutrient Deficient
3419.0,Sangli,1.18,820.0,571,0.27,2.58,1.49,0.74,0.17,90,105.0,140,48,50.11,0.38,0.7,0.5,Toxicity Risk
4562.0,Pune,1.32,964.0,699,0.22,1.56,0.97,0.71,0.11,54,182.0,51,20,51.17,0.42,0.24,0.32,Nutrient Deficient
3643.0,Sangli,1.74,1490.0,942,0.63,1.95,0.64,0.25,0.16,205,109.0,122,53,50.11,0.54,0.24,0.28,Nutrient Deficient
1718.0,Sangli,1.06,1279.0,863,0.32,2.81,1.36,0.37,0.14,43,92.0,193,13,60.41,0.63,0.32,0.38,Nutrient Deficient
2135.0,Sangli,1.68,997.0,632,0.32,2.59,1.09,0.55,0.1,57,144.0,85,17,50.78,0.47,0.3,0.24,Nutrient Deficient
1176.0,Sangli,0.78,970.0,678,0.28,3.98,1.25,0.51,0.15,62,135.0,117,12,56.84,0.46,0.44,0.43,Nutrient Deficient
4340.0,Pune,1.11,803.0,478,0.43,1.36,1.13,0.39,0.17,42,74.0,80,17,46.81,0.5,0.39,0.21,Nutrient Deficient
2740.0,Sangli,0.9,810.0,331,0.87,1.43,1.5,0.49,0.1,76,252.0,97,365,54.25,0.43,0.11,0.13,Nutrient Deficient
5181.0,Solapur,0.95,1011.0,591,0.31,2.75,1.85,0.44,0.1,80,47.0,78,9,46.63,0.52,0.29,0.35,Nutrient Deficient
3001.0,Sangli,2.18,1086.0,797,0.46,2.28,1.06,0.28,0.12,71,102.0,128,61,56.96,0.42,0.34,0.35,Nutrient Deficient
1034.0,Sangli,1.51,810.0,693,0.42,2.76,1.19,0.41,0.14,49,119.0,141,14,49.88,0.51,0.48,0.21,Nutrient Deficient
2395.0,Sangli,1.4,1213.0,512,0.17,1.64,0.86,0.29,0.13,80,76.0,95,12,45.84,0.46,0.3,0.31,Nutrient Deficient
1346.0,Sangli,2.09,1416.0,667,0.22,1.61,1.18,0.32,0.14,47,63.0,41,14,40.12,0.47,0.31,0.26,Nutrient Deficient
4092.0,Sangli,1.23,1085.0,678,0.41,2.4,1.02,0.37,0.14,73,114.0,87,22,52.63,0.51,0.23,0.14,Nutrient Deficient
2367.0,Sangli,1.22,1278.0,913,0.32,2.64,1.51,0.66,0.14,72,241.0,69,51,47.61,0.5,0.35,0.21,Nutrient Deficient
2042.0,Sangli,1.17,1019.0,912,0.33,2.25,0.77,0.28,0.15,39,44.0,82,22,43.71,0.42,0.19,0.25,Nutrient Deficient
1265.0,Sangli,0.84,975.0,618,0.4,1.03,0.66,0.33,0.14,51,89.0,95,46,39.84,0.5,0.41,0.19,Nutrient Deficient
669.0,Sangli,1.85,1155.0,528,0.46,1.95,1.08,0.5,0.15,66,36.0,85,36,46.6,0.44,0.32,0.12,Nutrient Deficient
2278.0,Sangli,1.23,1471.0,412,0.33,3.13,1.1,0.39,0.15,105,97.0,93,16,47.15,0.42,0.47,0.43,Nutrient Deficient
1865.0,Sangli,1.06,864.0,509,0.65,1.59,0.8,0.36,0.13,64,62.0,56,23,54.12,0.58,0.19,0.18,Nutrient Deficient
2799.0,Sangli,1.0,1186.0,601,0.5,3.98,1.41,0.57,0.14,80,115.0,135,59,43.52,0.6,0.36,0.48,Nutrient Deficient
3422.0,Sangli,1.86,1391.0,511,0.34,1.33,0.88,0.32,0.14,54,39.0,34,19,40.27,0.51,0.18,0.19,Nutrient Deficient
4514.0,Pune,1.35,1502.0,460,0.46,2.74,0.61,0.57,0.12,63,111.0,80,256,54.39,0.42,0.38,0.29,Nutrient Deficient
4248.0,Pune,0.96,857.0,501,0.54,2.3,0.92,0.46,0.16,45,42.0,45,21,48.16,0.5,0.24,0.21,Nutrient Deficient
2537.0,Sangli,0.9,993.0,667,0.45,2.41,1.95,0.68,0.19,59,81.0,100,155,57.82,0.48,0.24,0.14,Nutrient Deficient
1199.0,Sangli,0.62,1010.0,617,0.39,3.98,1.72,0.6,0.15,88,72.0,131,46,51.71,0.49,0.46,0.32,Nutrient Deficient
1279.0,Sangli,0.95,874.0,493,0.41,2.05,1.02,0.53,0.11,60,35.0,49,9,52.64,0.53,0.19,0.07,Nutrient Deficient
734.0,Sangli,0.7,820.0,613,0.48,2.23,0.87,0.37,0.11,48,95.0,113,38,42.12,0.52,0.3,0.19,Nutrient Deficient
1642.0,Sangli,1.0,778.0,612,0.29,2.28,0.67,0.47,0.13,41,64.0,88,11,50.05,0.63,0.36,0.25,Nutrient Deficient
2859.0,Sangli,1.48,1419.0,718,0.56,1.31,0.72,0.27,0.17,54,50.0,95,42,49.17,0.47,0.4,0.21,Nutrient Deficient
936.0,Sangli,1.79,1025.0,956,0.47,2.12,1.17,0.49,0.15,49,124.0,77,13,50.78,0.51,0.39,0.21,Nutrient Deficient
1201.0,Sangli,0.9,1200.0,671,0.36,2.09,2.25,0.58,0.16,84,52.0,128,14,50.72,0.49,0.49,0.38,Nutrient Deficient
860.0,Pune,1.34,1460.0,792,0.32,1.44,1.05,0.38,0.13,58,69.0,106,13,41.61,0.46,0.14,0.21,Nutrient Deficient
2711.0,Sangli,1.23,805.0,543,0.2,1.57,1.44,0.51,0.13,125,119.0,175,26,53.66,0.5,0.32,0.19,Nutrient Deficient
1580.0,Sangli,1.23,860.0,543,0.4,1.95,1.12,0.46,0.12,87,178.0,101,42,38.02,0.48,0.48,0.4,Nutrient Deficient
886.0,Sangli,1.49,1471.0,749,0.47,3.35,1.22,0.48,0.16,63,125.0,106,74,47.68,0.53,0.39,0.29,Nutrient Deficient
2982.0,Sangli,1.29,1102.0,673,0.44,1.39,1.31,0.6,0.18,62,179.0,173,204,50.05,0.43,0.3,0.16,Nutrient Deficient
172.0,Sangli,1.48,1043.0,384,0.53,1.64,1.04,0.43,0.13,82,67.0,49,19,48.71,0.71,0.24,0.14,Nutrient Deficient
4632.0,Pune,1.64,981.0,601,0.34,2.19,0.89,0.34,0.15,59,38.0,74,90,43.66,0.43,0.41,0.21,Nutrient Deficient
2462.0,Sangli,1.11,1159.0,472,0.19,2.66,1.02,0.52,0.13,102,129.0,78,10,48.23,0.52,0.24,0.14,Nutrient Deficient
4243.0,Pune,0.9,1273.0,416,0.19,2.56,1.16,0.52,0.13,102,170.0,107,25,49.15,0.47,0.36,0.39,Nutrient Deficient
2495.0,Sangli,1.11,1350.0,617,0.39,1.33,1.26,0.59,0.15,53,119.0,178,42,52.64,0.49,0.29,0.28,Nutrient Deficient
237.0,Sangli,1.0,997.0,671,0.45,1.42,1.09,0.63,0.14,55,72.0,77,98,47.12,0.56,0.2,0.14,Nutrient Deficient
5175.0,Solapur,1.16,1050.0,526,0.28,2.87,1.04,0.36,0.13,47,73.0,122,19,46.7,0.47,0.4,0.49,Nutrient Deficient
2497.0,Sangli,1.15,917.0,671,0.56,2.28,1.01,0.65,0.14,83,88.0,162,77,50.11,0.51,0.27,0.16,Nutrient Deficient
4928.0,Pune,1.06,1375.0,471,0.27,3.06,2.94,0.66,0.13,79,170.0,178,19,74.87,0.61,0.26,0.25,Nutrient Deficient
3405.0,Sangli,1.01,905.0,712,0.4,3.54,1.53,0.43,0.13,51,115.0,194,56,49.71,0.5,0.35,0.27,Nutrient Deficient
2715.0,Sangli,1.42,1113.0,493,0.23,3.25,1.48,0.63,0.13,90,85.0,117,113,59.74,0.51,0.4,0.32,Nutrient Deficient
4255.0,Pune,1.62,1219.0,418,0.44,2.05,1.05,0.59,0.15,64,116.0,85,25,54.12,0.52,0.25,0.14,Balanced / Optimal
355.0,Sangli,0.74,709.0,312,0.31,2.71,3.05,0.74,0.13,73,51.0,78,33,52.74,0.51,0.41,0.31,Nutrient Deficient
4231.0,Pune,1.62,1150.0,466,0.44,2.33,0.67,0.51,0.15,50,49.0,39,23,49.61,0.39,0.16,0.15,Nutrient Deficient
3638.0,Sangli,2.16,1190.0,495,0.43,3.04,0.7,0.21,0.16,62,65.0,91,12,46.45,0.47,0.34,0.28,Nutrient Deficient
4518.0,Pune,1.4,866.0,793,0.69,1.64,0.76,0.47,0.15,53,69.0,88,17,43.89,0.58,0.45,0.33,Nutrient Deficient
3408.0,Sangli,1.6,1172.0,612,0.45,3.33,0.57,0.28,0.14,83,64.0,41,6,49.19,0.41,0.29,0.16,Nutrient Deficient
5047.0,Solapur,1.16,831.0,495,0.28,1.15,0.93,0.31,0.12,49,104.0,102,26,46.07,0.5,0.32,0.45,Nutrient Deficient
260.0,Sangli,1.53,1196.0,408,0.19,1.83,1.24,0.55,0.13,64,97.0,91,56,47.81,0.59,0.24,0.28,Nutrient Deficient
3381.0,Sangli,0.9,749.0,715,0.42,2.86,1.49,0.57,0.17,68,39.0,96,61,45.73,0.47,0.46,0.38,Nutrient Deficient
4138.0,Pune,1.69,1197.0,463,0.39,3.6,1.16,0.41,0.13,94,41.0,90,24,41.13,0.45,0.21,0.19,Nutrient Deficient
3646.0,Sangli,0.95,857.0,473,0.54,2.55,1.49,0.45,0.14,103,49.0,156,67,52.64,0.38,0.43,0.21,Nutrient Deficient
2383.0,Sangli,1.27,856.0,611,0.47,2.95,0.71,0.43,0.13,51,66.0,67,23,46.11,0.48,0.25,0.21,Nutrient Deficient
3901.0,Sangli,1.12,1199.0,671,0.42,2.1,1.06,0.49,0.13,78,159.0,101,51,44.77,0.47,0.37,0.5,Toxicity Risk
2062.0,Sangli,0.78,750.0,571,0.19,1.11,0.77,0.39,0.13,39,123.0,88,9,46.12,0.47,0.21,0.14,Nutrient Deficient
34.0,Sangli,1.69,1120.0,408,0.56,3.74,1.84,0.6,0.2,88,60.0,59,17,50.09,0.43,0.33,0.31,Nutrient Excess
1900.0,Sangli,1.0,940.0,693,0.38,2.83,1.14,0.51,0.13,88,55.0,71,22,54.67,0.51,0.36,0.16,Nutrient Deficient
2442.0,Sangli,1.85,1460.0,445,0.63,3.24,1.96,0.59,0.19,54,65.0,43,23,54.12,0.49,0.42,0.55,Toxicity Risk
3476.0,Sangli,1.74,1115.0,784,0.52,1.16,1.28,0.55,0.13,68,54.0,97,60,48.83,0.49,0.22,0.14,Balanced / Optimal
2532.0,Sangli,1.46,1091.0,671,0.49,2.12,0.85,0.42,0.15,57,50.0,95,33,49.12,0.47,0.38,0.18,Nutrient Deficient
358.0,Sangli,0.95,975.0,518,0.38,2.77,1.2,0.51,0.18,56,73.0,113,68,45.12,0.34,0.42,0.19,Nutrient Deficient
68.0,Sangli,1.28,1092.0,489,0.27,1.74,1.47,0.44,0.12,75,69.0,70,34,54.37,0.42,0.26,0.28,Nutrient Deficient
69.0,Sangli,1.34,1208.0,343,0.31,1.19,1.63,0.47,0.13,70,65.0,59,57,51.78,0.72,0.22,0.14,Nutrient Deficient
3049.0,Sangli,1.85,1200.0,512,0.61,2.38,1.26,0.41,0.13,49,41.0,92,13,42.51,0.41,0.25,0.24,Nutrient Deficient
4751.0,Pune,1.74,975.0,692,0.42,3.34,1.18,0.61,0.15,199,42.0,44,11,45.38,0.45,0.26,0.44,Nutrient Excess
2610.0,Sangli,1.4,1500.0,613,0.58,2.03,0.96,0.52,0.14,61,101.0,101,18,45.11,0.5,0.1,0.19,Balanced / Optimal
2419.0,Sangli,1.06,1075.0,474,0.43,2.4,1.77,0.6,0.16,73,222.0,105,23,57.83,0.47,0.23,0.14,Nutrient Deficient
3689.0,Sangli,1.32,758.0,432,0.44,1.74,1.92,0.56,0.14,49,48.0,109,24,49.04,0.47,0.35,0.15,Balanced / Optimal
3764.0,Sangli,1.64,1155.0,512,0.27,1.51,1.53,0.51,0.12,82,79.0,68,17,53.66,0.51,0.31,0.21,Nutrient Deficient
4299.0,Pune,1.4,1271.0,693,0.49,3.27,2.18,0.57,0.17,217,97.0,107,26,42.63,0.37,0.47,0.32,Nutrient Excess
3034.0,Sangli,0.96,875.0,609,0.3,3.16,1.28,0.48,0.15,68,101.0,94,19,44.88,0.52,0.25,0.32,Nutrient Deficient
1723.0,Sangli,1.45,800.0,471,0.49,2.95,1.48,0.6,0.16,118,73.0,92,69,57.1,0.49,0.25,0.16,Nutrient Excess
2094.0,Sangli,1.37,859.0,412,0.46,1.51,0.89,0.37,0.14,118,41.0,116,83,47.94,0.48,0.32,0.21,Nutrient Deficient
226.0,Sangli,1.21,919.0,307,0.48,3.11,1.36,0.49,0.11,69,147.0,101,48,43.74,0.63,0.19,0.17,Nutrient Deficient
5142.0,Solapur,1.06,1360.0,617,0.42,2.83,1.69,0.61,0.14,86,201.0,116,64,61.1,0.51,0.52,0.32,Toxicity Risk
3301.0,Sangli,1.9,1298.0,478,0.83,2.63,1.19,0.42,0.13,96,46.0,80,42,54.63,0.39,0.41,0.35,Nutrient Deficient
1042.0,Pune,1.68,1475.0,794,0.52,3.74,1.8,0.79,0.15,76,139.0,181,63,52.66,0.57,0.45,0.33,Nutrient Excess
5209.0,Satara,1.05,753.0,511,0.47,1.69,1.38,0.59,0.14,86,92.0,97,43,44.99,0.71,0.27,0.27,Nutrient Deficient
765.0,Sangli,1.4,1565.0,491,0.38,0.96,0.97,0.48,0.15,74,89.0,80,30,40.74,0.42,0.31,0.23,Nutrient Deficient
3532.0,Sangli,1.16,1250.0,612,0.22,1.1,0.61,0.33,0.1,56,98.0,71,13,49.19,0.47,0.26,0.12,Nutrient Deficient
3246.0,Sangli,1.01,920.0,611,0.42,2.64,2.04,0.63,0.16,61,56.0,116,26,42.71,0.51,0.44,0.2,Nutrient Deficient
2428.0,Sangli,1.74,810.0,543,0.27,2.05,1.08,0.53,0.14,58,72.0,94,14,54.65,0.48,0.4,0.21,Nutrient Deficient
3754.0,Sangli,1.61,1126.0,508,0.4,2.61,2.0,0.58,0.13,56,120.0,142,307,62.0,0.4,0.32,0.21,Nutrient Deficient
1825.0,Sangli,1.41,757.0,611,0.41,1.73,1.16,0.46,0.14,59,66.0,131,36,50.13,0.45,0.41,0.28,Nutrient Deficient
3363.0,Sangli,1.53,1470.0,762,0.29,2.19,1.53,0.57,0.13,68,174.0,102,86,49.13,0.63,0.43,0.23,Nutrient Deficient
578.0,Sangli,1.37,1297.0,517,0.18,3.88,2.55,0.78,0.07,71,193.0,183,88,50.71,0.43,0.74,0.53,Toxicity Risk
2722.0,Sangli,1.16,1207.0,478,0.46,3.46,1.34,0.51,0.16,62,34.0,51,13,54.16,0.44,0.25,0.28,Nutrient Deficient
4043.0,Sangli,1.01,1131.0,692,0.41,1.66,1.48,0.47,0.13,51,51.0,110,21,61.27,0.52,0.28,0.26,Nutrient Deficient
3035.0,Sangli,1.01,1213.0,471,0.5,2.14,1.22,0.42,0.13,61,106.0,117,62,47.64,0.71,0.19,0.18,Nutrient Deficient
4555.0,Pune,1.62,1179.0,701,0.67,2.82,1.82,0.68,0.16,52,62.0,96,33,51.81,0.54,0.21,0.2,Nutrient Excess
3244.0,Sangli,1.4,842.0,312,0.48,2.42,1.07,0.46,0.15,46,18.0,81,32,51.66,0.44,0.28,0.29,Nutrient Deficient
2627.0,Sangli,1.12,1019.0,610,0.44,2.93,1.19,0.38,0.15,55,39.0,75,16,46.01,0.4,0.36,0.21,Nutrient Deficient
4866.0,Pune,0.78,934.0,601,0.46,3.06,1.69,0.41,0.18,64,105.0,121,65,48.93,0.62,0.41,0.29,Nutrient Deficient
4448.0,Pune,1.48,1027.0,608,0.2,3.63,2.76,0.67,0.14,113,236.0,125,24,56.46,0.53,0.36,0.35,Nutrient Deficient
2397.0,Sangli,1.46,963.0,587,0.43,2.85,0.93,0.3,0.16,55,134.0,108,26,51.64,0.51,0.28,0.21,Nutrient Deficient
3881.0,Sangli,1.37,1096.0,711,0.47,2.39,0.89,0.42,0.16,55,302.0,87,16,45.13,0.54,0.46,0.28,Nutrient Deficient
2249.0,Sangli,2.18,1027.0,713,0.25,1.58,0.74,0.48,0.13,50,80.0,128,43,42.8,0.38,0.25,0.29,Nutrient Deficient
4574.0,Pune,1.94,994.0,571,0.37,1.54,0.63,0.15,0.14,65,33.0,158,65,41.83,0.47,0.42,0.19,Nutrient Deficient
348.0,Sangli,1.43,1256.0,593,0.5,2.21,0.95,0.49,0.1,58,120.0,147,42,51.7,0.47,0.24,0.17,Nutrient Deficient
1496.0,Sangli,0.84,1278.0,543,0.61,3.98,1.87,0.69,0.17,79,61.0,133,17,52.17,0.46,0.47,0.35,Nutrient Deficient
4815.0,Pune,1.51,1289.0,693,0.35,2.97,1.89,0.62,0.17,71,78.0,177,33,48.15,0.46,0.27,0.35,Nutrient Deficient
5006.0,Solapur,1.36,1065.0,678,0.28,2.36,1.26,0.62,0.13,70,190.0,102,25,60.91,0.51,0.32,0.23,Nutrient Deficient
1626.0,Sangli,1.84,1391.0,783,0.43,2.34,1.69,0.53,0.13,64,109.0,75,34,50.92,0.51,0.16,0.08,Nutrient Excess
1446.0,Sangli,1.51,815.0,500,0.25,2.42,1.12,0.54,0.15,119,78.0,51,89,48.66,0.51,0.4,0.21,Nutrient Deficient
2911.0,Sangli,1.51,828.0,602,0.58,1.21,0.72,0.3,0.16,92,120.0,125,88,48.97,0.61,0.24,0.07,Nutrient Deficient
1163.0,Sangli,1.01,990.0,512,0.35,3.54,0.88,0.49,0.18,57,169.0,276,37,47.64,0.52,0.46,0.21,Nutrient Deficient
1886.0,Sangli,1.12,1141.0,638,0.37,2.82,1.74,0.57,0.12,89,61.0,70,32,54.37,0.51,0.21,0.5,Toxicity Risk
1038.0,Sangli,1.85,1230.0,881,0.38,3.03,1.13,0.4,0.13,53,98.0,65,13,52.18,0.5,0.36,0.21,Nutrient Deficient
2861.0,Sangli,1.12,1005.0,578,0.64,2.84,1.18,0.56,0.17,51,59.0,101,37,47.17,0.37,0.32,0.28,Nutrient Deficient
883.0,Pune,1.35,1197.0,613,0.33,2.97,0.95,0.39,0.14,38,39.0,117,34,51.63,0.48,0.28,0.38,Nutrient Deficient
4479.0,Pune,1.62,1202.0,611,0.5,2.05,0.95,0.51,0.17,141,116.0,84,35,55.28,0.66,0.48,0.24,Balanced / Optimal
4253.0,Pune,1.29,857.0,452,0.37,2.64,0.99,0.46,0.13,130,93.0,101,42,38.49,0.49,0.35,0.21,Nutrient Deficient
4611.0,Pune,1.43,862.0,416,0.51,1.44,1.95,0.66,0.14,74,41.0,79,13,51.78,0.71,0.2,0.14,Balanced / Optimal
1081.0,Pune,1.06,950.0,884,0.15,1.21,1.69,0.74,0.16,117,94.0,105,23,48.16,0.47,0.41,0.07,Nutrient Deficient
2302.0,Sangli,1.43,1115.0,718,0.5,3.19,0.58,0.33,0.13,51,71.0,76,27,41.19,0.36,0.32,0.43,Nutrient Deficient
733.0,Sangli,1.6,805.0,598,0.51,1.33,1.15,0.4,0.16,78,75.0,91,26,43.88,0.46,0.25,0.1,Nutrient Deficient
422.0,Pune,1.64,1207.0,749,0.57,2.91,1.17,0.49,0.16,65,65.0,119,82,46.84,0.37,0.24,0.19,Nutrient Deficient
1243.0,Sangli,1.23,1278.0,511,0.59,2.04,1.06,0.4,0.18,81,97.0,95,23,43.62,0.59,0.16,0.16,Nutrient Deficient
3067.0,Sangli,1.12,1095.0,711,0.24,1.77,0.6,0.32,0.16,74,88.0,83,12,46.11,0.5,0.26,0.21,Nutrient Deficient
4321.0,Pune,1.34,1018.0,478,0.51,2.03,1.42,0.66,0.14,69,39.0,67,21,49.7,0.56,0.36,0.31,Balanced / Optimal
4608.0,Pune,1.32,1585.0,608,0.52,3.77,1.63,0.64,0.13,55,106.0,118,126,64.66,0.47,0.32,0.43,Nutrient Excess
4105.0,Sangli,1.4,1200.0,471,0.42,1.39,0.72,0.48,0.13,63,40.0,50,10,44.74,0.47,0.22,0.23,Nutrient Deficient
2870.0,Sangli,1.85,1359.0,474,0.48,2.82,0.57,0.3,0.14,42,169.0,113,19,40.56,0.47,0.33,0.43,Nutrient Deficient
446.0,Sangli,0.74,805.0,374,0.41,2.8,1.33,0.57,0.13,57,168.0,85,20,43.83,0.64,0.3,0.21,Nutrient Deficient
725.0,Sangli,1.79,700.0,588,0.33,0.96,0.81,0.41,0.12,51,68.0,93,20,39.74,0.52,0.16,0.26,Nutrient Deficient
2459.0,Sangli,1.59,1017.0,711,0.54,2.87,0.97,0.38,0.1,42,36.0,118,17,41.42,0.44,0.22,0.21,Nutrient Deficient
4782.0,Pune,1.29,1529.0,471,0.42,3.45,1.15,0.46,0.12,78,69.0,87,24,61.18,0.38,0.14,0.19,Nutrient Deficient
3868.0,Sangli,1.53,905.0,711,0.38,1.14,1.09,0.43,0.11,72,72.0,117,26,48.7,0.47,0.16,0.25,Nutrient Deficient
4363.0,Pune,1.51,782.0,659,0.62,3.03,1.78,0.65,0.13,85,160.0,155,23,54.69,0.52,0.29,0.28,Nutrient Excess
3590.0,Sangli,1.34,1196.0,409,0.24,3.38,1.15,0.49,0.12,171,169.0,92,89,52.18,0.57,0.38,0.21,Nutrient Deficient
2491.0,Sangli,1.46,1111.0,380,0.2,1.76,0.64,0.24,0.12,73,47.0,30,22,50.67,0.54,0.2,0.35,Nutrient Deficient
2810.0,Sangli,1.27,996.0,366,0.25,1.96,1.19,0.56,0.13,54,75.0,35,16,51.7,0.71,0.24,0.14,Nutrient Deficient
4371.0,Pune,1.12,1198.0,471,0.49,2.58,1.06,0.59,0.15,54,44.0,39,19,51.66,0.64,0.34,0.26,Nutrient Deficient
4082.0,Sangli,1.51,1005.0,497,0.42,1.7,0.82,0.43,0.12,69,50.0,88,14,45.74,0.63,0.19,0.14,Nutrient Deficient
3640.0,Sangli,1.21,1040.0,492,0.53,4.04,1.2,0.29,0.14,65,113.0,88,17,46.12,0.39,0.2,0.23,Nutrient Deficient
2388.0,Sangli,1.01,728.0,748,0.32,2.51,0.78,0.36,0.12,63,79.0,71,7,60.18,0.47,0.25,0.17,Nutrient Deficient
1136.0,Pune,0.9,1030.0,672,0.18,2.95,1.32,0.6,0.13,53,373.0,42,18,54.18,0.5,0.43,0.21,Nutrient Deficient
1065.0,Solapur,1.57,1170.0,493,0.41,1.87,0.98,0.38,0.13,46,50.0,89,9,61.18,0.47,0.21,0.14,Nutrient Deficient
4938.0,Solapur,0.9,825.0,418,0.46,3.2,0.61,0.36,0.12,57,21.0,45,13,50.66,0.46,0.2,0.36,Nutrient Deficient
3905.0,Sangli,1.06,717.0,611,0.63,2.64,1.08,0.43,0.14,86,34.0,89,81,42.12,0.53,0.44,0.21,Nutrient Deficient
751.0,Sangli,1.9,1374.0,679,0.28,1.24,1.01,0.32,0.15,67,181.0,162,63,42.78,0.43,0.22,0.26,Nutrient Deficient
4206.0,Pune,1.34,1206.0,617,0.52,3.22,0.83,0.4,0.14,59,39.0,43,19,48.16,0.61,0.26,0.14,Nutrient Deficient
4624.0,Pune,1.11,1297.0,625,0.21,2.37,1.28,0.45,0.1,43,140.0,88,17,61.18,0.49,0.15,0.25,Nutrient Deficient
2160.0,Sangli,1.51,1198.0,693,0.68,1.94,1.49,0.51,0.11,93,135.0,138,56,41.74,0.43,0.32,0.24,Balanced / Optimal
1671.0,Sangli,1.62,905.0,599,0.3,1.51,1.16,0.57,0.17,82,101.0,71,9,53.66,0.5,0.29,0.19,Nutrient Deficient
3469.0,Sangli,1.48,1163.0,584,0.4,1.38,1.27,0.4,0.15,69,149.0,85,13,41.82,0.49,0.26,0.14,Nutrient Deficient
3015.0,Sangli,1.18,997.0,375,0.46,3.89,2.55,0.61,0.14,91,201.0,132,188,54.86,0.58,0.42,0.21,Nutrient Deficient
2918.0,Sangli,0.79,1382.0,418,0.29,1.23,0.92,0.41,0.16,54,93.0,93,12,39.18,0.44,0.44,0.21,Nutrient Deficient
5001.0,Solapur,0.95,810.0,421,0.5,1.02,0.51,0.23,0.16,69,28.0,40,55,48.68,0.61,0.29,0.14,Nutrient Deficient
1799.0,Sangli,1.4,1370.0,882,0.36,2.7,0.91,0.33,0.14,62,96.0,92,25,52.88,0.4,0.42,0.5,Toxicity Risk
3871.0,Sangli,1.37,890.0,424,0.61,4.04,1.69,0.6,0.13,86,48.0,116,36,45.69,0.44,0.4,0.31,Nutrient Excess
1943.0,Sangli,0.9,789.0,384,0.46,2.39,1.18,0.56,0.1,64,84.0,97,35,48.16,0.54,0.46,0.35,Nutrient Deficient
4976.0,Solapur,2.07,1100.0,893,0.64,2.63,1.17,0.49,0.15,48,108.0,81,34,53.14,0.53,0.23,0.19,Nutrient Deficient
4436.0,Pune,1.76,1082.0,617,0.34,3.55,0.72,0.2,0.12,59,40.0,85,62,40.92,0.52,0.38,0.35,Nutrient Deficient
3893.0,Sangli,1.73,1419.0,556,0.39,2.72,1.49,0.56,0.16,93,110.0,120,86,51.74,0.47,0.57,0.2,Toxicity Risk
2003.0,Sangli,1.27,1217.0,493,0.46,2.24,1.32,0.56,0.14,118,139.0,102,51,50.66,0.58,0.17,0.28,Nutrient Deficient
2567.0,Sangli,2.02,1305.0,471,0.47,1.05,0.89,0.41,0.13,56,174.0,91,11,42.99,0.58,0.39,0.12,Nutrient Deficient
2152.0,Sangli,1.37,1004.0,693,0.31,1.79,0.84,0.38,0.13,72,119.0,64,12,44.01,0.47,0.21,0.16,Nutrient Deficient
277.0,Solapur,0.95,1058.0,584,0.58,2.62,1.06,0.52,0.14,81,74.0,75,51,40.92,0.54,0.18,0.21,Nutrient Deficient
2654.0,Sangli,1.57,802.0,512,0.82,2.54,0.88,0.41,0.12,69,206.0,113,26,47.84,0.52,0.27,0.21,Nutrient Deficient
4587.0,Pune,1.27,1240.0,367,0.35,4.09,2.62,0.4,0.11,51,47.0,79,82,60.92,0.7,0.47,0.12,Nutrient Deficient
43.0,Sangli,1.06,1012.0,497,0.48,1.82,1.34,0.36,0.13,136,84.0,101,54,50.67,0.41,0.2,0.21,Nutrient Deficient
1203.0,Pune,1.12,975.0,378,0.37,2.82,1.65,0.49,0.13,73,41.0,54,16,60.89,0.58,0.49,0.19,Nutrient Deficient
4283.0,Pune,1.01,970.0,664,0.48,2.33,0.6,0.31,0.11,63,85.0,44,58,48.87,0.51,0.41,0.19,Nutrient Deficient
4545.0,Pune,1.06,920.0,501,0.4,2.99,1.38,0.35,0.14,91,187.0,96,38,47.19,0.51,0.24,0.35,Nutrient Deficient
820.0,Solapur,0.9,760.0,493,0.22,0.81,0.69,0.4,0.1,63,45.0,52,13,43.71,0.51,0.24,0.39,Nutrient Deficient
5155.0,Solapur,1.16,767.0,538,0.54,2.45,0.51,0.24,0.14,74,86.0,61,21,43.71,0.49,0.32,0.28,Nutrient Deficient
5008.0,Solapur,1.62,944.0,709,0.64,2.57,0.77,0.35,0.13,47,60.0,84,31,52.65,0.47,0.2,0.32,Nutrient Deficient
2752.0,Sangli,1.64,1011.0,460,0.43,1.22,0.67,0.28,0.1,58,70.0,66,11,40.11,0.5,0.2,0.21,Nutrient Deficient
3474.0,Sangli,1.64,1155.0,581,0.47,2.39,0.9,0.35,0.1,72,99.0,109,41,44.01,0.63,0.31,0.47,Nutrient Deficient
4892.0,Pune,0.95,978.0,417,0.38,1.96,1.39,0.42,0.11,97,40.0,84,20,48.36,0.71,0.17,0.14,Nutrient Deficient
2472.0,Sangli,1.32,1312.0,493,0.38,3.46,0.77,0.51,0.16,57,76.0,155,19,52.67,0.71,0.29,0.26,Nutrient Deficient
2324.0,Sangli,1.06,1020.0,574,0.31,2.48,1.21,0.58,0.15,62,76.0,108,10,44.01,0.49,0.31,0.39,Nutrient Deficient
511.0,Pune,1.06,1185.0,494,0.58,3.56,1.31,0.62,0.14,67,212.0,39,49,63.86,0.46,0.23,0.2,Nutrient Deficient
1658.0,Sangli,1.96,1391.0,617,0.29,1.95,1.04,0.42,0.11,72,63.0,68,36,46.09,0.44,0.19,0.15,Nutrient Deficient
3785.0,Sangli,1.08,1097.0,303,0.56,3.74,1.17,0.44,0.14,114,181.0,178,281,50.13,0.37,0.34,0.35,Nutrient Deficient
316.0,Sangli,1.335,1092.0,510,0.65,2.3,1.22,0.57,0.15,72,61.0,84,47,44.12,0.43,0.28,0.16,Nutrient Excess
2505.0,Sangli,1.17,1190.0,581,0.47,3.76,1.26,0.39,0.14,49,63.0,24,23,43.67,0.52,0.22,0.18,Nutrient Deficient
2664.0,Sangli,1.37,1124.0,887,0.48,2.83,1.08,0.41,0.14,57,97.0,62,9,46.11,0.42,0.38,0.24,Nutrient Deficient
2834.0,Sangli,1.27,1130.0,711,0.33,2.91,0.82,0.35,0.15,69,112.0,169,26,56.95,0.49,0.42,0.4,Nutrient Deficient
4290.0,Pune,1.34,1377.0,708,0.28,3.07,1.41,0.31,0.11,120,97.0,183,193,54.17,0.44,0.3,0.27,Nutrient Deficient
1418.0,Sangli,1.18,1009.0,678,0.44,2.99,1.64,0.54,0.14,88,78.0,109,98,51.74,0.59,0.22,0.21,Nutrient Deficient
56.0,Sangli,1.56,1183.0,370,0.52,2.74,1.02,0.39,0.13,81,26.0,71,11,44.01,0.51,0.19,0.18,Nutrient Deficient
2832.0,Sangli,1.68,1290.0,711,0.44,2.89,1.08,0.33,0.14,46,106.0,111,60,41.75,0.46,0.32,0.51,Toxicity Risk
3014.0,Sangli,1.37,1097.0,706,0.48,2.65,1.86,0.44,0.12,71,120.0,113,25,56.56,0.53,0.24,0.43,Nutrient Deficient
3525.0,Sangli,1.62,1475.0,969,0.59,3.02,0.78,0.34,0.15,62,135.0,92,17,50.74,0.38,0.5,0.5,Toxicity Risk
1761.0,Sangli,1.41,1190.0,711,0.28,2.62,1.29,0.63,0.16,119,133.0,98,81,44.12,0.63,0.4,0.21,Nutrient Deficient
4775.0,Pune,1.21,811.0,366,0.26,1.91,1.62,0.51,0.15,73,103.0,92,19,51.95,0.43,0.19,0.38,Nutrient Deficient
2414.0,Sangli,1.4,1174.0,561,0.37,1.64,1.72,0.62,0.15,76,75.0,93,17,57.82,0.46,0.2,0.53,Toxicity Risk
2778.0,Sangli,1.4,1215.0,460,0.58,2.25,0.63,0.37,0.14,61,107.0,155,68,41.79,0.37,0.39,0.28,Nutrient Deficient
4104.0,Sangli,1.06,756.0,363,0.42,1.76,1.18,0.43,0.11,82,65.0,125,73,43.71,0.47,0.1,0.21,Nutrient Deficient
2256.0,Sangli,1.64,1002.0,571,0.26,1.3,1.25,0.58,0.12,85,152.0,70,31,47.14,0.53,0.24,0.07,Nutrient Deficient
343.0,Sangli,0.9,857.0,363,0.5,2.39,0.69,0.33,0.13,113,111.0,105,39,51.66,0.47,0.22,0.15,Nutrient Deficient
5084.0,Solapur,1.28,879.0,748,0.3,1.54,0.83,0.25,0.13,51,74.0,83,9,45.83,0.41,0.39,0.43,Nutrient Deficient
3950.0,Sangli,1.21,795.0,511,0.53,2.35,1.05,0.41,0.13,69,170.0,104,19,41.87,0.67,0.46,0.28,Nutrient Deficient
1108.0,Pune,0.95,980.0,693,0.15,3.13,1.01,0.34,0.15,112,115.0,42,21,45.89,0.51,0.32,0.28,Nutrient Deficient
770.0,Sangli,1.23,990.0,669,0.32,2.25,0.88,0.37,0.14,75,104.0,152,16,39.63,0.43,0.44,0.31,Nutrient Deficient
4374.0,Pune,1.06,1096.0,484,0.13,3.3,0.98,0.61,0.14,150,308.0,148,33,54.37,0.49,0.24,0.21,Nutrient Deficient
2840.0,Sangli,1.06,1185.0,722,0.46,2.01,0.75,0.43,0.11,45,92.0,154,93,47.12,0.36,0.14,0.19,Nutrient Deficient
395.0,Pune,1.06,848.0,366,0.3,1.44,0.97,0.44,0.21,57,63.0,62,91,49.66,0.37,0.36,0.19,Nutrient Deficient
1615.0,Sangli,1.12,1151.0,511,0.58,2.09,1.09,0.44,0.15,78,85.0,218,312,43.62,0.56,0.42,0.17,Nutrient Deficient
1594.0,Sangli,1.34,1200.0,711,0.63,3.21,2.62,0.65,0.12,86,157.0,147,36,49.88,0.42,0.29,0.28,Nutrient Excess
2360.0,Sangli,1.23,990.0,588,0.35,1.06,1.45,0.52,0.13,126,82.0,113,37,50.01,0.47,0.37,0.43,Nutrient Deficient
1787.0,Sangli,1.6,1377.0,578,0.33,1.19,1.09,0.39,0.15,72,104.0,90,12,49.78,0.56,0.48,0.25,Nutrient Deficient
1850.0,Sangli,1.62,1051.0,693,0.35,2.24,1.23,0.39,0.12,91,67.0,99,61,49.19,0.49,0.45,0.55,Toxicity Risk
2007.0,Sangli,1.43,1160.0,604,0.38,3.29,1.82,0.74,0.15,96,134.0,91,80,51.61,0.53,0.22,0.26,Nutrient Deficient
5027.0,Solapur,0.95,1072.0,400,0.35,2.79,0.75,0.35,0.15,48,29.0,39,23,53.53,0.44,0.21,0.33,Nutrient Deficient
1072.0,Sangli,1.85,1450.0,817,0.39,3.88,1.02,0.4,0.15,64,75.0,121,24,54.64,0.47,0.24,0.33,Nutrient Deficient
2522.0,Sangli,1.49,1160.0,911,0.27,1.52,0.73,0.46,0.1,55,107.0,138,13,46.6,0.44,0.2,0.21,Nutrient Deficient
493.0,Pune,1.01,1152.0,571,0.48,2.67,0.79,0.29,0.14,57,45.0,74,27,46.09,0.54,0.27,0.19,Nutrient Deficient
5185.0,Solapur,0.78,822.0,467,0.19,1.05,1.11,0.36,0.13,87,27.0,42,11,57.31,0.53,0.32,0.39,Nutrient Deficient
3109.0,Sangli,1.0,1190.0,484,0.25,2.28,1.36,0.48,0.14,65,123.0,102,16,51.78,0.46,0.22,0.21,Nutrient Deficient
1564.0,Sangli,1.27,1005.0,516,0.89,2.82,1.36,0.57,0.13,90,59.0,76,98,42.34,0.53,0.32,0.35,Nutrient Deficient
2954.0,Sangli,1.21,1041.0,651,0.29,1.58,0.64,0.32,0.16,336,124.0,184,31,46.78,0.49,0.3,0.26,Nutrient Deficient
4762.0,Pune,1.62,1474.0,499,0.48,3.78,0.6,0.17,0.15,118,25.0,48,21,46.85,0.61,0.47,0.3,Nutrient Deficient
2342.0,Sangli,1.16,820.0,398,0.42,1.62,1.42,0.51,0.14,57,115.0,104,59,51.66,0.57,0.28,0.21,Nutrient Deficient
605.0,Sangli,1.16,1091.0,674,0.88,3.82,1.87,0.57,0.11,85,54.0,101,85,51.66,0.49,0.63,0.51,Toxicity Risk
1184.0,Sangli,1.12,925.0,412,0.19,2.58,1.29,0.54,0.12,77,71.0,102,16,49.12,0.48,0.43,0.35,Nutrient Deficient
4331.0,Pune,1.66,1475.0,411,0.46,2.59,0.7,0.41,0.14,71,75.0,88,21,54.68,0.51,0.19,0.25,Nutrient Deficient
1291.0,Sangli,1.6,966.0,401,0.39,2.34,1.69,0.58,0.15,60,95.0,62,59,50.91,0.49,0.31,0.18,Nutrient Deficient
2162.0,Sangli,1.12,980.0,671,0.2,0.99,1.49,0.51,0.1,60,81.0,67,22,39.66,0.51,0.2,0.19,Nutrient Deficient
4526.0,Pune,1.32,1101.0,792,0.41,1.42,0.63,0.33,0.12,137,216.0,80,31,43.77,0.45,0.24,0.35,Nutrient Deficient
264.0,Sangli,0.9,804.0,693,0.34,0.95,1.2,0.56,0.12,70,94.0,113,41,47.64,0.54,0.27,0.21,Nutrient Deficient
2641.0,Sangli,1.57,905.0,312,0.35,2.46,1.82,0.5,0.12,86,249.0,132,89,58.08,0.58,0.27,0.14,Nutrient Deficient
216.0,Sangli,1.69,1196.0,704,0.49,1.92,0.67,0.36,0.14,62,104.0,104,51,45.6,0.55,0.27,0.17,Nutrient Deficient
2604.0,Sangli,1.51,1345.0,378,0.32,1.35,0.87,0.33,0.1,76,159.0,72,15,47.68,0.5,0.27,0.16,Nutrient Deficient
2165.0,Sangli,1.92,1494.0,711,0.44,1.71,0.69,0.27,0.12,65,93.0,52,13,41.34,0.58,0.09,0.35,Nutrient Deficient
2960.0,Sangli,0.84,810.0,508,0.3,2.07,0.93,0.5,0.16,78,108.0,131,17,44.01,0.5,0.26,0.36,Nutrient Deficient
4525.0,Pune,1.06,1021.0,617,0.53,3.88,0.69,0.28,0.13,71,65.0,100,51,51.66,0.41,0.32,0.28,Nutrient Deficient
3647.0,Sangli,1.34,875.0,693,0.29,2.55,1.23,0.52,0.13,83,104.0,97,42,61.17,0.5,0.19,0.17,Nutrient Deficient
3548.0,Sangli,1.12,1028.0,611,0.55,2.95,1.11,0.47,0.13,52,72.0,155,19,41.62,0.48,0.45,0.26,Nutrient Deficient
4978.0,Solapur,1.44,997.0,781,0.24,2.37,0.83,0.26,0.12,47,56.0,88,25,40.78,0.51,0.24,0.36,Nutrient Deficient
3582.0,Sangli,1.73,1250.0,509,0.26,2.77,0.98,0.5,0.16,63,95.0,93,64,47.17,0.53,0.29,0.4,Nutrient Deficient
2096.0,Sangli,1.51,1285.0,678,0.36,2.54,0.93,0.49,0.15,153,128.0,86,12,50.67,0.36,0.31,0.21,Nutrient Deficient
1062.0,Sangli,1.18,1350.0,588,0.26,1.45,1.02,0.35,0.16,39,70.0,92,21,59.74,0.41,0.49,0.35,Nutrient Deficient
2706.0,Sangli,1.28,920.0,409,0.41,1.51,0.86,0.54,0.17,62,162.0,97,21,49.7,0.47,0.25,0.35,Nutrient Deficient
4090.0,Sangli,1.0,1046.0,911,0.53,3.78,1.14,0.63,0.17,33,72.0,80,12,54.37,0.63,0.32,0.21,Nutrient Deficient
4068.0,Sangli,1.51,1085.0,409,0.44,1.27,1.39,0.61,0.15,72,146.0,151,110,53.69,0.63,0.41,0.4,Balanced / Optimal
423.0,Pune,1.32,1106.0,626,0.54,3.01,0.78,0.41,0.15,49,63.0,47,48,49.81,0.54,0.29,0.16,Nutrient Deficient
89.0,Pune,1.23,891.0,460,0.32,1.03,1.11,0.45,0.14,82,55.0,102,65,54.37,0.65,0.24,0.21,Nutrient Deficient
738.0,Sangli,1.73,1005.0,467,0.55,3.01,0.67,0.21,0.14,59,161.0,69,62,39.12,0.39,0.31,0.26,Nutrient Deficient
4101.0,Sangli,1.01,850.0,479,0.58,1.65,0.93,0.33,0.16,62,39.0,52,30,53.78,0.47,0.31,0.21,Nutrient Deficient
2191.0,Sangli,1.68,1291.0,678,0.34,2.58,1.18,0.5,0.15,75,274.0,133,69,49.12,0.5,0.24,0.19,Nutrient Deficient
3024.0,Sangli,1.48,900.0,716,0.35,2.82,0.69,0.41,0.1,41,133.0,135,16,43.66,0.46,0.34,0.41,Nutrient Deficient
4294.0,Pune,1.06,885.0,588,0.26,2.27,0.95,0.51,0.13,65,116.0,129,51,49.76,0.47,0.2,0.21,Nutrient Deficient
3114.0,Sangli,1.12,711.0,408,0.53,2.55,1.39,0.5,0.15,62,64.0,71,65,37.97,0.48,0.27,0.21,Nutrient Deficient
2741.0,Sangli,1.69,825.0,617,0.46,1.65,0.78,0.37,0.13,117,72.0,96,43,41.57,0.61,0.18,0.21,Nutrient Deficient
1888.0,Sangli,1.85,1096.0,612,0.33,0.95,1.02,0.52,0.14,263,88.0,71,69,52.76,0.63,0.14,0.14,Nutrient Deficient
1260.0,Sangli,1.61,1097.0,718,0.45,3.11,1.43,0.4,0.15,111,69.0,89,89,60.19,0.22,0.49,0.14,Nutrient Deficient
2172.0,Sangli,1.21,1150.0,669,0.31,1.51,1.46,0.53,0.14,70,97.0,104,14,51.64,0.44,0.53,0.43,Toxicity Risk
2742.0,Sangli,1.27,1066.0,897,0.46,1.96,0.73,0.49,0.15,55,163.0,89,13,47.11,0.47,0.18,0.17,Nutrient Deficient
4204.0,Pune,0.83,862.0,460,0.52,3.17,2.95,0.72,0.15,72,97.0,90,24,50.05,0.51,0.32,0.45,Nutrient Deficient
889.0,Sangli,1.48,1396.0,912,0.43,2.13,1.08,0.41,0.16,36,128.0,53,27,53.17,0.52,0.38,0.29,Nutrient Deficient
3309.0,Sangli,1.61,1208.0,711,0.5,2.53,1.06,0.29,0.13,109,151.0,113,16,50.92,0.36,0.41,0.32,Nutrient Deficient
3700.0,Sangli,1.29,994.0,617,0.42,1.76,0.67,0.52,0.12,50,147.0,97,50,44.88,0.51,0.31,0.21,Nutrient Deficient
1345.0,Sangli,1.23,1060.0,617,0.42,2.64,1.09,0.39,0.16,94,159.0,144,21,43.67,0.53,0.21,0.18,Nutrient Deficient
2017.0,Sangli,1.34,1058.0,334,0.5,2.3,1.38,0.4,0.19,81,93.0,148,58,43.71,0.55,0.26,0.31,Nutrient Deficient
4529.0,Pune,0.92,857.0,604,0.32,1.67,1.17,0.58,0.32,36,56.0,53,64,53.23,0.43,0.22,0.29,Nutrient Deficient
812.0,Sangli,1.18,1290.0,663,0.38,2.79,1.2,0.48,0.12,64,125.0,111,34,45.12,0.41,0.4,0.39,Nutrient Deficient
3704.0,Sangli,1.53,1869.0,684,0.42,3.11,1.43,0.63,0.18,62,186.0,116,32,50.67,0.53,0.3,0.43,Nutrient Excess
4921.0,Pune,0.9,866.0,511,0.32,3.57,1.8,0.66,0.14,48,129.0,103,17,42.83,0.41,0.42,0.32,Nutrient Deficient
4842.0,Pune,1.36,1470.0,677,0.45,4.24,1.2,0.71,0.17,58,124.0,163,24,59.99,0.37,0.25,0.21,Nutrient Excess
3665.0,Sangli,1.16,1027.0,593,0.14,1.63,2.47,0.71,0.14,85,267.0,134,24,52.64,0.6,0.45,0.17,Nutrient Deficient
3411.0,Sangli,1.62,975.0,406,0.36,2.24,1.09,0.36,0.13,72,66.0,88,54,43.61,0.54,0.23,0.19,Nutrient Deficient
3846.0,Sangli,0.95,825.0,397,0.49,2.46,1.09,0.29,0.14,47,39.0,93,15,48.16,0.43,0.38,0.31,Nutrient Deficient
4151.0,Pune,1.59,1048.0,421,0.51,2.2,1.17,0.69,0.14,61,52.0,51,17,42.55,0.56,0.28,0.28,Balanced / Optimal
2023.0,Sangli,1.29,1490.0,378,0.45,2.4,1.76,0.81,0.13,211,238.0,184,136,52.64,0.46,0.5,0.21,Toxicity Risk
3861.0,Sangli,1.46,1290.0,467,0.58,1.9,1.23,0.56,0.19,233,140.0,110,63,51.68,0.47,0.39,0.33,Balanced / Optimal
4261.0,Pune,0.9,909.0,500,0.27,2.49,1.17,0.38,0.15,95,95.0,194,34,42.26,0.5,0.2,0.46,Nutrient Deficient
1640.0,Sangli,1.51,1500.0,702,0.34,3.54,0.89,0.43,0.19,59,122.0,194,81,54.12,0.35,0.32,0.4,Nutrient Deficient
3825.0,Sangli,1.32,860.0,711,0.59,3.54,0.81,0.68,0.15,70,111.0,152,237,45.01,0.46,0.28,0.14,Nutrient Excess
3343.0,Sangli,1.53,1297.0,401,0.47,3.58,1.06,0.53,0.14,72,48.0,71,74,46.7,0.68,0.25,0.33,Nutrient Excess
3608.0,Sangli,1.45,1020.0,498,0.67,2.95,0.7,0.54,0.15,73,172.0,127,62,40.12,0.47,0.21,0.17,Nutrient Deficient
4672.0,Pune,1.06,1500.0,650,0.32,2.28,1.04,0.53,0.16,106,206.0,105,17,50.12,0.54,0.31,0.72,Toxicity Risk
4861.0,Pune,1.34,965.0,468,0.28,2.72,0.74,0.15,0.12,122,44.0,79,15,39.21,0.41,0.39,0.14,Nutrient Deficient
3032.0,Sangli,1.46,925.0,516,0.44,2.23,0.72,0.37,0.12,45,48.0,69,16,45.0,0.66,0.22,0.11,Nutrient Deficient
1664.0,Sangli,0.95,705.0,716,0.52,2.54,1.49,0.51,0.1,61,67.0,71,18,46.71,0.46,0.33,0.31,Nutrient Deficient
127.0,Pune,1.13,901.0,617,0.55,1.23,1.26,0.71,0.13,63,69.0,70,17,51.71,0.62,0.2,0.14,Nutrient Deficient
688.0,Solapur,1.06,860.0,471,0.33,1.81,0.69,0.19,0.13,42,25.0,172,13,44.66,0.51,0.29,0.38,Nutrient Deficient
107.0,Sangli,1.28,1017.0,489,0.42,1.63,1.15,0.65,0.17,188,53.0,57,26,61.17,0.55,0.19,0.14,Nutrient Deficient
3485.0,Sangli,1.37,936.0,609,0.6,3.78,1.1,0.71,0.16,83,261.0,110,41,50.05,0.41,0.48,0.35,Nutrient Excess
3456.0,Sangli,1.68,1255.0,423,0.73,3.94,1.2,0.64,0.16,99,90.0,143,135,48.12,0.41,0.36,0.35,Nutrient Excess
895.0,Sangli,1.48,1071.0,613,0.39,4.97,1.02,0.43,0.17,61,151.0,156,41,53.16,0.5,0.29,0.21,Nutrient Deficient
1551.0,Sangli,1.28,871.0,711,0.27,1.28,1.07,0.38,0.17,49,133.0,167,56,43.62,0.5,0.46,0.17,Nutrient Deficient
2992.0,Sangli,1.96,1125.0,672,0.39,1.54,0.74,0.43,0.14,100,122.0,121,167,49.12,0.42,0.19,0.39,Nutrient Deficient
3399.0,Sangli,1.6,895.0,578,0.5,3.31,0.89,0.51,0.15,173,47.0,104,27,51.17,0.54,0.45,0.31,Nutrient Excess
4011.0,Sangli,1.27,975.0,659,0.5,2.2,2.39,0.51,0.13,58,63.0,88,56,50.92,0.73,0.13,0.14,Nutrient Deficient
1654.0,Sangli,1.6,1058.0,433,0.33,2.51,0.78,0.54,0.11,66,161.0,114,19,51.74,0.44,0.27,0.14,Nutrient Deficient
915.0,Sangli,1.62,1020.0,718,0.5,2.96,0.8,0.28,0.16,52,88.0,69,41,52.71,0.57,0.46,0.28,Nutrient Deficient
2976.0,Sangli,0.95,1490.0,467,0.33,2.86,1.41,0.58,0.13,52,99.0,63,15,45.66,0.46,0.19,0.14,Nutrient Deficient
1901.0,Sangli,1.23,1097.0,588,0.28,1.58,1.07,0.51,0.18,52,96.0,61,17,47.78,0.53,0.13,0.14,Nutrient Deficient
1937.0,Sangli,1.96,1097.0,372,0.35,1.52,1.36,0.71,0.14,65,48.0,111,65,54.37,0.48,0.44,0.27,Nutrient Deficient
5004.0,Solapur,1.4,1451.0,625,0.57,2.36,1.05,0.51,0.12,54,52.0,86,26,51.66,0.58,0.21,0.21,Nutrient Excess
412.0,Pune,1.16,1017.0,469,0.28,1.54,1.16,0.57,0.13,199,97.0,107,58,43.67,0.49,0.24,0.21,Nutrient Deficient
2078.0,Sangli,1.16,794.0,409,0.49,1.83,1.04,0.24,0.11,46,27.0,69,23,50.13,0.59,0.32,0.25,Nutrient Deficient
2708.0,Sangli,1.96,1258.0,378,0.52,3.32,1.49,0.48,0.14,114,92.0,122,31,51.62,0.44,0.29,0.17,Nutrient Deficient
2222.0,Sangli,1.23,1015.0,512,0.35,1.61,1.44,0.65,0.12,73,41.0,63,187,56.09,0.57,0.16,0.14,Nutrient Deficient
1013.0,Sangli,1.51,1245.0,763,0.34,0.95,1.49,0.49,0.14,76,50.0,121,27,56.84,0.46,0.29,0.21,Nutrient Deficient
3200.0,Sangli,1.06,756.0,541,0.69,2.4,1.74,0.68,0.16,74,67.0,111,22,56.13,0.48,0.29,0.21,Nutrient Deficient
1813.0,Sangli,1.62,1040.0,512,0.33,1.65,0.53,0.23,0.13,66,48.0,61,12,48.71,0.51,0.26,0.29,Nutrient Deficient
4087.0,Sangli,1.4,1109.0,678,0.15,3.74,1.72,0.49,0.16,139,457.0,201,29,50.66,0.41,0.52,0.48,Toxicity Risk
4906.0,Pune,1.74,1430.0,522,0.58,3.91,0.89,0.33,0.12,53,70.0,118,19,51.78,0.58,0.48,0.28,Nutrient Deficient
27.0,Sangli,1.74,1169.0,560,0.6,2.19,1.51,0.42,0.11,116,81.0,51,12,57.11,0.47,0.37,0.31,Nutrient Deficient
3037.0,Sangli,1.74,1020.0,491,0.44,2.58,0.79,0.39,0.14,43,85.0,71,11,56.65,0.43,0.37,0.31,Nutrient Deficient
4541.0,Pune,1.12,1340.0,411,0.3,1.31,1.44,0.41,0.16,71,97.0,129,101,51.89,0.54,0.29,0.17,Nutrient Deficient
3752.0,Sangli,1.27,940.0,574,0.39,0.95,1.38,0.55,0.1,66,75.0,60,46,53.67,0.49,0.19,0.14,Nutrient Deficient
4850.0,Pune,0.9,1082.0,630,0.35,2.42,0.89,0.47,0.19,52,55.0,59,58,74.64,0.47,0.29,0.21,Nutrient Deficient
3258.0,Sangli,1.27,1190.0,893,0.65,3.2,1.19,0.49,0.16,66,160.0,94,22,49.17,0.54,0.43,0.35,Nutrient Deficient
4202.0,Pune,1.06,1421.0,669,0.43,3.61,1.16,0.52,0.14,66,140.0,88,34,51.71,0.39,0.46,0.28,Nutrient Deficient
1978.0,Sangli,1.06,1015.0,396,0.32,2.56,1.22,0.38,0.14,69,99.0,54,42,46.43,0.43,0.29,0.28,Nutrient Deficient
4685.0,Pune,1.27,1240.0,511,0.54,3.13,0.99,0.37,0.14,72,75.0,113,33,50.64,0.38,0.28,0.24,Nutrient Deficient
2665.0,Sangli,1.49,1000.0,912,0.4,2.74,0.81,0.36,0.15,62,134.0,156,254,51.67,0.47,0.29,0.19,Nutrient Deficient
3089.0,Sangli,1.06,1088.0,816,0.34,2.81,0.86,0.49,0.15,47,189.0,113,19,52.64,0.57,0.23,0.33,Nutrient Deficient
4027.0,Sangli,1.57,1305.0,605,0.53,2.94,0.63,0.38,0.16,71,50.0,65,12,50.74,0.54,0.14,0.15,Nutrient Deficient
4228.0,Pune,1.27,1001.0,518,0.37,1.24,1.18,0.41,0.15,68,121.0,198,13,51.24,0.57,0.38,0.35,Nutrient Deficient
4889.0,Pune,1.65,1197.0,452,0.48,2.7,1.17,0.45,0.13,65,225.0,111,20,54.25,0.71,0.42,0.28,Nutrient Deficient
3891.0,Sangli,1.37,897.0,312,0.39,2.27,0.99,0.35,0.15,66,103.0,165,62,49.12,0.44,0.28,0.14,Nutrient Deficient
1483.0,Sangli,1.23,1369.0,500,0.28,2.14,0.62,0.32,0.13,71,40.0,95,18,54.63,0.49,0.3,0.29,Nutrient Deficient
3289.0,Sangli,1.8,1480.0,975,0.34,2.01,0.59,0.28,0.11,83,107.0,95,11,40.1,0.43,0.48,0.5,Toxicity Risk
4713.0,Pune,1.06,980.0,712,0.44,1.32,0.97,0.44,0.13,57,170.0,43,25,41.13,0.49,0.19,0.31,Nutrient Deficient
3306.0,Sangli,1.48,1569.0,517,0.15,1.7,1.22,0.51,0.13,53,121.0,89,19,43.73,0.57,0.28,0.23,Nutrient Deficient
4865.0,Pune,1.64,1460.0,439,0.26,3.42,0.62,0.23,0.15,117,43.0,104,67,45.75,0.41,0.49,0.28,Nutrient Deficient
1020.0,Sangli,1.06,820.0,816,0.25,2.11,1.06,0.26,0.17,58,48.0,88,12,48.16,0.53,0.34,0.45,Nutrient Deficient
4093.0,Sangli,0.78,1127.0,912,0.49,2.11,1.09,0.43,0.14,68,129.0,85,36,37.11,0.59,0.19,0.21,Nutrient Deficient
4835.0,Pune,1.27,975.0,617,0.57,2.76,1.05,0.41,0.11,52,73.0,42,16,42.67,0.5,0.31,0.31,Nutrient Deficient
2774.0,Sangli,1.46,1094.0,371,0.3,2.63,1.36,0.71,0.14,51,188.0,141,20,53.59,0.53,0.23,0.26,Nutrient Deficient
4802.0,Pune,0.95,1186.0,406,0.4,2.59,2.57,0.57,0.15,73,121.0,163,52,77.66,0.51,0.46,0.28,Nutrient Deficient
1635.0,Sangli,0.95,848.0,578,0.62,1.93,0.7,0.47,0.1,71,31.0,76,19,42.12,0.63,0.22,0.19,Nutrient Deficient
231.0,Pune,1.53,742.0,492,0.51,2.72,1.98,0.63,0.13,61,65.0,67,17,51.64,0.66,0.19,0.15,Nutrient Excess
2314.0,Sangli,1.06,1035.0,946,0.31,1.34,1.09,0.38,0.14,79,67.0,56,36,59.17,0.49,0.43,0.46,Nutrient Deficient
207.0,Sangli,1.53,1213.0,593,0.4,2.4,0.53,0.29,0.1,60,65.0,120,47,49.17,0.54,0.27,0.17,Nutrient Deficient
3104.0,Sangli,0.95,905.0,717,0.19,3.72,2.62,0.57,0.13,77,105.0,149,67,52.67,0.41,0.37,0.59,Toxicity Risk
2705.0,Sangli,1.79,1366.0,384,0.46,3.57,1.32,0.59,0.16,148,41.0,146,103,57.09,0.5,0.39,0.33,Nutrient Excess
2877.0,Sangli,1.17,990.0,340,0.35,1.21,1.16,0.37,0.14,63,157.0,106,27,44.71,0.51,0.2,0.17,Nutrient Deficient
4227.0,Pune,1.11,1079.0,490,0.44,1.93,0.44,0.18,0.1,74,44.0,105,37,43.81,0.54,0.13,0.18,Nutrient Deficient
3874.0,Sangli,1.4,1475.0,689,0.33,3.04,1.18,0.33,0.12,54,53.0,55,22,54.37,0.41,0.29,0.39,Nutrient Deficient
3519.0,Sangli,1.96,1495.0,718,0.9,3.69,1.46,0.57,0.16,330,69.0,71,24,50.64,0.52,0.47,0.21,Nutrient Excess
3308.0,Sangli,0.79,786.0,471,0.53,3.0,1.02,0.36,0.14,56,66.0,85,22,54.12,0.57,0.23,0.18,Nutrient Deficient
4131.0,Pune,1.12,1376.0,681,0.46,1.84,1.37,0.61,0.15,47,201.0,52,11,56.18,0.61,0.2,0.19,Nutrient Deficient
2712.0,Sangli,1.4,1182.0,609,0.21,3.01,1.29,0.53,0.17,71,156.0,137,21,51.64,0.44,0.17,0.16,Nutrient Deficient
1677.0,Sangli,0.74,723.0,423,0.26,1.46,0.96,0.44,0.14,68,66.0,116,25,53.66,0.54,0.24,0.18,Nutrient Deficient
3045.0,Sangli,1.11,968.0,567,0.23,1.08,1.36,0.47,0.13,71,53.0,59,12,38.66,0.49,0.24,0.24,Nutrient Deficient
762.0,Sangli,1.57,840.0,509,0.71,1.32,0.5,0.31,0.14,73,74.0,120,50,41.6,0.47,0.26,0.23,Nutrient Deficient
2033.0,Sangli,1.8,1293.0,711,0.49,3.11,0.97,0.37,0.18,176,101.0,132,42,50.78,0.47,0.48,0.21,Nutrient Deficient
1706.0,Sangli,1.01,1086.0,494,0.43,2.78,1.09,0.58,0.19,55,143.0,204,271,46.11,0.47,0.2,0.17,Nutrient Deficient
2613.0,Sangli,1.28,820.0,667,0.26,2.09,1.84,0.37,0.13,57,74.0,52,110,50.92,0.37,0.33,0.33,Nutrient Deficient
1444.0,Sangli,1.34,1490.0,669,0.46,1.04,1.33,0.57,0.16,94,67.0,88,274,41.6,0.41,0.18,0.17,Nutrient Deficient
2873.0,Sangli,1.35,1215.0,497,0.34,1.72,0.53,0.21,0.11,43,41.0,47,11,46.6,0.31,0.2,0.14,Nutrient Deficient
4312.0,Pune,1.59,938.0,369,0.27,1.38,1.0,0.36,0.13,51,64.0,67,19,46.17,0.43,0.43,0.17,Nutrient Deficient
4785.0,Pune,1.68,1168.0,492,0.51,2.63,0.74,0.33,0.16,123,82.0,74,31,41.85,0.41,0.37,0.28,Nutrient Deficient
1365.0,Sangli,1.0,910.0,412,0.49,2.92,1.35,0.56,0.14,84,247.0,53,29,52.09,0.51,0.31,0.35,Nutrient Deficient
4060.0,Sangli,1.53,1017.0,461,0.69,2.97,0.83,0.34,0.12,55,48.0,97,38,41.42,0.4,0.48,0.41,Nutrient Deficient
704.0,Sangli,1.96,1445.0,463,0.43,3.21,0.74,0.33,0.12,56,39.0,114,18,39.71,0.51,0.17,0.19,Nutrient Deficient
4316.0,Pune,1.06,1002.0,711,0.38,2.23,1.11,0.39,0.17,62,159.0,80,33,49.9,0.51,0.19,0.24,Nutrient Deficient
4500.0,Pune,1.62,1028.0,500,0.33,1.67,0.97,0.4,0.13,130,125.0,136,68,43.68,0.48,0.35,0.14,Nutrient Deficient
5157.0,Solapur,1.27,1170.0,613,0.54,2.85,0.61,0.31,0.13,61,84.0,96,25,48.06,0.44,0.26,0.21,Nutrient Deficient
1947.0,Sangli,0.89,797.0,492,0.34,1.51,0.81,0.29,0.17,64,134.0,70,15,41.69,0.47,0.39,0.21,Nutrient Deficient
2408.0,Sangli,0.78,857.0,508,0.2,2.35,1.36,0.59,0.14,61,132.0,147,101,52.64,0.59,0.24,0.19,Nutrient Deficient
3765.0,Sangli,1.12,1358.0,453,0.37,3.39,1.12,0.63,0.13,96,251.0,129,55,53.53,0.36,0.5,0.4,Toxicity Risk
2687.0,Sangli,1.49,1075.0,711,0.28,1.59,0.82,0.24,0.16,48,88.0,71,18,58.67,0.47,0.23,0.14,Nutrient Deficient
2776.0,Sangli,1.64,870.0,463,0.33,2.94,1.66,0.48,0.12,43,38.0,54,13,50.66,0.53,0.27,0.17,Nutrient Deficient
3370.0,Sangli,1.29,1044.0,693,0.27,3.14,1.25,0.59,0.13,119,31.0,46,10,49.12,0.6,0.14,0.21,Nutrient Deficient
4246.0,Pune,1.68,1151.0,794,0.29,1.31,0.95,0.51,0.14,74,144.0,92,12,56.18,0.59,0.43,0.19,Nutrient Deficient
3867.0,Sangli,0.9,792.0,405,0.29,1.33,0.92,0.51,0.12,38,84.0,64,58,45.12,0.66,0.2,0.14,Nutrient Deficient
282.0,Sangli,1.43,1120.0,433,0.25,1.14,0.98,0.41,0.12,85,48.0,127,43,51.78,0.48,0.23,0.21,Nutrient Deficient
4492.0,Pune,1.69,983.0,412,0.49,3.11,1.16,0.61,0.17,61,81.0,105,61,48.12,0.44,0.32,0.35,Nutrient Excess
1305.0,Sangli,1.12,1196.0,609,0.27,2.2,0.84,0.4,0.15,66,119.0,137,15,45.12,0.38,0.31,0.21,Nutrient Deficient
5051.0,Solapur,1.42,1072.0,705,0.26,2.28,1.02,0.44,0.14,50,111.0,172,24,41.71,0.41,0.29,0.35,Nutrient Deficient
1588.0,Sangli,1.43,1206.0,678,0.59,3.21,1.27,0.43,0.14,51,65.0,113,53,53.6,0.58,0.19,0.13,Nutrient Deficient
5125.0,Solapur,1.11,952.0,608,0.29,5.56,0.97,0.35,0.1,65,33.0,38,10,41.89,0.4,0.23,0.38,Nutrient Deficient
719.0,Sangli,2.24,1105.0,678,0.5,1.08,0.66,0.31,0.14,52,92.0,174,19,41.74,0.47,0.18,0.13,Nutrient Deficient
2134.0,Sangli,1.32,1055.0,418,0.56,1.01,0.86,0.55,0.1,76,112.0,79,16,37.11,0.47,0.19,0.13,Nutrient Deficient
3385.0,Sangli,1.16,1183.0,371,0.46,3.9,0.9,0.35,0.14,62,114.0,127,10,42.68,0.47,0.28,0.32,Nutrient Deficient
1976.0,Sangli,1.23,1500.0,471,0.42,2.86,1.07,0.39,0.14,150,82.0,113,21,52.17,0.59,0.27,0.32,Nutrient Deficient
318.0,Sangli,1.335,1092.0,511,0.47,1.76,0.9,0.43,0.15,61,130.0,90,22,43.17,0.54,0.4,0.27,Nutrient Deficient
4530.0,Pune,0.84,994.0,588,0.54,1.51,0.97,0.48,0.14,40,120.0,67,15,43.78,0.51,0.15,0.27,Nutrient Deficient
1217.0,Sangli,1.11,1013.0,393,0.4,1.42,0.73,0.37,0.16,76,65.0,78,16,40.78,0.43,0.29,0.17,Nutrient Deficient
2880.0,Sangli,1.15,1409.0,417,0.27,1.44,1.21,0.45,0.13,92,146.0,152,41,50.18,0.43,0.38,0.35,Nutrient Deficient
1402.0,Sangli,1.43,1298.0,871,0.52,1.03,0.92,0.24,0.12,40,80.0,63,26,49.17,0.41,0.27,0.07,Nutrient Deficient
4843.0,Pune,1.0,1290.0,500,0.3,1.89,1.65,0.71,0.16,101,227.0,109,11,63.27,0.51,0.17,0.33,Nutrient Deficient
2813.0,Sangli,1.23,1372.0,699,0.37,2.89,1.47,0.69,0.14,187,97.0,92,26,52.64,0.56,0.3,0.21,Nutrient Deficient
1337.0,Sangli,1.27,1071.0,711,0.5,3.31,1.16,0.58,0.16,59,81.0,78,13,68.06,0.71,0.44,0.33,Nutrient Deficient
1453.0,Sangli,1.34,1250.0,378,0.38,1.47,1.48,0.48,0.16,62,101.0,54,24,43.5,0.67,0.34,0.25,Nutrient Deficient
4818.0,Pune,1.34,1096.0,471,0.53,3.13,1.69,0.55,0.17,65,37.0,84,11,49.71,0.54,0.16,0.12,Nutrient Excess
4342.0,Pune,1.06,900.0,389,0.25,3.62,1.25,0.43,0.13,117,128.0,67,16,43.67,0.43,0.39,0.21,Nutrient Deficient
3654.0,Sangli,1.0,997.0,711,0.32,1.77,1.06,0.51,0.12,55,61.0,134,15,48.96,0.46,0.36,0.39,Nutrient Deficient
1210.0,Sangli,1.06,857.0,556,0.44,1.44,1.11,0.49,0.16,65,36.0,85,11,44.12,0.42,0.35,0.16,Nutrient Deficient
3598.0,Sangli,1.4,1092.0,759,0.4,1.97,1.2,0.37,0.15,56,48.0,92,8,52.18,0.49,0.24,0.35,Nutrient Deficient
2896.0,Sangli,1.98,1435.0,678,0.37,3.6,1.14,0.28,0.16,72,85.0,147,18,46.81,0.43,0.42,0.27,Nutrient Deficient
1789.0,Sangli,1.34,1196.0,692,0.35,2.37,0.74,0.29,0.1,51,155.0,157,47,50.08,0.52,0.29,0.14,Nutrient Deficient
5002.0,Solapur,1.11,1111.0,536,0.23,2.35,0.94,0.45,0.14,46,59.0,47,12,58.96,0.48,0.31,0.23,Nutrient Deficient
2038.0,Sangli,1.43,1097.0,712,0.47,3.34,0.93,0.48,0.17,162,35.0,98,12,50.96,0.46,0.44,0.29,Nutrient Deficient
3504.0,Sangli,1.6,1285.0,509,0.32,3.41,2.31,0.69,0.17,66,98.0,93,23,49.84,0.51,0.39,0.21,Nutrient Deficient
5201.0,Solapur,1.28,1007.0,790,0.28,2.91,1.06,0.55,0.12,71,94.0,69,10,42.71,0.42,0.44,0.35,Nutrient Deficient
3748.0,Sangli,1.11,954.0,578,0.5,1.87,0.92,0.38,0.13,56,95.0,131,23,39.14,0.49,0.17,0.32,Nutrient Deficient
1168.0,Pune,1.51,945.0,701,0.5,2.95,0.74,0.42,0.15,54,54.0,77,28,54.12,0.47,0.41,0.28,Nutrient Deficient
5163.0,Solapur,0.9,832.0,416,0.19,2.45,0.96,0.3,0.12,54,18.0,39,7,38.63,0.39,0.23,0.35,Nutrient Deficient
1312.0,Sangli,1.79,1502.0,601,0.39,1.42,1.08,0.27,0.12,69,59.0,81,21,40.56,0.34,0.37,0.26,Nutrient Deficient
4222.0,Pune,1.37,850.0,378,0.36,3.56,1.16,0.62,0.11,93,120.0,43,10,61.42,0.47,0.4,0.19,Nutrient Deficient
3270.0,Sangli,1.79,1215.0,420,0.62,2.69,1.28,0.56,0.14,71,228.0,78,27,52.64,0.48,0.24,0.29,Nutrient Excess
224.0,Satara,1.0,763.0,409,0.29,0.99,0.99,0.37,0.1,74,112.0,78,37,46.71,0.66,0.22,0.21,Nutrient Deficient
1758.0,Sangli,1.4,1496.0,401,0.58,1.3,0.7,0.21,0.14,64,55.0,35,13,45.12,0.43,0.23,0.28,Nutrient Deficient
4968.0,Solapur,1.16,816.0,532,0.42,1.71,0.93,0.39,0.14,59,29.0,92,14,51.11,0.49,0.19,0.2,Nutrient Deficient
3772.0,Sangli,1.18,1178.0,386,0.46,1.67,1.14,0.39,0.14,89,76.0,80,17,47.68,0.59,0.23,0.33,Nutrient Deficient
4098.0,Sangli,0.95,1370.0,357,0.57,3.78,1.04,0.62,0.15,72,139.0,114,29,47.82,0.51,0.27,0.31,Nutrient Deficient
3953.0,Sangli,1.79,1000.0,716,0.3,2.78,1.08,0.6,0.1,57,234.0,121,41,42.13,0.41,0.46,0.32,Nutrient Deficient
205.0,Sangli,1.43,1097.0,711,0.3,1.91,0.84,0.43,0.13,61,52.0,112,53,51.17,0.71,0.23,0.14,Nutrient Deficient
247.0,Sangli,1.53,1175.0,607,0.46,2.28,1.09,0.41,0.15,70,90.0,79,13,43.64,0.53,0.25,0.29,Nutrient Deficient
1461.0,Sangli,0.95,825.0,405,0.2,2.89,1.41,0.63,0.14,131,198.0,114,34,52.64,0.66,0.29,0.27,Nutrient Deficient
29.0,Sangli,1.69,1120.0,711,0.43,3.55,1.54,0.47,0.13,151,64.0,71,19,52.66,0.43,0.46,0.28,Nutrient Deficient
1796.0,Sangli,1.32,874.0,489,0.55,2.53,0.78,0.41,0.13,54,80.0,62,17,52.64,0.72,0.1,0.14,Nutrient Deficient
3286.0,Sangli,1.79,1490.0,612,0.31,2.18,1.04,0.53,0.15,47,130.0,47,18,58.38,0.41,0.29,0.21,Nutrient Deficient
4839.0,Pune,1.37,1500.0,617,0.46,3.65,1.16,0.61,0.16,124,159.0,108,64,61.18,0.48,0.31,0.35,Nutrient Excess
3250.0,Sangli,1.69,950.0,505,0.27,2.87,1.32,0.5,0.16,93,58.0,100,16,46.81,0.52,0.45,0.28,Nutrient Deficient
1674.0,Sangli,2.01,1102.0,543,0.42,1.64,0.59,0.43,0.1,40,99.0,38,21,48.36,0.44,0.23,0.19,Nutrient Deficient
4141.0,Pune,1.36,1423.0,611,0.45,3.8,1.14,0.31,0.15,134,79.0,104,28,44.62,0.43,0.35,0.19,Nutrient Deficient
3833.0,Sangli,1.08,1163.0,512,0.68,2.12,0.65,0.26,0.15,58,70.0,116,15,41.78,0.44,0.3,0.19,Nutrient Deficient
2790.0,Sangli,1.23,874.0,392,0.23,1.58,0.91,0.33,0.13,103,67.0,72,25,56.21,0.53,0.27,0.27,Nutrient Deficient
4013.0,Sangli,1.11,820.0,516,0.26,2.37,1.69,0.52,0.12,103,68.0,51,38,51.71,0.51,0.19,0.21,Nutrient Deficient
696.0,Sangli,1.12,1326.0,613,0.36,0.95,1.06,0.43,0.15,109,43.0,38,23,41.24,0.47,0.32,0.26,Nutrient Deficient
4501.0,Pune,1.53,1093.0,588,0.34,2.3,2.63,0.38,0.16,222,37.0,96,54,42.69,0.44,0.46,0.11,Nutrient Deficient
3556.0,Sangli,1.12,1079.0,309,0.42,2.82,0.7,0.31,0.17,62,51.0,101,12,41.78,0.43,0.46,0.21,Nutrient Deficient
449.0,Sangli,1.16,1027.0,578,0.33,2.39,1.07,0.47,0.12,46,167.0,53,26,40.18,0.47,0.27,0.17,Nutrient Deficient
1284.0,Sangli,1.62,1535.0,312,0.49,0.97,0.89,0.37,0.11,55,53.0,79,13,39.74,0.52,0.26,0.5,Toxicity Risk
294.0,Sangli,1.69,1213.0,892,0.59,2.31,0.88,0.44,0.13,43,74.0,89,35,51.12,0.37,0.26,0.18,Nutrient Deficient
3929.0,Sangli,1.21,1059.0,711,0.32,2.58,1.08,0.58,0.13,88,69.0,65,11,56.17,0.57,0.45,0.35,Nutrient Deficient
2843.0,Sangli,1.56,1371.0,784,0.47,2.21,0.67,0.24,0.1,76,101.0,213,37,43.71,0.47,0.37,0.25,Nutrient Deficient
5085.0,Solapur,1.35,1132.0,624,0.49,1.98,0.82,0.45,0.12,64,60.0,63,51,50.78,0.53,0.19,0.14,Nutrient Deficient
1872.0,Sangli,2.18,1372.0,418,0.3,3.01,0.62,0.33,0.12,278,51.0,66,26,45.72,0.44,0.2,0.15,Nutrient Deficient
1868.0,Sangli,0.9,1056.0,433,0.74,2.8,1.21,0.44,0.15,49,75.0,78,23,60.94,0.63,0.43,0.35,Nutrient Deficient
2637.0,Sangli,1.0,988.0,405,0.44,1.47,0.64,0.26,0.16,69,140.0,49,74,58.67,0.45,0.27,0.15,Nutrient Deficient
3736.0,Sangli,1.0,950.0,678,0.34,1.95,1.23,0.26,0.13,55,76.0,97,23,54.12,0.66,0.24,0.17,Nutrient Deficient
4441.0,Pune,1.64,790.0,492,0.39,1.21,1.3,0.55,0.14,54,97.0,41,45,43.75,0.44,0.35,0.31,Nutrient Deficient
5186.0,Solapur,1.42,1000.0,487,0.49,1.77,1.3,0.61,0.13,71,60.0,86,156,51.17,0.54,0.24,0.14,Balanced / Optimal
3521.0,Sangli,1.12,1350.0,669,0.3,2.55,0.73,0.39,0.13,170,120.0,112,8,51.66,0.61,0.44,0.31,Nutrient Deficient
4688.0,Pune,1.34,1153.0,478,0.35,2.62,1.6,0.37,0.12,79,83.0,45,19,55.84,0.51,0.19,0.19,Nutrient Deficient
3517.0,Sangli,1.8,1213.0,511,0.62,2.28,0.89,0.45,0.12,48,43.0,70,61,42.68,0.43,0.27,0.15,Nutrient Deficient
4963.0,Solapur,1.4,1318.0,611,0.33,3.53,0.61,0.23,0.12,57,27.0,61,19,51.78,0.52,0.24,0.21,Nutrient Deficient
4338.0,Pune,1.23,777.0,488,0.39,2.3,1.05,0.4,0.14,43,41.0,67,12,46.09,0.44,0.17,0.21,Nutrient Deficient
2818.0,Sangli,1.12,1044.0,418,0.47,3.48,1.39,0.49,0.14,76,116.0,139,20,46.84,0.61,0.36,0.3,Nutrient Deficient
1597.0,Sangli,1.46,1206.0,556,0.38,2.65,0.72,0.62,0.1,59,115.0,124,16,42.11,0.49,0.19,0.14,Nutrient Deficient
4047.0,Sangli,1.31,1021.0,612,0.35,1.52,1.07,0.52,0.13,78,140.0,132,58,50.66,0.51,0.12,0.14,Nutrient Deficient
1611.0,Sangli,1.46,1419.0,816,0.18,2.39,1.44,0.6,0.15,72,31.0,146,38,47.26,0.47,0.39,0.35,Nutrient Deficient
1407.0,Sangli,1.4,1298.0,412,0.39,2.11,0.86,0.3,0.17,55,94.0,99,60,50.92,0.47,0.19,0.26,Nutrient Deficient
1620.0,Sangli,1.62,991.0,440,0.63,2.11,0.63,0.31,0.13,65,54.0,148,19,37.02,0.38,0.24,0.28,Nutrient Deficient
4036.0,Sangli,1.38,1196.0,431,0.33,1.58,1.09,0.36,0.1,73,141.0,89,10,40.09,0.47,0.28,0.19,Nutrient Deficient
2010.0,Sangli,0.9,1076.0,784,0.47,4.03,1.41,0.67,0.12,82,63.0,120,26,51.71,0.47,0.48,0.39,Nutrient Deficient
1687.0,Sangli,1.0,823.0,453,0.44,1.97,1.3,0.54,0.1,72,64.0,48,26,48.3,0.52,0.29,0.16,Nutrient Deficient
5177.0,Solapur,1.28,1492.0,639,0.5,3.49,1.13,0.46,0.13,66,93.0,95,17,39.67,0.47,0.24,0.31,Nutrient Deficient
682.0,Sangli,1.96,1425.0,371,0.6,1.74,0.59,0.24,0.13,45,71.0,80,61,44.01,0.45,0.29,0.32,Nutrient Deficient
3753.0,Sangli,0.79,996.0,814,0.37,2.39,1.22,0.47,0.12,265,162.0,150,320,50.12,0.43,0.24,0.43,Nutrient Deficient
2557.0,Sangli,1.34,1111.0,887,0.44,2.96,0.97,0.41,0.15,109,201.0,42,9,61.3,0.47,0.29,0.21,Nutrient Deficient
4890.0,Pune,0.9,951.0,401,0.39,1.08,1.61,0.33,0.14,117,52.0,73,34,41.42,0.58,0.31,0.27,Nutrient Deficient
2571.0,Sangli,1.64,975.0,525,0.31,2.29,1.17,0.36,0.13,64,90.0,127,15,44.88,0.57,0.35,0.19,Nutrient Deficient
2418.0,Sangli,1.8,1717.0,828,0.15,3.74,0.99,0.28,0.18,59,71.0,71,11,56.21,0.49,0.29,0.14,Nutrient Deficient
3979.0,Sangli,1.34,1132.0,584,0.4,3.04,1.21,0.51,0.13,282,221.0,181,284,49.68,0.54,0.41,0.31,Nutrient Deficient
1498.0,Sangli,1.46,792.0,409,0.57,2.6,1.09,0.41,0.12,59,101.0,93,10,40.89,0.43,0.26,0.21,Nutrient Deficient
1022.0,Sangli,1.06,1460.0,492,0.25,3.98,1.44,0.53,0.17,83,51.0,116,18,54.86,0.49,0.4,0.4,Nutrient Deficient
2349.0,Sangli,2.02,1097.0,489,0.46,2.43,1.19,0.51,0.14,62,218.0,186,93,53.66,0.47,0.21,0.31,Nutrient Excess
2903.0,Sangli,1.74,940.0,518,0.32,2.6,1.29,0.4,0.16,90,82.0,120,12,60.19,0.49,0.44,0.21,Nutrient Deficient
4772.0,Pune,1.43,1075.0,488,0.49,3.22,0.74,0.39,0.17,68,60.0,70,11,40.56,0.54,0.5,0.53,Toxicity Risk
4179.0,Pune,1.23,1478.0,827,0.57,2.8,0.41,0.16,0.14,47,55.0,96,14,42.63,0.43,0.31,0.57,Toxicity Risk
1893.0,Sangli,2.04,1017.0,412,0.48,4.32,0.7,0.41,0.14,79,141.0,92,19,45.01,0.57,0.45,0.21,Nutrient Deficient
5046.0,Solapur,1.44,1170.0,491,0.21,2.87,0.88,0.36,0.13,63,79.0,75,13,52.84,0.49,0.33,0.21,Nutrient Deficient
1655.0,Sangli,1.62,1295.0,688,0.45,2.56,1.05,0.47,0.14,54,31.0,148,19,48.33,0.54,0.33,0.16,Nutrient Deficient
3455.0,Sangli,2.24,967.0,666,0.58,2.55,1.2,0.56,0.15,73,34.0,173,12,52.78,0.49,0.2,0.49,Nutrient Excess
1883.0,Sangli,1.11,992.0,436,0.45,3.42,1.38,0.33,0.15,83,72.0,110,43,43.71,0.55,0.26,0.21,Nutrient Deficient
4048.0,Sangli,1.23,1217.0,510,0.57,3.78,2.6,0.7,0.14,116,168.0,78,232,50.66,0.5,0.23,0.32,Nutrient Deficient
1391.0,Sangli,1.4,985.0,711,0.44,1.38,0.91,0.35,0.13,89,88.0,83,38,44.63,0.52,0.28,0.15,Nutrient Deficient
3010.0,Sangli,1.69,1400.0,678,0.69,2.54,1.36,0.46,0.19,65,46.0,59,121,60.2,0.42,0.25,0.07,Nutrient Deficient
1904.0,Sangli,2.04,1367.0,433,0.4,4.9,0.73,0.39,0.19,52,174.0,184,24,40.73,0.48,0.39,0.32,Nutrient Deficient
4168.0,Pune,1.64,1460.0,711,0.52,3.79,0.94,0.41,0.16,193,343.0,131,27,50.12,0.46,0.41,0.43,Nutrient Deficient
1045.0,Sangli,1.34,1400.0,678,0.41,3.25,1.15,0.51,0.18,68,56.0,93,11,61.67,0.51,0.45,0.4,Nutrient Excess
3822.0,Sangli,1.84,1490.0,786,0.35,1.78,0.9,0.57,0.16,297,102.0,113,53,49.19,0.49,0.22,0.15,Nutrient Deficient
2128.0,Sangli,1.62,1438.0,509,0.39,2.4,0.81,0.34,0.13,62,305.0,93,12,50.91,0.5,0.26,0.35,Nutrient Deficient
1569.0,Sangli,1.53,997.0,617,0.44,2.64,1.94,0.57,0.14,66,87.0,82,16,41.32,0.43,0.26,0.23,Nutrient Excess
2037.0,Sangli,1.34,1017.0,753,0.57,2.53,1.39,0.3,0.15,89,71.0,128,27,51.67,0.39,0.46,0.32,Nutrient Deficient
362.0,Sangli,1.06,1197.0,501,0.32,2.42,1.17,0.44,0.15,49,84.0,95,69,43.51,0.5,0.29,0.21,Nutrient Deficient
1208.0,Sangli,1.01,1395.0,474,0.25,1.2,2.69,0.62,0.16,81,212.0,79,19,52.64,0.49,0.26,0.32,Nutrient Deficient
787.0,Sangli,1.23,815.0,536,0.25,1.77,1.08,0.47,0.1,60,135.0,121,24,45.73,0.43,0.17,0.23,Nutrient Deficient
364.0,Sangli,1.27,1215.0,566,0.31,2.92,1.65,0.63,0.13,94,93.0,116,106,46.78,0.39,0.42,0.31,Nutrient Deficient
987.0,Sangli,1.57,1460.0,478,0.21,2.89,1.03,0.49,0.17,98,234.0,163,17,48.17,0.51,0.24,0.07,Nutrient Deficient
697.0,Sangli,1.06,1292.0,578,0.48,0.87,0.73,0.31,0.13,38,40.0,43,15,40.34,0.41,0.22,0.26,Nutrient Deficient
289.0,Sangli,1.27,975.0,671,0.43,2.4,1.87,0.67,0.13,118,100.0,95,121,47.68,0.43,0.32,0.26,Nutrient Deficient
5101.0,Solapur,1.35,1207.0,704,0.41,1.25,0.98,0.39,0.17,63,105.0,186,68,41.7,0.51,0.36,0.32,Nutrient Deficient
3052.0,Sangli,1.27,1252.0,512,0.2,2.13,1.09,0.6,0.15,67,61.0,80,89,51.71,0.57,0.09,0.21,Nutrient Deficient
2658.0,Sangli,1.32,1110.0,693,0.35,2.39,1.36,0.4,0.15,284,51.0,131,15,43.61,0.46,0.4,0.35,Nutrient Deficient
5025.0,Solapur,1.22,880.0,664,0.64,2.9,0.61,0.31,0.13,48,50.0,80,35,48.08,0.49,0.21,0.14,Nutrient Deficient
4631.0,Pune,1.06,1061.0,502,0.15,2.78,1.64,0.61,0.16,137,140.0,62,12,49.71,0.43,0.14,0.17,Nutrient Deficient
4808.0,Pune,1.74,1450.0,617,0.66,4.24,1.27,0.45,0.16,104,27.0,49,51,49.12,0.52,0.46,0.19,Nutrient Deficient
3227.0,Sangli,1.29,1092.0,518,0.48,1.87,1.1,0.51,0.17,72,67.0,90,45,44.01,0.44,0.31,0.13,Nutrient Deficient
2878.0,Sangli,1.16,987.0,493,0.37,2.22,1.39,0.6,0.13,51,132.0,193,86,45.69,0.5,0.32,0.26,Nutrient Deficient
1080.0,Pune,1.06,1020.0,671,0.14,1.69,1.71,0.72,0.15,124,79.0,104,12,42.74,0.42,0.3,0.21,Nutrient Deficient
3936.0,Sangli,1.01,1035.0,578,0.51,2.51,1.27,0.67,0.14,49,141.0,140,17,42.16,0.46,0.25,0.21,Nutrient Deficient
1216.0,Sangli,1.21,989.0,638,0.26,2.88,1.15,0.5,0.19,65,110.0,106,8,55.12,0.37,0.48,0.27,Nutrient Deficient
3999.0,Sangli,1.43,1021.0,509,0.83,2.64,1.32,0.49,0.17,87,76.0,56,25,54.78,0.37,0.25,0.07,Nutrient Deficient
501.0,Pune,1.53,1217.0,674,0.5,2.07,1.17,0.57,0.13,51,170.0,118,24,51.17,0.61,0.24,0.19,Balanced / Optimal
2623.0,Sangli,1.34,1025.0,895,0.52,3.54,0.74,0.49,0.17,72,83.0,89,23,50.92,0.44,0.44,0.32,Nutrient Deficient
2757.0,Sangli,0.95,1021.0,612,0.28,2.42,1.39,0.63,0.15,94,110.0,95,23,49.19,0.49,0.39,0.32,Nutrient Deficient
5045.0,Solapur,1.23,896.0,467,0.66,3.39,0.63,0.35,0.16,58,26.0,60,12,48.0,0.42,0.35,0.31,Nutrient Deficient
2602.0,Sangli,1.1,1040.0,612,0.4,2.39,0.74,0.36,0.13,52,168.0,193,91,53.67,0.44,0.3,0.19,Nutrient Deficient
4152.0,Pune,1.4,1236.0,518,0.54,3.62,1.16,0.35,0.17,58,95.0,106,28,51.72,0.47,0.28,0.44,Nutrient Deficient
689.0,Solapur,1.28,695.0,509,0.45,1.27,0.91,0.26,0.13,75,47.0,144,26,43.78,0.47,0.31,0.19,Nutrient Deficient
3042.0,Sangli,1.27,1025.0,512,0.33,3.74,1.32,0.63,0.15,184,120.0,106,12,56.38,0.67,0.44,0.26,Nutrient Deficient
4177.0,Pune,1.42,722.0,421,0.46,2.3,1.88,0.79,0.15,96,77.0,105,28,66.63,0.71,0.34,0.17,Nutrient Excess
967.0,Sangli,1.46,1035.0,671,0.4,3.33,0.99,0.43,0.16,129,106.0,51,19,58.67,0.44,0.33,0.28,Nutrient Deficient
4725.0,Pune,1.12,1500.0,669,0.19,3.84,1.01,0.63,0.17,37,39.0,65,33,76.68,0.52,0.3,0.14,Nutrient Deficient
3959.0,Sangli,1.16,1365.0,671,0.25,2.71,1.18,0.28,0.17,50,97.0,106,20,54.17,0.54,0.33,0.19,Nutrient Deficient
239.0,Sangli,0.97,996.0,512,0.62,2.93,1.01,0.55,0.17,57,121.0,132,37,43.09,0.63,0.3,0.21,Nutrient Deficient
1389.0,Sangli,1.32,1275.0,663,0.35,1.97,1.05,0.49,0.15,439,170.0,83,94,52.69,0.5,0.21,0.19,Nutrient Deficient
2888.0,Sangli,1.18,955.0,613,0.64,2.12,0.92,0.55,0.13,35,173.0,146,95,47.43,0.47,0.16,0.17,Nutrient Deficient
2159.0,Sangli,1.21,813.0,371,0.57,2.35,1.09,0.42,0.15,61,50.0,119,24,54.63,0.47,0.36,0.27,Nutrient Deficient
2713.0,Sangli,0.95,776.0,418,0.83,1.59,1.32,0.37,0.15,82,41.0,70,22,50.91,0.51,0.31,0.2,Nutrient Deficient
1685.0,Sangli,1.06,982.0,901,0.39,2.35,1.09,0.4,0.1,99,144.0,167,50,52.71,0.39,0.36,0.35,Nutrient Deficient
3695.0,Sangli,0.79,996.0,625,0.46,2.83,1.07,0.51,0.16,59,66.0,58,11,49.84,0.51,0.47,0.23,Nutrient Deficient
3732.0,Sangli,1.4,1071.0,508,0.35,2.13,1.52,0.6,0.13,69,253.0,98,63,53.66,0.51,0.23,0.13,Nutrient Deficient
2344.0,Sangli,1.34,1280.0,911,0.25,2.66,2.51,0.51,0.13,118,142.0,130,65,55.27,0.51,0.4,0.19,Nutrient Deficient
1238.0,Sangli,1.23,1126.0,412,0.39,1.3,1.21,0.4,0.16,44,52.0,113,148,46.6,0.47,0.27,0.43,Nutrient Deficient
577.0,Sangli,1.21,966.0,659,0.25,2.22,2.5,0.71,0.1,104,189.0,95,24,52.64,0.49,0.25,0.17,Nutrient Deficient
3101.0,Sangli,1.06,1027.0,409,0.51,2.23,1.18,0.51,0.1,52,162.0,65,15,43.67,0.56,0.15,0.17,Nutrient Deficient
3346.0,Sangli,1.84,1440.0,471,0.34,1.43,1.48,0.5,0.13,83,113.0,85,41,47.88,0.66,0.23,0.22,Nutrient Deficient
2221.0,Sangli,2.07,1513.0,602,0.56,1.84,1.21,0.4,0.13,69,61.0,115,21,61.17,0.51,0.23,0.16,Nutrient Deficient
2361.0,Sangli,1.06,1167.0,598,0.46,2.93,0.81,0.33,0.14,92,80.0,117,30,48.93,0.49,0.23,0.21,Nutrient Deficient
3535.0,Sangli,1.16,1046.0,498,0.66,2.35,0.95,0.29,0.12,73,69.0,87,67,53.56,0.43,0.25,0.1,Nutrient Deficient
2550.0,Sangli,1.43,1335.0,711,0.58,3.52,1.07,0.38,0.15,61,53.0,156,41,43.71,0.53,0.34,0.41,Nutrient Deficient
4100.0,Sangli,1.4,895.0,418,0.51,2.09,0.78,0.33,0.15,74,72.0,62,12,39.66,0.43,0.34,0.19,Nutrient Deficient
968.0,Sangli,1.46,1055.0,492,0.32,2.6,0.88,0.33,0.12,49,67.0,45,12,54.12,0.49,0.29,0.14,Nutrient Deficient
1652.0,Sangli,1.6,1115.0,768,0.67,1.83,0.75,0.42,0.17,66,91.0,121,19,44.88,0.46,0.43,0.5,Toxicity Risk
1708.0,Sangli,1.18,1200.0,912,0.76,2.12,1.25,0.47,0.13,96,106.0,133,17,43.66,0.41,0.42,0.43,Nutrient Deficient
2864.0,Sangli,1.34,1285.0,703,0.34,2.31,0.93,0.55,0.11,74,204.0,78,23,54.11,0.48,0.31,0.23,Nutrient Deficient
3087.0,Sangli,1.21,1420.0,678,0.45,2.59,1.09,0.48,0.15,85,266.0,200,39,44.01,0.44,0.29,0.15,Nutrient Deficient
527.0,Sangli,1.38,1376.0,680,0.74,3.91,1.41,0.56,0.17,56,76.0,97,320,46.6,0.59,0.26,0.24,Nutrient Excess
4394.0,Pune,1.01,1334.0,617,0.69,3.42,1.61,0.55,0.21,67,140.0,44,35,51.61,0.58,0.47,0.6,Toxicity Risk
3933.0,Sangli,1.34,946.0,492,0.49,1.19,0.69,0.36,0.11,51,105.0,83,15,47.17,0.39,0.16,0.14,Nutrient Deficient
2984.0,Sangli,1.0,756.0,409,0.31,3.15,1.31,0.43,0.13,72,75.0,76,17,51.66,0.49,0.25,0.16,Nutrient Deficient
1836.0,Sangli,0.79,945.0,543,0.29,2.28,1.47,0.56,0.16,76,101.0,126,40,68.97,0.63,0.24,0.14,Nutrient Deficient
4049.0,Sangli,0.84,929.0,478,0.52,2.13,1.95,0.58,0.16,99,120.0,133,18,47.17,0.47,0.41,0.43,Nutrient Deficient
397.0,Pune,1.16,943.0,468,0.52,2.18,1.34,0.61,0.2,55,69.0,111,68,41.97,0.45,0.55,0.19,Toxicity Risk
4176.0,Pune,1.64,897.0,494,0.6,2.07,0.75,0.34,0.15,63,92.0,67,38,45.67,0.51,0.15,0.2,Nutrient Deficient
1566.0,Sangli,1.4,1280.0,585,0.41,2.55,1.06,0.46,0.16,51,69.0,116,18,46.12,0.54,0.23,0.27,Nutrient Deficient
4709.0,Pune,0.95,857.0,401,0.24,1.82,1.89,0.72,0.15,192,69.0,181,24,70.89,0.47,0.47,0.14,Nutrient Deficient
441.0,Sangli,0.9,857.0,366,0.37,1.81,0.9,0.46,0.17,55,110.0,81,38,50.66,0.42,0.22,0.14,Nutrient Deficient
1212.0,Sangli,1.4,1093.0,498,0.37,2.63,1.01,0.41,0.13,137,188.0,70,23,43.66,0.41,0.08,0.14,Nutrient Deficient
3589.0,Sangli,1.22,1190.0,432,0.59,2.56,1.58,0.41,0.15,76,90.0,114,68,39.38,0.6,0.22,0.17,Nutrient Deficient
665.0,Pune,1.37,1635.0,666,0.52,2.17,0.62,0.36,0.12,79,49.0,45,31,44.01,0.43,0.47,0.12,Nutrient Deficient
1849.0,Sangli,1.53,1159.0,543,0.74,2.0,0.62,0.31,0.13,88,80.0,134,9,42.78,0.59,0.19,0.19,Nutrient Deficient
1879.0,Sangli,1.01,1094.0,455,0.42,1.39,1.09,0.46,0.14,90,114.0,162,17,57.82,0.6,0.23,0.31,Nutrient Deficient
40.0,Sangli,1.34,1045.0,612,0.42,3.12,1.9,0.59,0.13,133,41.0,68,39,50.11,0.48,0.24,0.14,Nutrient Excess
1559.0,Sangli,0.9,1027.0,398,0.5,2.13,1.14,0.26,0.16,47,48.0,84,24,61.14,0.39,0.26,0.28,Nutrient Deficient
3939.0,Sangli,1.21,1191.0,712,0.56,2.39,0.76,0.35,0.15,46,187.0,128,89,41.69,0.47,0.26,0.14,Nutrient Deficient
5037.0,Solapur,1.16,970.0,594,0.3,1.27,1.32,0.57,0.12,43,85.0,89,12,51.66,0.47,0.21,0.32,Nutrient Deficient
3826.0,Sangli,1.4,1310.0,492,0.33,1.77,1.46,0.47,0.1,72,74.0,58,23,48.72,0.48,0.23,0.14,Nutrient Deficient
3693.0,Sangli,1.37,1055.0,543,0.39,3.64,1.17,0.56,0.14,205,211.0,164,90,53.29,0.46,0.4,0.58,Toxicity Risk
262.0,Sangli,1.06,1234.0,692,0.26,2.13,1.46,0.5,0.16,66,137.0,89,65,49.17,0.56,0.24,0.28,Nutrient Deficient
3943.0,Sangli,2.34,1092.0,378,0.79,1.7,0.68,0.42,0.17,66,90.0,174,23,46.11,0.44,0.19,0.28,Nutrient Deficient
1820.0,Sangli,1.28,1001.0,512,0.3,1.01,0.83,0.34,0.1,70,97.0,70,16,45.12,0.47,0.08,0.21,Nutrient Deficient
4296.0,Pune,1.29,1632.0,625,0.3,3.29,0.97,0.46,0.14,133,279.0,93,43,65.89,0.54,0.24,0.42,Nutrient Deficient
3614.0,Sangli,1.12,1005.0,498,0.41,3.29,1.16,0.39,0.17,64,107.0,163,22,60.41,0.67,0.24,0.19,Nutrient Deficient
1221.0,Sangli,1.69,942.0,367,0.41,2.34,1.4,0.52,0.1,57,41.0,36,17,50.92,0.6,0.25,0.15,Nutrient Excess
2620.0,Sangli,1.06,857.0,571,0.23,2.05,1.07,0.36,0.11,54,67.0,71,45,52.97,0.53,0.31,0.15,Nutrient Deficient
1304.0,Sangli,1.62,1092.0,592,0.6,3.73,0.83,0.5,0.13,73,98.0,94,24,40.13,0.51,0.28,0.24,Nutrient Deficient
1539.0,Sangli,1.29,1018.0,371,0.58,3.2,1.78,0.51,0.15,64,47.0,57,37,56.11,0.61,0.25,0.15,Nutrient Deficient
1889.0,Sangli,0.9,1371.0,471,0.25,2.28,1.39,0.58,0.14,61,86.0,69,65,50.18,0.57,0.25,0.13,Nutrient Deficient
2211.0,Sangli,1.51,1420.0,709,0.41,2.05,0.82,0.33,0.13,51,116.0,70,61,50.63,0.52,0.28,0.27,Nutrient Deficient
1522.0,Sangli,0.95,1099.0,401,0.52,2.58,1.08,0.51,0.17,45,134.0,77,106,53.7,0.43,0.25,0.24,Nutrient Deficient
3470.0,Sangli,1.16,1050.0,677,0.41,3.02,1.2,0.49,0.16,51,240.0,125,30,50.92,0.57,0.37,0.35,Nutrient Deficient
2199.0,Sangli,1.74,1125.0,788,0.41,1.51,1.25,0.49,0.12,46,101.0,97,33,48.14,0.47,0.31,0.33,Nutrient Deficient
3860.0,Sangli,1.12,810.0,617,0.39,3.69,1.72,0.69,0.14,93,191.0,55,11,53.66,0.41,0.29,0.32,Nutrient Deficient
1017.0,Sangli,1.34,1140.0,578,0.31,3.01,0.83,0.3,0.13,49,85.0,50,16,54.63,0.46,0.09,0.43,Nutrient Deficient
4694.0,Pune,1.59,1055.0,518,0.42,1.14,0.63,0.15,0.12,113,123.0,205,90,42.67,0.57,0.31,0.42,Nutrient Deficient
612.0,Sangli,1.32,1106.0,624,0.35,3.24,1.66,0.69,0.14,171,110.0,217,48,49.19,0.49,0.76,0.54,Toxicity Risk
4756.0,Pune,1.25,1015.0,556,0.28,3.54,1.17,0.7,0.12,65,169.0,43,42,56.96,0.49,0.43,0.24,Nutrient Deficient
4019.0,Sangli,1.23,1011.0,312,0.62,1.67,1.41,0.31,0.13,71,63.0,60,43,50.66,0.41,0.28,0.31,Nutrient Deficient
4735.0,Pune,1.64,1450.0,881,0.36,2.32,0.98,0.44,0.16,78,52.0,71,89,47.61,0.47,0.27,0.19,Nutrient Deficient
4214.0,Pune,1.37,1007.0,611,0.14,3.44,2.72,0.66,0.13,124,63.0,182,53,45.89,0.41,0.15,0.28,Nutrient Deficient
3303.0,Sangli,1.0,959.0,578,0.26,2.86,0.9,0.58,0.16,56,61.0,91,9,50.3,0.51,0.37,0.39,Nutrient Deficient
4173.0,Pune,0.79,1106.0,411,0.38,1.37,1.44,0.47,0.14,63,73.0,39,27,58.16,0.52,0.14,0.14,Nutrient Deficient
1354.0,Sangli,1.08,1207.0,374,0.29,2.03,0.87,0.46,0.13,92,146.0,78,17,46.11,0.67,0.18,0.07,Nutrient Deficient
2570.0,Sangli,2.24,1470.0,508,0.58,2.93,1.41,0.57,0.15,137,41.0,107,81,43.15,0.47,0.24,0.19,Nutrient Excess
1410.0,Sangli,1.69,1005.0,578,0.33,2.28,1.32,0.63,0.14,51,123.0,92,20,50.16,0.53,0.25,0.28,Nutrient Deficient
732.0,Sangli,1.28,935.0,401,0.56,0.62,1.08,0.31,0.13,52,114.0,146,65,49.12,0.41,0.11,0.19,Nutrient Deficient
1730.0,Sangli,1.23,987.0,621,0.3,1.58,1.09,0.3,0.1,59,299.0,122,22,46.57,0.52,0.25,0.19,Nutrient Deficient
63.0,Sangli,1.45,1059.0,350,0.43,2.66,1.49,0.51,0.16,99,35.0,61,17,46.6,0.72,0.23,0.14,Nutrient Excess
1593.0,Sangli,1.41,1215.0,578,0.46,2.55,1.09,0.55,0.14,61,79.0,88,39,46.11,0.57,0.25,0.39,Nutrient Excess
2928.0,Sangli,1.34,1213.0,464,0.25,2.58,1.29,0.49,0.14,72,193.0,114,23,43.06,0.47,0.39,0.38,Nutrient Deficient
3296.0,Sangli,1.01,1045.0,671,0.4,1.51,0.64,0.4,0.15,50,124.0,82,12,49.12,0.39,0.33,0.14,Nutrient Deficient
1226.0,Sangli,1.75,1001.0,518,0.28,1.64,0.61,0.21,0.1,73,35.0,112,33,50.92,0.5,0.4,0.15,Nutrient Deficient
775.0,Sangli,1.74,1335.0,517,0.55,2.0,0.64,0.33,0.12,64,119.0,74,29,41.57,0.54,0.28,0.31,Nutrient Deficient
1576.0,Sangli,1.59,1350.0,603,0.32,3.05,2.12,0.69,0.16,98,137.0,50,22,51.81,0.43,0.46,0.32,Nutrient Deficient
3835.0,Sangli,1.4,994.0,671,0.17,2.81,2.23,0.5,0.13,77,96.0,95,14,49.12,0.74,0.28,0.1,Nutrient Deficient
5182.0,Solapur,1.53,862.0,693,0.22,0.85,0.61,0.51,0.17,59,75.0,143,12,40.61,0.4,0.3,0.31,Nutrient Deficient
502.0,Pune,1.37,1198.0,584,0.53,2.68,0.81,0.4,0.16,43,95.0,83,52,50.68,0.54,0.28,0.17,Nutrient Deficient
3005.0,Sangli,1.84,1017.0,639,0.51,2.56,0.83,0.3,0.13,67,130.0,105,13,41.57,0.39,0.3,0.16,Nutrient Deficient
4450.0,Pune,1.7,1450.0,678,0.35,3.98,1.04,0.36,0.14,71,72.0,104,34,44.61,0.41,0.35,0.14,Nutrient Deficient
1571.0,Sangli,1.23,1184.0,392,0.49,1.42,1.28,0.24,0.1,65,73.0,78,61,49.88,0.72,0.19,0.26,Nutrient Deficient
971.0,Sangli,1.12,1075.0,711,0.53,3.2,0.82,0.37,0.18,45,39.0,79,10,52.12,0.49,0.47,0.43,Nutrient Deficient
1873.0,Sangli,1.06,1006.0,871,0.78,4.3,1.18,0.57,0.16,58,39.0,52,27,46.84,0.42,0.43,0.14,Nutrient Deficient
2643.0,Sangli,0.95,870.0,493,0.3,2.3,2.22,0.79,0.13,274,240.0,103,69,51.17,0.39,0.23,0.27,Nutrient Deficient
4146.0,Pune,1.64,975.0,678,0.56,3.55,1.13,0.49,0.16,114,74.0,130,9,39.8,0.61,0.45,0.39,Nutrient Deficient
1529.0,Sangli,1.2,1043.0,371,0.59,2.34,0.94,0.51,0.12,70,48.0,51,194,47.81,0.58,0.19,0.14,Nutrient Deficient
4515.0,Pune,1.62,1460.0,612,0.52,3.95,1.01,0.57,0.14,83,53.0,51,66,53.08,0.47,0.47,0.38,Nutrient Excess
2686.0,Sangli,1.69,1096.0,611,0.14,1.78,0.99,0.58,0.13,34,85.0,74,26,47.81,0.47,0.26,0.55,Toxicity Risk
2754.0,Sangli,1.18,1071.0,422,0.32,2.42,1.2,0.48,0.16,68,85.0,114,187,46.62,0.52,0.26,0.14,Nutrient Deficient
1458.0,Sangli,1.46,996.0,588,0.19,2.28,2.97,0.79,0.14,106,179.0,140,42,41.23,0.47,0.28,0.24,Nutrient Deficient
1420.0,Sangli,0.95,1000.0,571,0.46,2.24,0.73,0.36,0.13,60,148.0,62,42,56.12,0.71,0.43,0.28,Nutrient Deficient
864.0,Sangli,1.06,950.0,711,0.4,2.24,1.22,0.41,0.13,49,79.0,94,12,43.44,0.43,0.3,0.48,Nutrient Deficient
4504.0,Pune,1.0,995.0,511,0.14,2.19,2.91,0.62,0.09,72,360.0,72,53,48.3,0.51,0.25,0.19,Nutrient Deficient
3274.0,Sangli,1.85,850.0,604,0.47,1.97,1.19,0.44,0.12,91,47.0,69,15,57.82,0.51,0.16,0.19,Nutrient Deficient
1451.0,Sangli,1.28,1110.0,489,0.35,3.05,0.85,0.4,0.13,45,69.0,62,14,50.05,0.37,0.46,0.68,Toxicity Risk
2501.0,Sangli,1.79,1102.0,471,0.53,3.08,0.98,0.43,0.16,67,71.0,122,31,44.14,0.47,0.23,0.21,Nutrient Deficient
2952.0,Sangli,1.27,1119.0,571,0.33,2.71,1.08,0.39,0.14,104,76.0,119,15,49.71,0.51,0.23,0.21,Nutrient Deficient
929.0,Sangli,0.95,800.0,911,0.38,2.37,0.89,0.39,0.17,45,89.0,96,16,56.84,0.5,0.34,0.35,Nutrient Deficient
36.0,Pune,1.74,1194.0,684,0.24,1.24,2.06,0.61,0.17,227,147.0,59,16,49.17,0.52,0.34,0.24,Nutrient Deficient
1247.0,Sangli,1.48,1297.0,693,0.41,1.54,1.14,0.5,0.12,92,105.0,99,38,51.74,0.64,0.24,0.21,Nutrient Deficient
1441.0,Sangli,1.43,1359.0,711,0.61,4.97,1.07,0.61,0.16,69,100.0,156,32,42.67,0.51,0.45,0.31,Nutrient Excess
4797.0,Pune,1.06,1108.0,478,0.15,2.92,1.32,0.49,0.12,57,44.0,88,21,59.12,0.44,0.19,0.14,Nutrient Deficient
1220.0,Sangli,1.34,1120.0,578,0.28,2.42,1.19,0.51,0.14,121,109.0,157,42,42.46,0.54,0.27,0.21,Nutrient Deficient
4901.0,Pune,1.67,1018.0,693,0.48,3.2,0.72,0.36,0.14,113,93.0,48,15,46.89,0.43,0.47,0.24,Nutrient Deficient
4238.0,Pune,1.85,1210.0,712,0.28,3.34,1.37,0.71,0.14,71,186.0,112,33,61.18,0.54,0.33,0.44,Nutrient Deficient
3394.0,Sangli,1.06,815.0,604,0.46,1.97,1.43,0.67,0.13,80,111.0,89,15,61.72,0.55,0.28,0.26,Nutrient Deficient
2744.0,Sangli,0.89,1335.0,408,0.58,1.84,1.77,0.69,0.12,76,222.0,121,241,49.12,0.59,0.4,0.24,Nutrient Deficient
4381.0,Pune,1.27,994.0,460,0.47,3.23,1.13,0.46,0.14,53,55.0,128,32,70.41,0.47,0.23,0.43,Nutrient Deficient
1270.0,Sangli,1.57,1391.0,384,0.46,2.2,1.22,0.49,0.16,49,142.0,82,27,39.74,0.47,0.28,0.21,Nutrient Deficient
2378.0,Sangli,1.08,1480.0,718,0.19,2.41,1.28,0.41,0.16,47,44.0,106,26,61.17,0.49,0.48,0.27,Nutrient Deficient
4790.0,Pune,1.0,1475.0,493,0.43,3.58,1.69,0.46,0.14,96,116.0,194,12,54.76,0.57,0.51,0.77,Toxicity Risk
935.0,Sangli,1.12,950.0,601,0.46,2.5,1.39,0.59,0.17,70,65.0,127,14,53.6,0.57,0.34,0.35,Nutrient Deficient
3777.0,Sangli,1.43,1183.0,711,0.52,3.73,0.99,0.49,0.17,60,55.0,95,26,53.19,0.52,0.4,0.58,Toxicity Risk
1528.0,Sangli,1.85,1297.0,493,0.61,1.97,1.08,0.38,0.12,56,18.0,41,181,34.66,0.37,0.44,0.17,Nutrient Deficient
5190.0,Solapur,2.17,838.0,709,0.29,2.57,0.6,0.17,0.14,59,60.0,128,11,43.71,0.41,0.26,0.45,Nutrient Deficient
584.0,Sangli,1.53,1160.0,493,0.78,2.67,1.39,0.54,0.17,93,80.0,159,237,50.71,0.56,0.21,0.44,Nutrient Excess
3338.0,Sangli,1.27,1215.0,698,0.4,2.54,0.7,0.24,0.14,82,83.0,45,12,45.13,0.47,0.2,0.16,Nutrient Deficient
4132.0,Pune,1.35,1499.0,871,0.52,3.3,0.89,0.41,0.14,73,77.0,79,19,49.17,0.48,0.39,0.43,Nutrient Deficient
3378.0,Sangli,1.84,1207.0,516,0.39,2.93,1.07,0.41,0.13,78,118.0,101,34,50.67,0.54,0.21,0.16,Nutrient Deficient
3731.0,Sangli,1.06,1480.0,401,0.38,1.01,0.79,0.32,0.16,116,99.0,77,8,41.68,0.4,0.23,0.2,Nutrient Deficient
194.0,Sangli,1.69,1206.0,701,0.36,1.72,0.99,0.48,0.14,70,138.0,118,19,43.71,0.41,0.24,0.28,Nutrient Deficient
3558.0,Sangli,0.89,986.0,301,0.64,2.86,2.6,0.61,0.12,132,84.0,141,284,47.81,0.5,0.26,0.21,Nutrient Deficient
1954.0,Sangli,1.18,1345.0,368,0.46,3.78,1.84,0.57,0.15,111,210.0,150,85,56.96,0.51,0.36,0.35,Nutrient Deficient
1602.0,Sangli,1.4,786.0,653,0.43,2.83,1.18,0.58,0.16,76,158.0,156,17,45.12,0.42,0.45,0.24,Nutrient Excess
4262.0,Pune,1.74,1500.0,392,0.46,2.95,1.03,0.5,0.16,150,121.0,104,34,54.11,0.41,0.35,0.5,Toxicity Risk
2059.0,Sangli,1.43,805.0,612,0.4,1.83,1.03,0.62,0.14,101,128.0,127,62,45.78,0.41,0.48,0.17,Nutrient Deficient
1791.0,Sangli,0.9,820.0,478,0.39,2.54,1.85,0.72,0.15,63,146.0,117,67,57.82,0.49,0.48,0.17,Nutrient Deficient
1867.0,Sangli,1.8,1490.0,727,0.6,2.11,1.28,0.56,0.1,56,59.0,147,23,43.69,0.38,0.28,0.4,Balanced / Optimal
2564.0,Sangli,1.57,1200.0,392,0.56,3.93,0.87,0.36,0.12,66,124.0,84,15,54.13,0.43,0.24,0.21,Nutrient Deficient
2424.0,Sangli,1.6,997.0,489,0.61,3.1,1.69,0.53,0.17,96,108.0,88,88,50.61,0.66,0.27,0.21,Nutrient Excess
2232.0,Sangli,1.0,905.0,319,0.79,3.58,3.0,0.81,0.16,53,137.0,177,52,54.76,0.51,0.34,0.32,Nutrient Deficient
5184.0,Solapur,1.6,1006.0,687,0.5,4.09,0.69,0.29,0.16,62,75.0,87,15,53.17,0.46,0.41,0.38,Nutrient Deficient
2168.0,Sangli,1.94,1490.0,708,0.56,1.7,0.69,0.3,0.11,56,229.0,120,188,50.79,0.41,0.28,0.21,Nutrient Deficient
1519.0,Sangli,0.95,845.0,366,0.35,3.57,1.2,0.51,0.16,65,75.0,137,38,56.66,0.72,0.21,0.19,Nutrient Deficient
2215.0,Sangli,1.18,878.0,512,0.4,0.98,0.69,0.39,0.13,39,102.0,106,256,52.17,0.44,0.23,0.19,Nutrient Deficient
4667.0,Pune,1.51,1207.0,782,0.47,1.36,0.63,0.38,0.15,106,152.0,153,60,44.01,0.43,0.29,0.31,Nutrient Deficient
148.0,Solapur,1.11,852.0,711,0.36,1.65,0.73,0.38,0.14,58,60.0,78,17,51.78,0.63,0.18,0.14,Nutrient Deficient
4301.0,Pune,1.32,1500.0,571,0.52,2.74,0.74,0.34,0.18,72,65.0,82,28,50.64,0.42,0.43,0.44,Nutrient Deficient
4531.0,Pune,2.64,1105.0,818,0.68,2.3,0.63,0.35,0.15,65,45.0,62,20,49.69,0.42,0.22,0.31,Nutrient Deficient
4648.0,Pune,1.4,900.0,512,0.31,2.43,1.26,0.41,0.15,64,78.0,51,12,59.12,0.61,0.34,0.16,Nutrient Deficient
1918.0,Sangli,1.62,1092.0,592,0.48,2.95,1.63,0.58,0.14,98,95.0,129,48,57.82,0.61,0.28,0.5,Toxicity Risk
3954.0,Sangli,2.54,1440.0,718,0.65,2.99,1.06,0.54,0.14,65,134.0,193,33,56.95,0.39,0.38,0.19,Nutrient Excess
3682.0,Sangli,1.29,1450.0,479,0.55,1.58,0.86,0.34,0.12,46,38.0,35,12,41.66,0.49,0.36,0.28,Nutrient Deficient
1492.0,Sangli,1.12,1232.0,668,0.35,1.46,1.07,0.5,0.16,82,167.0,88,9,40.6,0.48,0.24,0.21,Nutrient Deficient
452.0,Sangli,1.06,996.0,312,0.27,2.39,1.16,0.54,0.14,65,305.0,118,17,44.74,0.51,0.22,0.15,Nutrient Deficient
4357.0,Pune,1.32,1185.0,503,0.44,1.56,0.99,0.42,0.13,49,42.0,181,17,46.09,0.54,0.46,0.5,Toxicity Risk
2013.0,Sangli,1.54,1208.0,401,0.23,1.17,1.41,0.69,0.12,59,193.0,85,23,47.67,0.48,0.2,0.19,Nutrient Deficient
1840.0,Sangli,1.64,1231.0,693,0.62,3.25,1.28,0.45,0.12,58,248.0,121,282,50.67,0.46,0.23,0.19,Nutrient Deficient
2205.0,Sangli,1.12,1045.0,581,0.37,3.77,1.14,0.48,0.13,98,61.0,101,14,41.78,0.44,0.28,0.32,Nutrient Deficient
2851.0,Sangli,1.34,1196.0,693,0.68,2.86,0.98,0.39,0.18,57,198.0,116,21,51.64,0.49,0.19,0.28,Nutrient Deficient
923.0,Pune,1.12,910.0,648,0.35,2.3,0.68,0.38,0.15,156,65.0,113,19,59.11,0.51,0.22,0.14,Nutrient Deficient
204.0,Sangli,1.21,1096.0,708,0.43,2.58,0.69,0.29,0.13,53,72.0,117,86,49.74,0.46,0.21,0.24,Nutrient Deficient
3293.0,Sangli,1.12,860.0,432,0.47,1.66,1.28,0.46,0.16,63,74.0,89,38,49.17,0.43,0.48,0.35,Nutrient Deficient
2546.0,Sangli,2.28,1382.0,393,0.32,1.7,0.79,0.32,0.14,118,98.0,42,19,38.66,0.43,0.43,0.14,Nutrient Deficient
3178.0,Sangli,1.48,840.0,343,0.54,1.2,0.73,0.27,0.12,281,67.0,91,16,42.88,0.57,0.21,0.38,Nutrient Deficient
964.0,Solapur,1.9,1500.0,767,0.34,2.9,0.73,0.36,0.16,65,55.0,58,51,49.71,0.41,0.48,0.07,Nutrient Deficient
1198.0,Sangli,0.95,960.0,764,0.31,2.17,1.22,0.54,0.16,95,101.0,114,12,50.61,0.47,0.49,0.26,Nutrient Deficient
1659.0,Sangli,1.15,1209.0,581,0.62,1.7,1.59,0.54,0.14,69,264.0,112,350,51.72,0.42,0.22,0.21,Nutrient Deficient
1684.0,Sangli,1.16,880.0,511,0.54,1.35,0.91,0.62,0.1,51,92.0,51,21,54.63,0.48,0.18,0.07,Nutrient Deficient
2258.0,Sangli,0.77,1044.0,678,0.49,3.67,1.07,0.45,0.14,40,65.0,97,61,53.44,0.44,0.46,0.35,Nutrient Deficient
4440.0,Pune,1.06,809.0,711,0.26,1.31,0.86,0.34,0.13,63,44.0,38,19,43.74,0.39,0.21,0.18,Nutrient Deficient
3976.0,Sangli,1.53,1248.0,911,0.53,1.3,0.94,0.43,0.12,62,47.0,98,26,41.7,0.44,0.42,0.3,Nutrient Deficient
2325.0,Sangli,0.91,897.0,517,0.36,1.67,0.98,0.47,0.13,59,50.0,166,38,55.12,0.49,0.29,0.28,Nutrient Deficient
674.0,Pune,1.48,1120.0,411,0.29,1.12,1.23,0.19,0.12,52,92.0,137,45,43.78,0.44,0.36,0.19,Nutrient Deficient
4051.0,Sangli,1.34,1303.0,812,0.49,2.79,1.23,0.48,0.17,69,90.0,127,22,60.0,0.39,0.27,0.39,Nutrient Deficient
4734.0,Pune,1.69,1246.0,673,0.48,2.81,0.81,0.58,0.13,71,129.0,74,51,49.17,0.47,0.46,0.28,Nutrient Excess
415.0,Pune,1.0,857.0,401,0.3,1.16,1.04,0.53,0.14,64,116.0,99,58,49.17,0.47,0.2,0.14,Nutrient Deficient
4038.0,Sangli,1.23,1196.0,598,0.38,3.01,2.49,0.58,0.16,65,131.0,162,19,53.66,0.38,0.32,0.28,Nutrient Deficient
2220.0,Sangli,1.01,1136.0,493,0.54,3.57,1.5,0.47,0.16,92,69.0,92,283,61.17,0.47,0.17,0.3,Nutrient Deficient
5119.0,Solapur,1.0,991.0,786,0.61,2.66,0.59,0.32,0.14,47,85.0,92,27,46.54,0.47,0.32,0.33,Nutrient Deficient
50.0,Pune,1.17,1015.0,398,0.14,1.01,2.61,0.67,0.09,140,124.0,84,10,47.46,0.49,0.25,0.28,Nutrient Deficient
3418.0,Sangli,1.37,1091.0,397,0.67,3.74,1.39,0.49,0.15,171,71.0,93,40,40.17,0.51,0.32,0.33,Nutrient Deficient
4516.0,Pune,1.23,995.0,623,0.49,2.75,2.34,0.57,0.16,69,61.0,78,48,44.77,0.44,0.14,0.31,Nutrient Deficient
1053.0,Sangli,1.74,1110.0,712,0.35,2.23,0.89,0.49,0.14,56,108.0,112,15,46.78,0.48,0.36,0.35,Nutrient Deficient
2063.0,Sangli,1.32,1024.0,514,0.41,2.53,1.07,0.29,0.14,50,132.0,116,69,43.67,0.52,0.19,0.21,Nutrient Deficient
1737.0,Sangli,1.36,944.0,604,0.32,3.47,0.96,0.36,0.14,45,52.0,43,15,55.12,0.47,0.44,0.21,Nutrient Deficient
2577.0,Sangli,1.68,1110.0,671,0.54,1.84,1.09,0.39,0.1,69,247.0,100,61,49.9,0.41,0.23,0.35,Nutrient Deficient
4359.0,Pune,1.68,1514.0,693,0.54,2.95,0.97,0.41,0.15,63,95.0,118,44,51.63,0.64,0.39,0.43,Nutrient Deficient
3264.0,Sangli,1.43,1158.0,656,0.28,4.02,1.25,0.4,0.13,52,85.0,88,38,44.01,0.38,0.19,0.26,Nutrient Deficient
3096.0,Sangli,1.74,773.0,581,0.54,1.58,0.68,0.33,0.15,46,44.0,49,24,42.71,0.47,0.28,0.16,Nutrient Deficient
2552.0,Sangli,1.45,996.0,471,0.45,3.14,1.24,0.49,0.1,68,43.0,85,26,49.12,0.49,0.32,0.31,Nutrient Deficient
1047.0,Sangli,1.18,1500.0,894,0.4,2.91,0.96,0.41,0.14,60,267.0,116,78,56.18,0.61,0.41,0.4,Nutrient Deficient
3472.0,Sangli,1.12,1141.0,371,0.39,1.42,0.71,0.44,0.16,72,44.0,97,41,56.96,0.48,0.28,0.14,Nutrient Deficient
2593.0,Sangli,1.12,996.0,675,0.5,3.1,2.15,0.62,0.16,46,99.0,65,19,50.78,0.49,0.27,0.21,Nutrient Deficient
4521.0,Pune,1.62,1448.0,411,0.26,3.39,0.76,0.39,0.12,55,77.0,47,9,51.63,0.71,0.41,0.17,Nutrient Deficient
555.0,Sangli,1.53,1219.0,978,0.71,2.17,0.83,0.39,0.13,54,67.0,122,32,51.66,0.57,0.28,0.32,Nutrient Deficient
4410.0,Pune,1.29,1210.0,509,0.39,2.93,1.05,0.39,0.16,63,73.0,79,35,50.12,0.41,0.13,0.19,Nutrient Deficient
4377.0,Pune,1.0,1101.0,784,0.48,2.5,1.78,0.46,0.16,64,63.0,65,34,49.72,0.58,0.23,0.57,Toxicity Risk
3011.0,Sangli,0.95,942.0,501,0.17,1.06,2.31,0.71,0.14,84,123.0,93,27,41.7,0.51,0.13,0.15,Nutrient Deficient
2359.0,Sangli,1.32,874.0,678,0.31,1.74,1.19,0.58,0.12,90,125.0,100,24,47.81,0.51,0.41,0.29,Nutrient Deficient
4029.0,Sangli,1.23,1000.0,343,0.63,2.17,1.36,0.37,0.15,66,36.0,126,255,50.05,0.53,0.28,0.17,Nutrient Deficient
4752.0,Pune,1.12,1228.0,588,0.52,3.19,1.27,0.46,0.13,45,105.0,172,33,49.78,0.43,0.29,0.27,Nutrient Deficient
4428.0,Pune,1.23,806.0,596,0.64,2.87,0.89,0.36,0.14,63,56.0,78,31,51.07,0.39,0.15,0.28,Nutrient Deficient
2280.0,Sangli,1.9,1285.0,418,0.56,1.38,1.06,0.39,0.15,83,85.0,63,19,49.84,0.51,0.44,0.28,Nutrient Deficient
76.0,Sangli,1.23,1013.0,536,0.44,1.59,1.12,0.49,0.14,77,96.0,56,23,46.6,0.71,0.24,0.14,Nutrient Deficient
4816.0,Pune,1.23,1185.0,460,0.32,2.97,1.0,0.48,0.14,76,303.0,135,96,46.09,0.49,0.48,0.43,Nutrient Deficient
211.0,Sangli,1.11,957.0,518,0.54,3.03,0.62,0.46,0.1,82,99.0,115,53,50.12,0.71,0.18,0.21,Nutrient Deficient
1481.0,Sangli,1.84,860.0,512,0.32,2.2,1.51,0.51,0.13,85,37.0,105,72,49.88,0.46,0.25,0.19,Nutrient Deficient
833.0,Sangli,1.46,1090.0,887,0.48,2.27,1.26,0.52,0.13,143,68.0,149,30,48.94,0.45,0.48,0.39,Nutrient Excess
4561.0,Pune,1.23,1210.0,709,0.47,3.77,0.65,0.15,0.15,125,35.0,79,27,54.11,0.52,0.35,0.35,Nutrient Deficient
3391.0,Sangli,1.16,1183.0,796,0.63,3.59,0.84,0.51,0.14,50,110.0,98,24,52.78,0.52,0.29,0.28,Nutrient Deficient
3666.0,Sangli,1.34,1297.0,501,0.39,3.76,1.3,0.42,0.12,68,68.0,135,19,54.11,0.47,0.28,0.23,Nutrient Deficient
2009.0,Sangli,1.46,1196.0,613,0.16,1.65,1.63,0.73,0.15,82,85.0,135,23,50.09,0.63,0.08,0.15,Nutrient Deficient
3191.0,Sangli,0.84,1278.0,871,0.58,3.31,0.84,0.54,0.15,77,120.0,152,109,49.58,0.54,0.31,0.39,Nutrient Deficient
1653.0,Sangli,1.06,1160.0,609,0.34,1.63,1.21,0.43,0.15,51,51.0,116,32,49.78,0.47,0.38,0.24,Nutrient Deficient
3639.0,Sangli,0.78,850.0,512,0.41,2.04,2.6,0.63,0.16,68,132.0,63,193,53.73,0.48,0.25,0.14,Nutrient Deficient
5086.0,Solapur,1.14,811.0,652,0.48,1.02,0.77,0.58,0.14,106,141.0,100,33,50.81,0.49,0.43,0.21,Nutrient Deficient
1747.0,Sangli,1.8,1435.0,617,0.17,1.07,0.89,0.44,0.1,66,141.0,90,12,39.17,0.54,0.19,0.39,Nutrient Deficient
3655.0,Sangli,1.28,1215.0,678,0.45,3.26,2.52,0.74,0.12,59,101.0,51,25,44.17,0.5,0.36,0.26,Nutrient Deficient
1485.0,Sangli,1.01,906.0,522,0.22,3.98,1.16,0.5,0.12,34,206.0,107,8,44.01,0.71,0.37,0.14,Nutrient Deficient
2679.0,Sangli,1.18,896.0,453,0.36,1.96,1.21,0.49,0.11,47,76.0,62,15,51.78,0.56,0.21,0.28,Nutrient Deficient
182.0,Sangli,1.64,1305.0,598,0.59,3.31,1.34,0.51,0.12,72,80.0,116,49,54.37,0.51,0.17,0.15,Nutrient Excess
3725.0,Sangli,1.16,1500.0,619,0.78,2.35,0.85,0.37,0.15,61,46.0,121,50,51.67,0.49,0.54,0.36,Toxicity Risk
1924.0,Sangli,1.27,1279.0,701,0.31,1.76,0.67,0.38,0.15,61,66.0,85,27,50.92,0.53,0.3,0.35,Nutrient Deficient
2411.0,Sangli,1.47,857.0,350,0.54,3.25,1.18,0.47,0.15,124,132.0,125,95,52.71,0.42,0.38,0.16,Nutrient Deficient
571.0,Sangli,1.43,1196.0,617,0.74,1.82,1.21,0.63,0.13,64,191.0,150,193,47.11,0.51,0.28,0.15,Balanced / Optimal
2791.0,Sangli,1.48,839.0,463,0.55,1.81,0.67,0.33,0.14,70,74.0,46,21,40.17,0.52,0.26,0.16,Nutrient Deficient
4109.0,Sangli,1.12,1079.0,345,0.42,2.54,0.99,0.43,0.14,47,72.0,48,12,45.11,0.67,0.31,0.39,Nutrient Deficient
4637.0,Pune,1.85,1473.0,708,0.47,3.58,0.61,0.31,0.14,43,82.0,43,58,47.39,0.43,0.36,0.58,Toxicity Risk
3592.0,Sangli,1.96,1471.0,711,0.25,3.32,0.61,0.29,0.11,81,79.0,116,8,51.68,0.53,0.22,0.21,Nutrient Deficient
3897.0,Sangli,2.01,1266.0,871,0.4,2.42,1.43,0.41,0.19,60,130.0,134,16,42.74,0.38,0.37,0.4,Nutrient Deficient
1076.0,Sangli,1.4,900.0,574,0.21,2.82,1.08,0.37,0.12,87,280.0,157,74,55.12,0.49,0.45,0.4,Nutrient Deficient
2283.0,Sangli,1.48,880.0,556,0.58,1.9,0.56,0.24,0.12,49,35.0,95,33,40.11,0.43,0.19,0.21,Nutrient Deficient
4967.0,Solapur,1.34,1362.0,513,0.3,3.01,0.68,0.17,0.13,46,39.0,87,25,41.76,0.49,0.57,0.39,Toxicity Risk
2189.0,Sangli,1.4,1469.0,592,0.55,2.79,1.53,0.69,0.14,51,48.0,119,60,44.81,0.62,0.26,0.21,Nutrient Excess
805.0,Pune,1.28,995.0,711,0.33,2.67,1.08,0.4,0.14,75,96.0,101,51,46.71,0.49,0.5,0.55,Toxicity Risk
1960.0,Sangli,1.46,1099.0,383,0.43,1.92,1.17,0.39,0.12,70,66.0,75,12,46.19,0.54,0.26,0.19,Nutrient Deficient
3121.0,Sangli,1.43,924.0,384,0.39,1.7,1.28,0.41,0.14,76,113.0,93,18,44.76,0.47,0.47,0.21,Nutrient Deficient
3746.0,Sangli,0.79,1044.0,408,0.48,2.14,1.51,0.45,0.14,91,109.0,51,25,46.11,0.44,0.22,0.26,Nutrient Deficient
513.0,Pune,1.21,1209.0,556,0.54,2.82,1.34,0.61,0.17,56,74.0,59,103,74.21,0.58,0.29,0.19,Nutrient Deficient
1025.0,Sangli,1.29,895.0,589,0.62,2.66,0.64,0.2,0.14,94,138.0,99,15,56.93,0.48,0.28,0.34,Nutrient Deficient
1442.0,Sangli,0.95,1057.0,712,0.29,2.63,2.62,0.74,0.15,83,103.0,114,26,52.01,0.5,0.21,0.21,Nutrient Deficient
4882.0,Pune,1.64,1180.0,585,0.5,3.95,0.9,0.4,0.16,64,97.0,78,49,50.12,0.45,0.32,0.21,Nutrient Deficient
2352.0,Sangli,1.37,1194.0,663,0.46,2.09,0.73,0.32,0.13,73,201.0,118,96,41.66,0.47,0.27,0.31,Nutrient Deficient
1172.0,Sangli,0.95,930.0,478,0.37,3.04,1.36,0.6,0.15,121,89.0,147,13,47.66,0.47,0.39,0.28,Nutrient Deficient
5160.0,Solapur,1.45,1091.0,460,0.65,2.09,0.69,0.35,0.13,59,175.0,116,50,52.65,0.54,0.44,0.44,Nutrient Deficient
326.0,Pune,1.16,1097.0,501,0.24,1.45,0.99,0.36,0.12,65,74.0,74,61,48.12,0.44,0.28,0.14,Nutrient Deficient
1949.0,Sangli,1.4,1367.0,662,0.27,2.28,1.79,0.43,0.11,57,172.0,50,21,51.66,0.49,0.17,0.21,Nutrient Deficient
3183.0,Sangli,1.79,1096.0,709,0.34,1.96,0.95,0.4,0.16,261,106.0,114,158,61.27,0.49,0.32,0.14,Nutrient Deficient
5191.0,Solapur,1.01,980.0,469,0.68,4.61,0.68,0.36,0.14,48,72.0,85,68,43.9,0.47,0.26,0.14,Nutrient Deficient
3132.0,Sangli,1.96,1492.0,662,0.69,4.84,1.44,0.34,0.13,83,52.0,81,43,49.84,0.5,0.44,0.21,Nutrient Deficient
975.0,Solapur,1.23,1435.0,566,0.24,2.77,1.18,0.45,0.14,72,148.0,193,40,54.44,0.42,0.44,0.5,Toxicity Risk
95.0,Sangli,1.12,1141.0,425,0.42,1.85,0.85,0.47,0.17,105,44.0,93,18,62.14,0.66,0.24,0.14,Nutrient Deficient
4264.0,Pune,1.6,1047.0,493,0.63,3.83,1.17,0.4,0.12,81,79.0,72,53,49.03,0.47,0.21,0.21,Nutrient Deficient
4973.0,Solapur,1.12,1023.0,784,0.48,2.35,0.67,0.24,0.12,71,58.0,74,27,46.61,0.47,0.25,0.28,Nutrient Deficient
2201.0,Sangli,1.27,1206.0,543,0.44,3.96,1.28,0.67,0.16,146,101.0,114,36,52.36,0.54,0.48,0.6,Toxicity Risk
970.0,Sangli,0.95,1020.0,688,0.44,3.64,1.09,0.46,0.17,61,123.0,83,8,53.61,0.47,0.46,0.35,Nutrient Deficient
2547.0,Sangli,2.02,1369.0,671,0.26,2.2,0.77,0.29,0.13,197,142.0,98,24,43.66,0.51,0.18,0.28,Nutrient Deficient
269.0,Sangli,0.95,1020.0,509,0.33,2.22,1.21,0.44,0.17,92,90.0,97,6,50.67,0.54,0.25,0.29,Nutrient Deficient
2568.0,Sangli,1.06,955.0,578,0.25,2.62,1.7,0.49,0.14,96,266.0,175,27,51.72,0.48,0.27,0.31,Nutrient Deficient
2139.0,Sangli,1.59,1495.0,488,0.47,2.05,0.61,0.51,0.13,60,120.0,199,54,57.94,0.49,0.42,0.21,Nutrient Deficient
259.0,Sangli,1.64,1297.0,509,0.56,0.98,1.09,0.61,0.12,71,45.0,117,97,41.12,0.54,0.1,0.15,Nutrient Deficient
321.0,Pune,1.21,1170.0,612,0.4,1.99,0.62,0.29,0.16,50,39.0,79,21,51.74,0.47,0.35,0.29,Nutrient Deficient
4220.0,Pune,1.29,953.0,507,0.69,3.23,0.98,0.33,0.14,55,68.0,51,58,46.12,0.41,0.4,0.21,Nutrient Deficient
1478.0,Sangli,1.23,1198.0,392,0.3,2.09,1.06,0.67,0.16,118,99.0,57,85,41.57,0.48,0.34,0.5,Toxicity Risk
3497.0,Sangli,1.18,1071.0,312,0.3,3.77,1.38,0.3,0.14,78,88.0,118,23,54.7,0.49,0.32,0.29,Nutrient Deficient
3741.0,Sangli,1.06,1020.0,671,0.72,1.74,0.68,0.27,0.13,54,54.0,51,73,38.01,0.61,0.26,0.33,Nutrient Deficient
4635.0,Pune,1.85,1439.0,425,0.54,3.19,1.41,0.41,0.12,64,140.0,109,39,47.64,0.5,0.46,0.33,Nutrient Deficient
4196.0,Pune,1.11,1197.0,471,0.58,2.92,1.52,0.34,0.15,49,54.0,87,33,44.91,0.62,0.14,0.27,Nutrient Deficient
3295.0,Sangli,1.0,1109.0,516,0.36,1.35,0.81,0.32,0.14,259,111.0,133,72,39.57,0.58,0.28,0.32,Nutrient Deficient
3273.0,Sangli,1.85,1109.0,481,0.25,0.99,0.9,0.48,0.13,64,173.0,152,16,44.88,0.51,0.23,0.27,Nutrient Deficient
3237.0,Sangli,1.37,1134.0,392,0.77,1.42,0.77,0.4,0.15,52,40.0,71,30,52.71,0.43,0.25,0.19,Nutrient Deficient
586.0,Pune,1.32,1361.0,718,0.47,2.34,1.82,0.58,0.14,108,63.0,168,244,50.17,0.47,0.31,0.42,Nutrient Excess
660.0,Pune,1.85,962.0,508,0.35,2.57,0.61,0.28,0.1,127,106.0,74,58,42.29,0.41,0.21,0.2,Nutrient Deficient
464.0,Sangli,1.06,1021.0,512,0.87,3.1,1.28,0.43,0.14,51,77.0,89,17,47.11,0.49,0.31,0.15,Nutrient Deficient
384.0,Sangli,1.59,1310.0,266,0.15,1.04,0.54,0.15,0.09,24,13.0,23,10,31.78,0.21,0.19,0.14,Nutrient Deficient
3410.0,Sangli,1.27,1097.0,613,0.33,3.03,0.95,0.48,0.11,54,43.0,87,22,46.17,0.5,0.19,0.32,Nutrient Deficient
61.0,Sangli,1.34,1017.0,432,0.33,2.89,1.47,0.44,0.15,71,69.0,59,13,50.92,0.63,0.28,0.14,Nutrient Deficient
4684.0,Pune,1.17,1156.0,417,0.44,3.46,2.64,0.46,0.15,51,39.0,95,58,54.37,0.49,0.45,0.29,Nutrient Deficient
1083.0,Pune,1.23,945.0,678,0.14,1.22,1.63,0.55,0.16,136,81.0,128,33,42.09,0.49,0.35,0.28,Nutrient Deficient
3620.0,Sangli,1.27,804.0,613,0.54,2.34,1.62,0.51,0.14,53,76.0,85,58,47.72,0.57,0.14,0.21,Nutrient Deficient
4554.0,Pune,1.79,897.0,518,0.43,2.02,1.55,0.36,0.14,47,37.0,104,48,46.12,0.41,0.41,0.14,Nutrient Deficient
855.0,Sangli,0.95,1125.0,592,0.45,2.55,0.67,0.39,0.14,57,95.0,63,16,40.17,0.47,0.12,0.35,Nutrient Deficient
3903.0,Sangli,1.23,1109.0,467,0.46,2.52,1.05,0.5,0.16,63,61.0,111,19,42.71,0.53,0.24,0.27,Nutrient Deficient
1197.0,Sangli,0.9,1045.0,812,0.27,1.41,1.33,0.59,0.16,119,238.0,75,8,51.66,0.51,0.48,0.32,Nutrient Deficient
3683.0,Sangli,1.43,989.0,618,0.52,1.9,1.39,0.49,0.13,80,47.0,75,26,45.76,0.51,0.2,0.15,Nutrient Deficient
2642.0,Sangli,1.34,1250.0,460,0.57,2.42,1.03,0.37,0.15,84,48.0,104,85,52.17,0.5,0.24,0.19,Nutrient Deficient
3869.0,Sangli,1.11,750.0,476,0.32,2.82,1.03,0.44,0.15,67,150.0,148,16,50.67,0.66,0.22,0.14,Nutrient Deficient
757.0,Sangli,1.68,1267.0,581,0.48,1.31,0.7,0.29,0.12,168,191.0,142,29,40.74,0.51,0.33,0.32,Nutrient Deficient
4801.0,Pune,1.32,938.0,387,0.52,1.52,0.81,0.31,0.12,55,63.0,51,16,42.85,0.47,0.28,0.21,Nutrient Deficient
4256.0,Pune,1.32,1024.0,488,0.34,2.26,1.13,0.39,0.13,44,71.0,105,39,41.65,0.41,0.19,0.16,Nutrient Deficient
2095.0,Sangli,1.28,799.0,609,0.66,1.35,0.71,0.34,0.13,50,125.0,193,69,40.56,0.47,0.19,0.19,Nutrient Deficient
1925.0,Sangli,1.06,905.0,417,0.36,3.52,1.08,0.4,0.11,82,91.0,150,149,41.7,0.47,0.45,0.21,Nutrient Deficient
4170.0,Pune,1.74,1500.0,673,0.58,4.24,0.61,0.31,0.14,96,88.0,98,17,45.1,0.52,0.43,0.33,Nutrient Deficient
3611.0,Sangli,1.18,1425.0,801,0.44,3.52,0.7,0.39,0.11,64,65.0,128,25,45.8,0.44,0.17,0.31,Nutrient Deficient
99.0,Sangli,1.4,1059.0,437,0.23,1.08,1.07,0.51,0.14,110,71.0,80,13,44.01,0.6,0.19,0.14,Nutrient Deficient
1651.0,Sangli,1.85,1500.0,612,0.32,3.98,0.86,0.47,0.17,69,91.0,177,22,48.11,0.29,0.54,0.38,Toxicity Risk
2482.0,Sangli,1.51,895.0,507,0.68,3.21,0.7,0.4,0.12,61,149.0,59,12,47.71,0.51,0.25,0.35,Nutrient Deficient
3356.0,Sangli,1.46,990.0,384,0.32,1.87,1.17,0.46,0.14,77,120.0,83,33,41.57,0.39,0.25,0.55,Toxicity Risk
3033.0,Sangli,1.21,998.0,312,0.41,1.7,1.1,0.47,0.13,66,59.0,93,20,50.05,0.43,0.22,0.21,Nutrient Deficient
4993.0,Solapur,1.37,790.0,678,0.28,1.62,0.6,0.35,0.16,50,82.0,116,56,51.17,0.47,0.23,0.42,Nutrient Deficient
2137.0,Sangli,1.12,987.0,511,0.34,2.11,1.92,0.81,0.15,75,72.0,71,23,58.68,0.47,0.35,0.19,Nutrient Deficient
209.0,Sangli,1.16,917.0,712,0.45,1.73,0.67,0.38,0.13,118,113.0,134,44,48.11,0.51,0.23,0.19,Nutrient Deficient
5017.0,Solapur,1.06,1047.0,669,0.59,4.21,0.83,0.32,0.15,47,105.0,63,26,41.69,0.43,0.36,0.21,Nutrient Deficient
980.0,Pune,1.34,1450.0,571,0.41,1.84,0.63,0.37,0.15,71,52.0,103,42,54.67,0.53,0.41,0.21,Nutrient Deficient
4429.0,Pune,1.16,1053.0,480,0.22,2.36,1.27,0.74,0.15,141,128.0,161,17,43.94,0.41,0.29,0.25,Nutrient Deficient
4911.0,Pune,1.06,945.0,571,0.33,2.57,1.81,0.53,0.16,55,217.0,51,19,67.73,0.57,0.31,0.24,Nutrient Deficient
1540.0,Sangli,1.29,1293.0,865,0.62,3.71,1.74,0.58,0.16,132,144.0,179,43,60.41,0.44,0.49,0.35,Nutrient Deficient
1139.0,Solapur,1.46,950.0,711,0.35,2.9,1.09,0.36,0.14,76,106.0,118,21,60.88,0.53,0.39,0.35,Nutrient Deficient
4586.0,Pune,1.51,1206.0,617,0.3,1.99,1.45,0.64,0.15,141,179.0,203,55,81.96,0.49,0.49,0.21,Nutrient Deficient
752.0,Sangli,2.24,1468.0,712,0.48,1.45,0.81,0.24,0.12,94,175.0,131,52,38.63,0.42,0.21,0.13,Nutrient Deficient
3253.0,Sangli,1.48,906.0,518,0.36,2.15,1.19,0.43,0.13,71,43.0,72,26,50.13,0.44,0.23,0.14,Nutrient Deficient
789.0,Solapur,1.46,1366.0,639,0.5,2.45,0.78,0.23,0.13,56,73.0,86,40,50.65,0.47,0.41,0.39,Nutrient Deficient
2381.0,Sangli,1.12,760.0,581,0.64,1.63,1.21,0.48,0.13,67,95.0,86,39,44.01,0.49,0.19,0.26,Nutrient Deficient
3670.0,Sangli,1.4,1206.0,493,0.47,2.55,0.67,0.43,0.11,79,53.0,93,25,46.6,0.57,0.33,0.19,Nutrient Deficient
736.0,Solapur,1.41,925.0,371,0.59,1.63,0.69,0.41,0.15,73,142.0,190,200,41.71,0.42,0.6,0.32,Toxicity Risk
3130.0,Sangli,1.12,980.0,408,0.51,1.44,1.61,0.6,0.13,65,85.0,122,52,52.18,0.51,0.32,0.39,Nutrient Deficient
3449.0,Sangli,1.23,1127.0,779,0.38,1.31,0.59,0.27,0.13,74,39.0,74,49,47.63,0.41,0.28,0.21,Nutrient Deficient
2453.0,Sangli,1.74,1198.0,592,0.66,1.26,1.09,0.33,0.15,64,71.0,156,17,49.86,0.47,0.28,0.35,Nutrient Deficient
3386.0,Sangli,1.46,778.0,493,0.32,2.09,1.34,0.49,0.11,120,69.0,78,9,51.66,0.51,0.3,0.17,Nutrient Deficient
3624.0,Sangli,1.48,1206.0,618,0.29,1.62,1.46,0.68,0.14,87,299.0,113,39,44.74,0.38,0.28,0.28,Nutrient Deficient
2375.0,Sangli,0.91,874.0,354,0.25,1.83,1.59,0.52,0.17,82,109.0,61,35,54.12,0.47,0.28,0.35,Nutrient Deficient
2848.0,Sangli,1.23,900.0,488,0.36,1.01,1.24,0.51,0.16,49,50.0,106,13,47.67,0.49,0.43,0.26,Nutrient Deficient
2161.0,Sangli,1.01,960.0,433,0.32,2.84,0.89,0.45,0.13,70,59.0,78,12,50.67,0.39,0.3,0.15,Nutrient Deficient
1980.0,Sangli,1.4,1200.0,482,0.33,2.3,0.96,0.58,0.14,52,252.0,124,28,54.67,0.52,0.28,0.14,Nutrient Deficient
4502.0,Pune,1.53,1442.0,747,0.51,3.55,0.98,0.3,0.14,65,63.0,67,24,51.78,0.51,0.23,0.32,Nutrient Deficient
2484.0,Sangli,1.79,1000.0,478,0.42,1.34,0.73,0.33,0.15,45,51.0,84,29,59.95,0.63,0.38,0.14,Nutrient Deficient
641.0,Pune,1.27,1189.0,612,0.61,3.22,0.9,0.43,0.14,86,52.0,48,19,43.88,0.52,0.35,0.29,Nutrient Deficient
3494.0,Sangli,1.0,1007.0,718,0.53,4.02,3.03,0.71,0.17,94,93.0,141,97,56.17,0.46,0.44,0.28,Nutrient Deficient
5169.0,Solapur,1.47,864.0,628,0.29,2.22,0.98,0.44,0.16,66,57.0,74,13,54.48,0.39,0.3,0.23,Nutrient Deficient
2163.0,Sangli,1.62,1398.0,872,0.2,2.56,1.31,0.43,0.14,117,107.0,156,25,51.78,0.54,0.23,0.28,Nutrient Deficient
547.0,Sangli,1.64,1253.0,748,0.64,2.78,0.95,0.43,0.12,61,135.0,143,130,46.6,0.48,0.31,0.15,Nutrient Deficient
4508.0,Pune,1.29,855.0,471,0.26,2.14,0.89,0.49,0.12,53,179.0,43,45,46.71,0.41,0.31,0.21,Nutrient Deficient
2932.0,Sangli,1.01,906.0,711,0.3,2.67,1.78,0.51,0.17,88,72.0,89,15,51.7,0.52,0.26,0.26,Nutrient Deficient
4659.0,Pune,1.16,1151.0,613,0.32,1.96,1.26,0.58,0.1,49,60.0,59,10,51.63,0.44,0.3,0.19,Nutrient Deficient
1321.0,Sangli,1.62,1017.0,556,0.26,2.22,1.09,0.34,0.13,61,163.0,81,26,40.45,0.48,0.31,0.28,Nutrient Deficient
4172.0,Pune,1.59,1229.0,571,0.46,2.95,0.98,0.31,0.18,54,26.0,67,19,81.71,0.49,0.43,0.21,Nutrient Deficient
125.0,Sangli,1.48,1021.0,417,0.48,1.87,1.09,0.47,0.13,50,54.0,71,18,41.72,0.6,0.18,0.15,Nutrient Deficient
1907.0,Sangli,1.12,1456.0,769,0.23,3.62,2.25,0.6,0.14,49,61.0,88,16,52.11,0.51,0.51,0.31,Toxicity Risk
3662.0,Sangli,1.28,909.0,493,0.25,1.47,0.74,0.27,0.14,49,70.0,89,19,44.72,0.44,0.23,0.21,Nutrient Deficient
3148.0,Sangli,1.41,962.0,358,0.48,2.22,1.2,0.52,0.12,68,86.0,190,160,46.6,0.42,0.44,0.48,Nutrient Excess
4416.0,Pune,1.32,857.0,471,0.46,1.78,0.83,0.31,0.13,71,56.0,46,17,48.14,0.49,0.14,0.33,Nutrient Deficient
3623.0,Sangli,1.23,857.0,418,0.74,3.12,0.76,0.44,0.16,54,88.0,87,11,45.68,0.41,0.26,0.28,Nutrient Deficient
1788.0,Sangli,1.01,820.0,512,0.54,3.13,2.2,0.66,0.13,90,39.0,80,27,54.64,0.53,0.23,0.15,Nutrient Deficient
4166.0,Pune,1.69,1228.0,440,0.53,1.43,1.3,0.55,0.13,63,147.0,117,36,45.53,0.51,0.43,0.33,Balanced / Optimal
861.0,Pune,1.29,1315.0,698,0.29,1.29,0.84,0.3,0.14,44,59.0,94,16,49.17,0.41,0.13,0.28,Nutrient Deficient
354.0,Sangli,1.27,1020.0,518,0.31,1.93,1.68,0.52,0.15,61,86.0,112,38,50.66,0.37,0.38,0.19,Nutrient Deficient
1627.0,Sangli,1.18,1017.0,411,0.25,2.43,1.13,0.54,0.11,67,228.0,97,16,51.77,0.63,0.21,0.17,Nutrient Deficient
3971.0,Sangli,1.11,950.0,711,0.54,2.43,1.51,0.62,0.14,121,207.0,193,181,51.78,0.43,0.19,0.22,Nutrient Deficient
2255.0,Sangli,1.37,994.0,392,0.59,2.79,0.84,0.49,0.19,72,41.0,76,10,50.09,0.47,0.4,0.21,Nutrient Deficient
3060.0,Sangli,1.27,1092.0,492,0.29,2.11,1.61,0.53,0.15,188,120.0,143,130,56.18,0.71,0.25,0.29,Nutrient Deficient
4749.0,Pune,0.79,1246.0,818,0.45,2.66,1.1,0.4,0.15,58,116.0,85,45,49.17,0.41,0.45,0.21,Nutrient Deficient
3717.0,Sangli,0.9,860.0,714,0.58,3.54,2.05,0.54,0.17,45,69.0,127,57,54.37,0.41,0.15,0.21,Nutrient Deficient
4025.0,Sangli,1.59,1217.0,603,0.51,1.31,1.2,0.4,0.17,68,43.0,173,101,41.78,0.48,0.4,0.07,Nutrient Deficient
1779.0,Sangli,1.45,1339.0,396,0.45,1.9,1.46,0.46,0.1,83,85.0,157,200,41.41,0.54,0.26,0.29,Nutrient Deficient
809.0,Solapur,1.68,1080.0,863,0.54,2.84,0.57,0.32,0.13,72,95.0,89,35,41.66,0.42,0.35,0.23,Nutrient Deficient
4926.0,Pune,1.47,1460.0,612,0.51,3.64,1.53,0.46,0.13,73,254.0,160,38,50.68,0.52,0.24,0.25,Nutrient Deficient
4484.0,Pune,1.29,1149.0,414,0.51,2.58,0.86,0.28,0.17,54,75.0,97,103,41.1,0.54,0.48,0.19,Nutrient Deficient
5138.0,Solapur,1.0,880.0,625,0.22,2.3,1.11,0.45,0.11,59,54.0,52,7,52.68,0.49,0.21,0.28,Nutrient Deficient
1555.0,Sangli,1.23,978.0,492,0.54,2.82,1.57,0.74,0.17,54,67.0,143,38,49.19,0.51,0.29,0.43,Nutrient Deficient
2225.0,Sangli,2.18,1395.0,654,0.57,1.58,0.61,0.29,0.14,87,84.0,156,9,54.18,0.46,0.38,0.45,Nutrient Deficient
927.0,Sangli,1.12,765.0,678,0.43,3.65,0.86,0.47,0.14,62,90.0,76,14,49.84,0.49,0.27,0.48,Nutrient Deficient
718.0,Sangli,1.67,1045.0,590,0.6,2.15,0.57,0.27,0.15,57,76.0,202,23,50.66,0.44,0.26,0.26,Nutrient Deficient
4099.0,Sangli,1.16,975.0,494,0.18,1.77,1.36,0.66,0.17,75,111.0,76,34,43.92,0.47,0.19,0.17,Nutrient Deficient
1299.0,Sangli,1.46,1112.0,508,0.35,3.21,1.05,0.57,0.13,73,111.0,147,85,50.62,0.49,0.23,0.21,Nutrient Deficient
1067.0,Sangli,1.06,860.0,501,0.42,3.78,0.72,0.27,0.14,56,65.0,113,21,47.81,0.47,0.26,0.35,Nutrient Deficient
156.0,Solapur,1.53,1097.0,703,0.64,3.13,1.05,0.61,0.12,50,83.0,64,25,51.09,0.51,0.19,0.21,Nutrient Excess
1579.0,Sangli,1.06,1196.0,512,0.5,3.26,0.67,0.36,0.12,40,65.0,94,10,48.13,0.43,0.32,0.58,Toxicity Risk
5199.0,Solapur,1.28,1092.0,669,0.36,2.9,0.71,0.24,0.13,63,21.0,39,9,43.71,0.42,0.2,0.14,Nutrient Deficient
4300.0,Pune,1.23,900.0,499,0.54,1.99,2.22,0.61,0.15,107,125.0,153,253,51.78,0.51,0.45,0.19,Nutrient Deficient
2760.0,Sangli,1.27,815.0,312,0.42,2.05,1.09,0.54,0.14,44,193.0,38,14,41.78,0.54,0.15,0.21,Nutrient Deficient
1225.0,Sangli,0.84,757.0,398,0.49,2.55,2.35,0.53,0.15,167,80.0,91,252,50.05,0.64,0.16,0.28,Nutrient Deficient
5109.0,Solapur,1.46,1182.0,824,0.33,2.84,0.5,0.24,0.16,45,51.0,40,11,48.33,0.39,0.44,0.32,Nutrient Deficient
3215.0,Sangli,1.21,874.0,694,0.27,1.2,0.59,0.36,0.1,37,82.0,51,17,46.6,0.51,0.18,0.21,Nutrient Deficient
5000.0,Solapur,1.63,1495.0,621,0.47,2.63,0.55,0.35,0.16,44,50.0,59,59,44.78,0.47,0.23,0.31,Nutrient Deficient
4619.0,Pune,1.4,1450.0,511,0.32,2.68,0.98,0.31,0.12,49,63.0,51,38,61.17,0.51,0.19,0.43,Nutrient Deficient
3744.0,Sangli,1.12,1158.0,493,0.27,3.04,1.26,0.57,0.13,206,143.0,77,10,52.17,0.54,0.39,0.14,Nutrient Deficient
1975.0,Sangli,2.01,1080.0,511,0.37,3.73,1.25,0.53,0.16,109,111.0,119,158,44.62,0.41,0.44,0.32,Nutrient Deficient
2087.0,Sangli,1.8,905.0,478,0.83,1.8,0.89,0.53,0.14,81,51.0,68,13,45.8,0.51,0.45,0.21,Nutrient Excess
1471.0,Sangli,1.69,1084.0,491,0.55,2.83,1.39,0.56,0.13,177,146.0,120,149,49.12,0.42,0.32,0.47,Nutrient Excess
4742.0,Pune,1.12,857.0,434,0.45,2.56,1.79,0.61,0.12,84,129.0,67,58,45.72,0.59,0.39,0.21,Nutrient Deficient
2465.0,Sangli,1.21,1206.0,588,0.59,2.58,1.09,0.46,0.14,70,59.0,113,359,43.36,0.49,0.28,0.14,Nutrient Deficient
2993.0,Sangli,1.32,1096.0,493,0.23,3.78,0.88,0.33,0.13,57,69.0,111,41,49.59,0.5,0.23,0.28,Nutrient Deficient
3804.0,Sangli,1.01,1047.0,617,0.31,3.01,0.88,0.36,0.13,56,97.0,74,22,50.78,0.28,0.49,0.4,Nutrient Deficient
73.0,Sangli,1.51,1041.0,418,0.42,3.39,1.71,0.6,0.14,65,56.0,111,18,57.82,0.59,0.2,0.14,Nutrient Excess
4475.0,Pune,0.95,889.0,468,0.36,3.83,1.17,0.43,0.18,102,73.0,70,12,49.14,0.71,0.31,0.35,Nutrient Deficient
3158.0,Sangli,1.54,1185.0,700,0.54,2.46,1.32,0.57,0.19,47,115.0,148,337,47.53,0.47,0.29,0.43,Nutrient Excess
1050.0,Sangli,2.02,1000.0,667,0.35,2.07,0.99,0.41,0.13,48,101.0,107,15,54.17,0.49,0.27,0.21,Nutrient Deficient
1771.0,Sangli,1.17,1045.0,598,0.46,1.81,0.73,0.34,0.14,56,45.0,162,18,40.11,0.43,0.41,0.35,Nutrient Deficient
4032.0,Sangli,1.48,1366.0,718,0.47,1.21,1.39,0.47,0.15,88,37.0,74,33,65.54,0.59,0.19,0.27,Nutrient Deficient
2175.0,Sangli,1.4,1199.0,484,0.45,2.31,0.84,0.32,0.15,54,47.0,121,120,41.74,0.54,0.14,0.14,Nutrient Deficient
4944.0,Solapur,1.12,857.0,483,0.26,3.39,1.06,0.28,0.12,86,53.0,41,7,49.12,0.53,0.25,0.43,Nutrient Deficient
1021.0,Sangli,1.12,880.0,560,0.32,3.04,1.43,0.67,0.16,58,103.0,119,17,61.17,0.47,0.25,0.43,Nutrient Deficient
2646.0,Sangli,1.85,1055.0,489,0.18,1.94,1.09,0.55,0.13,77,170.0,153,36,44.71,0.6,0.41,0.14,Nutrient Deficient
2458.0,Sangli,1.0,899.0,702,0.37,2.28,1.44,0.68,0.14,66,272.0,249,68,49.19,0.55,0.39,0.31,Nutrient Deficient
4378.0,Pune,1.34,1207.0,686,0.22,3.83,0.97,0.53,0.16,69,129.0,80,39,63.08,0.47,0.36,0.25,Nutrient Deficient
1921.0,Sangli,1.21,857.0,749,0.53,1.76,0.99,0.43,0.12,51,81.0,135,84,43.66,0.52,0.44,0.21,Nutrient Deficient
1262.0,Sangli,1.29,1181.0,411,0.39,1.98,1.27,0.49,0.16,79,120.0,111,16,46.6,0.46,0.4,0.38,Nutrient Deficient
124.0,Sangli,1.53,1028.0,512,0.37,1.84,1.06,0.51,0.15,91,68.0,92,21,44.92,0.61,0.23,0.19,Nutrient Deficient
66.0,Sangli,1.12,947.0,488,0.44,1.47,1.09,0.49,0.13,74,61.0,36,13,52.64,0.7,0.25,0.14,Nutrient Deficient
4964.0,Solapur,1.36,779.0,395,0.48,2.3,1.19,0.42,0.14,79,101.0,84,25,43.71,0.47,0.25,0.41,Nutrient Deficient
4520.0,Pune,1.27,1290.0,438,0.3,2.3,2.16,0.34,0.15,83,96.0,47,17,46.09,0.41,0.47,0.35,Nutrient Deficient
2689.0,Sangli,0.89,1072.0,392,0.39,2.83,2.67,0.82,0.16,51,56.0,80,26,54.37,0.54,0.2,0.24,Nutrient Deficient
1295.0,Sangli,0.72,1190.0,791,0.27,1.42,2.14,0.43,0.16,83,101.0,157,25,55.12,0.49,0.23,0.47,Nutrient Deficient
3800.0,Sangli,1.06,963.0,471,0.22,1.81,2.54,0.59,0.14,83,262.0,134,21,41.09,0.44,0.34,0.18,Nutrient Deficient
4990.0,Solapur,1.19,1079.0,482,0.66,2.16,0.61,0.28,0.12,42,50.0,54,13,37.5,0.58,0.23,0.14,Nutrient Deficient
4721.0,Pune,1.21,1016.0,366,0.29,2.15,1.05,0.42,0.13,63,94.0,118,34,40.56,0.57,0.46,0.17,Nutrient Deficient
1506.0,Sangli,1.4,1250.0,392,0.37,2.2,1.38,0.45,0.15,56,91.0,80,21,61.27,0.49,0.24,0.14,Nutrient Deficient
2021.0,Sangli,1.32,1213.0,508,0.91,3.62,1.06,0.42,0.15,69,98.0,126,307,43.1,0.45,0.23,0.19,Nutrient Deficient
367.0,Sangli,1.64,1316.0,671,0.32,2.98,1.2,0.46,0.14,52,97.0,108,45,52.78,0.38,0.31,0.16,Nutrient Deficient
368.0,Sangli,1.27,1291.0,366,0.29,2.53,1.42,0.57,0.15,64,188.0,101,32,41.6,0.41,0.49,0.27,Nutrient Deficient
4326.0,Pune,1.41,1020.0,571,0.25,2.3,1.31,0.53,0.17,148,183.0,68,50,54.16,0.54,0.32,0.28,Nutrient Deficient
2067.0,Sangli,1.11,870.0,693,0.76,3.05,0.89,0.46,0.12,62,38.0,107,31,52.64,0.52,0.23,0.31,Nutrient Deficient
4969.0,Solapur,0.9,769.0,478,0.21,1.76,0.73,0.36,0.1,74,31.0,41,10,46.62,0.4,0.32,0.45,Nutrient Deficient
2192.0,Sangli,1.16,820.0,571,0.31,1.33,2.35,0.73,0.18,83,99.0,117,62,50.66,0.47,0.39,0.14,Nutrient Deficient
3445.0,Sangli,1.21,1335.0,566,0.39,2.95,0.99,0.34,0.16,65,39.0,93,27,40.95,0.33,0.28,0.55,Toxicity Risk
4120.0,Sangli,1.53,1592.0,711,0.36,3.46,1.07,0.47,0.13,61,48.0,88,14,61.7,0.6,0.26,0.19,Nutrient Deficient
5196.0,Solapur,1.28,1072.0,683,0.22,1.1,0.67,0.39,0.12,50,56.0,44,12,61.2,0.51,0.32,0.14,Nutrient Deficient
3540.0,Sangli,1.06,1213.0,638,0.62,3.55,0.69,0.33,0.1,38,43.0,126,26,49.12,0.43,0.28,0.35,Nutrient Deficient
1742.0,Sangli,1.22,1011.0,512,0.47,2.24,1.41,0.63,0.13,82,43.0,71,30,49.7,0.5,0.32,0.29,Nutrient Deficient
1622.0,Sangli,1.27,1058.0,491,0.33,1.62,1.34,0.65,0.19,117,106.0,138,58,48.69,0.71,0.38,0.19,Nutrient Deficient
4506.0,Pune,1.06,978.0,512,0.51,2.38,0.92,0.4,0.16,76,83.0,80,21,46.12,0.47,0.24,0.19,Nutrient Deficient
4860.0,Pune,1.68,987.0,815,0.32,2.29,0.74,0.4,0.13,190,50.0,44,11,41.43,0.51,0.29,0.28,Nutrient Deficient
730.0,Sangli,1.02,750.0,469,0.66,1.81,0.64,0.22,0.14,60,114.0,116,57,45.11,0.47,0.3,0.13,Nutrient Deficient
459.0,Sangli,1.11,1102.0,471,0.69,2.55,1.36,0.6,0.11,59,111.0,67,19,46.12,0.39,0.36,0.15,Nutrient Deficient
2562.0,Sangli,1.85,1094.0,409,0.36,1.74,0.9,0.39,0.13,49,65.0,87,80,42.12,0.47,0.23,0.16,Nutrient Deficient
667.0,Pune,1.59,900.0,570,0.43,1.76,0.64,0.33,0.12,51,38.0,43,27,52.64,0.45,0.43,0.19,Nutrient Deficient
3636.0,Sangli,1.12,857.0,718,0.56,2.35,1.42,0.5,0.16,71,81.0,117,18,47.33,0.36,0.32,0.29,Nutrient Deficient
3007.0,Sangli,1.06,1219.0,343,0.25,2.89,1.13,0.6,0.14,80,117.0,108,21,48.93,0.63,0.22,0.21,Nutrient Deficient
4784.0,Pune,1.29,1460.0,578,0.3,2.35,0.74,0.41,0.16,96,181.0,50,16,85.32,0.59,0.36,0.27,Nutrient Deficient
1774.0,Sangli,1.17,1011.0,411,0.47,2.37,1.48,0.53,0.13,78,105.0,101,162,42.49,0.54,0.18,0.21,Nutrient Deficient
3305.0,Sangli,1.6,1005.0,357,0.24,1.64,1.81,0.47,0.15,66,81.0,52,26,52.17,0.41,0.2,0.17,Nutrient Deficient
3367.0,Sangli,1.17,1021.0,517,0.63,2.99,1.72,0.6,0.14,72,40.0,155,53,41.09,0.4,0.2,0.16,Nutrient Deficient
596.0,Sangli,1.69,1259.0,423,0.71,4.31,1.85,0.59,0.14,88,56.0,138,74,54.11,0.47,0.43,0.21,Nutrient Excess
1922.0,Sangli,1.59,1170.0,571,0.44,3.08,0.71,0.37,0.13,65,76.0,73,99,36.89,0.5,0.34,0.26,Nutrient Deficient
3413.0,Sangli,1.86,1092.0,638,0.76,2.23,0.76,0.46,0.15,67,86.0,54,20,43.15,0.6,0.23,0.21,Nutrient Deficient
4583.0,Pune,1.12,1020.0,516,0.32,2.42,0.62,0.15,0.17,61,49.0,41,10,49.17,0.58,0.2,0.21,Nutrient Deficient
5031.0,Solapur,1.46,1270.0,712,0.24,1.07,1.43,0.46,0.16,42,76.0,127,22,53.3,0.62,0.19,0.14,Nutrient Deficient
1310.0,Sangli,0.95,1185.0,792,0.42,1.59,1.07,0.39,0.13,66,133.0,171,74,41.57,0.51,0.27,0.23,Nutrient Deficient
4373.0,Pune,1.06,857.0,709,0.46,2.58,0.91,0.39,0.15,51,39.0,51,28,47.07,0.61,0.47,0.25,Nutrient Deficient
3056.0,Sangli,1.4,1298.0,711,0.43,2.62,1.05,0.45,0.13,74,104.0,89,35,54.92,0.49,0.3,0.27,Nutrient Deficient
497.0,Pune,1.64,1247.0,511,0.56,3.55,1.03,0.47,0.14,68,41.0,53,21,45.01,0.58,0.34,0.24,Nutrient Deficient
5143.0,Solapur,1.0,997.0,428,0.34,2.79,0.61,0.29,0.12,64,40.0,65,16,50.04,0.41,0.32,0.41,Nutrient Deficient
3890.0,Sangli,1.12,1023.0,711,0.48,2.92,1.07,0.6,0.15,62,82.0,100,23,41.73,0.45,0.41,0.21,Nutrient Deficient
4792.0,Pune,1.29,860.0,393,0.51,3.53,0.95,0.38,0.1,93,145.0,48,12,46.09,0.53,0.17,0.14,Nutrient Deficient
3778.0,Sangli,1.79,1079.0,711,0.44,2.9,1.09,0.3,0.13,67,122.0,77,80,52.64,0.41,0.3,0.34,Nutrient Deficient
4613.0,Pune,1.12,1018.0,796,0.47,2.76,0.98,0.41,0.15,83,116.0,131,65,42.08,0.49,0.47,0.28,Nutrient Deficient
62.0,Sangli,1.34,1055.0,453,0.47,3.45,1.38,0.41,0.13,67,49.0,63,12,46.6,0.54,0.19,0.18,Nutrient Deficient
4832.0,Pune,1.24,1152.0,617,0.55,2.91,1.31,0.67,0.13,86,77.0,58,24,39.02,0.47,0.26,0.17,Nutrient Deficient
312.0,Sangli,1.59,1297.0,471,0.36,1.95,1.22,0.58,0.1,73,39.0,74,17,47.63,0.51,0.36,0.21,Nutrient Deficient
1665.0,Sangli,1.43,750.0,401,0.3,2.89,0.91,0.27,0.15,64,267.0,74,17,41.74,0.41,0.23,0.14,Nutrient Deficient
4183.0,Pune,1.32,1228.0,417,0.51,3.6,1.1,0.63,0.14,44,76.0,41,31,74.73,0.42,0.32,0.31,Nutrient Excess
4912.0,Pune,1.06,813.0,595,0.48,2.72,1.12,0.66,0.16,70,98.0,167,23,44.01,0.51,0.35,0.35,Nutrient Deficient
2718.0,Sangli,1.79,1090.0,606,0.41,1.65,0.85,0.41,0.14,110,69.0,101,12,46.78,0.39,0.36,0.48,Nutrient Deficient
3206.0,Sangli,1.73,1290.0,511,0.26,2.77,1.78,0.58,0.16,109,120.0,124,193,54.11,0.5,0.24,0.29,Nutrient Deficient
2338.0,Sangli,1.16,1059.0,812,0.45,1.59,0.98,0.47,0.12,51,54.0,83,17,39.74,0.44,0.28,0.35,Nutrient Deficient
3138.0,Sangli,0.84,1072.0,566,0.53,1.69,1.19,0.59,0.16,38,119.0,137,66,48.16,0.58,0.29,0.14,Nutrient Deficient
4957.0,Solapur,0.95,997.0,678,0.24,1.69,1.06,0.53,0.15,73,94.0,87,50,53.81,0.58,0.26,0.14,Nutrient Deficient
517.0,Pune,1.27,1009.0,618,0.24,3.58,1.58,0.71,0.31,185,312.0,39,40,51.78,0.39,0.26,0.24,Nutrient Deficient
3859.0,Sangli,1.4,996.0,509,0.86,2.28,1.95,0.69,0.16,212,154.0,158,338,47.12,0.47,0.2,0.26,Nutrient Excess
1242.0,Sangli,1.15,900.0,305,0.17,3.01,1.33,0.4,0.14,379,109.0,179,17,56.89,0.48,0.24,0.16,Nutrient Deficient
2719.0,Sangli,1.69,1094.0,711,0.25,2.54,2.5,0.66,0.14,74,134.0,111,22,51.17,0.39,0.45,0.43,Nutrient Deficient
2640.0,Sangli,1.16,1215.0,625,0.38,2.49,1.48,0.59,0.16,97,91.0,63,16,56.84,0.42,0.34,0.27,Nutrient Deficient
563.0,Sangli,0.84,907.0,656,0.83,2.71,1.38,0.58,0.13,96,124.0,165,202,51.67,0.44,0.31,0.21,Nutrient Deficient
4018.0,Sangli,1.43,1593.0,711,0.38,1.48,1.41,0.47,0.13,55,52.0,76,17,50.03,0.71,0.24,0.43,Nutrient Deficient
4966.0,Solapur,1.0,1281.0,466,0.48,2.85,0.68,0.36,0.15,49,45.0,71,12,49.7,0.47,0.29,0.14,Nutrient Deficient
290.0,Sangli,1.32,963.0,872,0.35,2.15,1.43,0.51,0.1,66,76.0,82,25,46.12,0.45,0.28,0.14,Nutrient Deficient
4267.0,Pune,1.11,1470.0,466,0.51,2.23,0.75,0.46,0.16,50,35.0,62,21,73.92,0.41,0.26,0.19,Nutrient Deficient
261.0,Sangli,1.27,1029.0,571,0.31,2.41,1.27,0.6,0.15,75,104.0,117,23,51.67,0.54,0.26,0.24,Nutrient Deficient
278.0,Pune,1.06,812.0,501,0.31,1.64,1.17,0.47,0.1,66,73.0,104,28,43.78,0.72,0.26,0.14,Nutrient Deficient
3553.0,Sangli,1.73,1190.0,618,0.34,1.4,0.63,0.33,0.12,66,72.0,71,15,36.81,0.53,0.21,0.18,Nutrient Deficient
2565.0,Sangli,0.89,820.0,784,0.5,3.02,1.49,0.61,0.14,70,128.0,105,153,41.87,0.47,0.47,0.43,Nutrient Deficient
2469.0,Sangli,1.12,942.0,571,0.71,2.95,1.21,0.51,0.12,68,51.0,151,27,41.53,0.37,0.27,0.07,Nutrient Deficient
3763.0,Sangli,1.74,1295.0,595,0.35,3.07,0.98,0.27,0.1,52,48.0,81,8,47.64,0.41,0.43,0.25,Nutrient Deficient
20.0,Sangli,1.9,1260.0,473,0.73,3.74,1.4,0.65,0.13,120,120.0,57,43,52.64,0.51,0.32,0.26,Nutrient Excess
668.0,Sangli,1.74,890.0,474,0.5,2.86,1.09,0.51,0.16,114,45.0,62,26,56.96,0.47,0.34,0.15,Nutrient Excess
2964.0,Sangli,1.23,840.0,371,0.91,1.91,2.02,0.58,0.13,79,99.0,102,61,40.12,0.44,0.3,0.14,Nutrient Deficient
496.0,Pune,1.74,1494.0,460,0.52,2.89,0.89,0.42,0.43,69,38.0,48,26,47.66,0.51,0.36,0.3,Nutrient Deficient
2660.0,Sangli,0.9,902.0,493,0.56,2.09,0.87,0.41,0.15,65,85.0,99,27,44.12,0.44,0.29,0.26,Nutrient Deficient
528.0,Sangli,1.37,1097.0,666,0.3,2.48,1.59,0.59,0.12,68,72.0,63,17,52.64,0.54,0.34,0.21,Nutrient Deficient
3969.0,Sangli,1.28,905.0,575,0.49,2.08,1.18,0.47,0.11,62,136.0,95,283,38.88,0.5,0.31,0.15,Nutrient Deficient
3963.0,Sangli,1.62,1038.0,666,0.32,1.76,1.41,0.52,0.13,191,226.0,89,33,46.6,0.48,0.41,0.35,Nutrient Deficient
2451.0,Sangli,1.4,966.0,321,0.31,2.95,0.59,0.39,0.12,80,50.0,28,8,46.81,0.54,0.14,0.18,Nutrient Deficient
4056.0,Sangli,1.32,857.0,479,0.6,1.47,1.26,0.7,0.16,90,181.0,137,49,49.71,0.43,0.2,0.19,Balanced / Optimal
3607.0,Sangli,1.18,1097.0,464,0.23,1.98,0.9,0.5,0.13,71,83.0,92,29,49.19,0.41,0.26,0.43,Nutrient Deficient
1477.0,Sangli,2.07,1208.0,611,0.59,4.03,0.95,0.27,0.15,45,51.0,143,18,43.15,0.49,0.3,0.43,Nutrient Deficient
30.0,Sangli,1.64,1074.0,612,0.37,2.92,1.32,0.48,0.14,99,71.0,62,16,53.71,0.41,0.34,0.21,Nutrient Deficient
4549.0,Pune,1.34,1460.0,493,0.7,3.26,0.69,0.22,0.16,91,32.0,103,37,50.12,0.45,0.45,0.48,Nutrient Deficient
3175.0,Sangli,1.57,1335.0,517,0.46,2.12,1.18,0.4,0.15,67,130.0,89,38,45.11,0.39,0.28,0.31,Nutrient Deficient
1431.0,Sangli,1.43,1198.0,496,0.16,0.72,0.94,0.42,0.12,64,208.0,78,22,52.18,0.47,0.42,0.35,Nutrient Deficient
931.0,Sangli,1.29,1470.0,478,0.28,1.65,1.08,0.38,0.15,93,95.0,183,92,49.78,0.53,0.47,0.41,Nutrient Deficient
623.0,Sangli,1.12,1115.0,396,0.54,2.24,1.49,0.47,0.1,234,171.0,127,32,51.64,0.51,0.34,0.29,Nutrient Deficient
2296.0,Sangli,2.63,1297.0,872,0.63,3.17,0.63,0.24,0.13,55,39.0,65,38,55.12,0.39,0.53,0.21,Toxicity Risk
1457.0,Sangli,1.0,980.0,693,0.82,2.95,0.87,0.4,0.12,78,88.0,85,33,51.71,0.49,0.24,0.32,Nutrient Deficient
2594.0,Sangli,1.53,1169.0,588,0.43,2.18,1.39,0.5,0.19,88,139.0,103,61,56.17,0.51,0.27,0.32,Nutrient Deficient
118.0,Sangli,1.21,850.0,418,0.57,3.23,0.62,0.37,0.17,884,53.0,73,7,44.88,0.64,0.17,0.14,Nutrient Deficient
1647.0,Sangli,0.9,1021.0,398,0.62,1.34,1.09,0.39,0.17,46,213.0,97,26,50.65,0.5,0.2,0.14,Nutrient Deficient
628.0,Sangli,1.17,1007.0,511,0.39,2.73,2.35,0.81,0.19,195,277.0,173,49,51.66,0.39,0.48,0.31,Nutrient Deficient
4142.0,Pune,0.84,918.0,617,0.14,3.64,2.27,0.61,0.18,71,96.0,45,26,69.18,0.47,0.27,0.14,Nutrient Deficient
3659.0,Sangli,1.12,806.0,518,0.43,3.04,1.91,0.65,0.16,75,159.0,133,319,52.67,0.48,0.43,0.43,Nutrient Deficient
158.0,Solapur,1.16,879.0,912,0.23,1.03,1.13,0.39,0.16,47,121.0,59,25,49.12,0.49,0.23,0.14,Nutrient Deficient
3870.0,Sangli,1.53,997.0,902,0.39,1.62,0.76,0.51,0.11,58,84.0,36,12,46.6,0.44,0.35,0.32,Nutrient Deficient
2726.0,Sangli,1.01,864.0,509,0.43,2.11,1.28,0.53,0.16,72,81.0,113,12,42.71,0.57,0.24,0.17,Nutrient Deficient
1561.0,Sangli,0.84,937.0,493,0.15,1.41,3.02,0.5,0.12,40,46.0,34,9,61.17,0.66,0.21,0.35,Nutrient Deficient
1219.0,Sangli,1.68,1044.0,587,0.42,2.6,0.84,0.3,0.14,81,80.0,94,12,50.67,0.51,0.27,0.17,Nutrient Deficient
249.0,Sangli,1.69,1296.0,601,0.33,2.73,1.32,0.46,0.16,67,107.0,96,9,46.84,0.56,0.26,0.14,Nutrient Deficient
2624.0,Sangli,1.23,997.0,371,0.4,1.33,0.99,0.47,0.1,62,95.0,49,15,39.71,0.59,0.17,0.14,Nutrient Deficient
3115.0,Sangli,1.27,1305.0,587,0.37,2.89,0.67,0.28,0.16,63,41.0,178,21,42.94,0.38,0.48,0.23,Nutrient Deficient
1175.0,Sangli,1.06,905.0,571,0.15,3.29,1.51,0.26,0.14,90,247.0,114,51,51.66,0.55,0.47,0.35,Nutrient Deficient
4046.0,Sangli,1.0,815.0,418,0.16,3.55,0.97,0.53,0.14,75,257.0,132,19,58.07,0.39,0.49,0.35,Nutrient Deficient
3970.0,Sangli,1.32,755.0,518,0.37,2.38,1.36,0.5,0.12,49,48.0,92,30,39.12,0.63,0.27,0.19,Nutrient Deficient
3915.0,Sangli,1.48,917.0,612,0.19,2.05,1.58,0.47,0.13,56,140.0,131,42,52.64,0.45,0.29,0.16,Nutrient Deficient
1032.0,Sangli,1.62,1475.0,784,0.46,3.96,1.15,0.44,0.14,68,170.0,193,24,53.61,0.44,0.36,0.35,Nutrient Deficient
2276.0,Sangli,1.28,1092.0,607,0.59,2.95,1.11,0.43,0.16,75,84.0,96,37,46.12,0.39,0.49,0.52,Toxicity Risk
4661.0,Pune,1.06,1151.0,511,0.35,2.87,1.39,0.38,0.12,151,77.0,124,92,45.67,0.6,0.31,0.35,Nutrient Deficient
4022.0,Sangli,2.02,1471.0,591,0.4,2.58,1.51,0.56,0.1,59,53.0,106,14,54.37,0.63,0.36,0.14,Nutrient Deficient
1902.0,Sangli,1.37,1127.0,617,0.45,3.54,1.81,0.56,0.14,84,156.0,122,19,56.71,0.51,0.5,0.28,Toxicity Risk
4538.0,Pune,1.85,1189.0,418,0.51,2.19,0.97,0.31,0.12,63,49.0,173,28,41.71,0.51,0.59,0.28,Toxicity Risk
1760.0,Sangli,1.27,1208.0,636,0.52,1.62,0.8,0.57,0.13,60,92.0,106,16,36.76,0.47,0.29,0.14,Nutrient Deficient
1459.0,Sangli,1.12,1170.0,912,0.58,2.78,1.82,0.68,0.17,68,102.0,144,358,61.12,0.52,0.37,0.35,Nutrient Deficient
2197.0,Sangli,1.12,810.0,571,0.54,3.7,1.59,0.63,0.17,75,50.0,127,24,52.65,0.42,0.49,0.43,Nutrient Deficient
948.0,Pune,1.12,1163.0,503,0.25,2.27,1.33,0.79,0.13,74,97.0,180,28,51.88,0.54,0.46,0.46,Nutrient Deficient
1759.0,Sangli,1.12,856.0,512,0.74,2.96,0.69,0.5,0.13,62,41.0,94,10,41.84,0.52,0.29,0.19,Nutrient Deficient
2224.0,Sangli,1.28,1359.0,488,0.47,1.47,1.41,0.6,0.15,79,98.0,95,41,53.67,0.41,0.49,0.33,Nutrient Deficient
122.0,Sangli,1.32,946.0,711,0.64,1.83,1.86,0.54,0.12,99,69.0,82,17,51.67,0.59,0.2,0.071,Balanced / Optimal
3541.0,Sangli,1.28,1020.0,638,0.28,2.38,1.21,0.33,0.12,54,70.0,102,12,42.91,0.51,0.39,0.41,Nutrient Deficient
2615.0,Sangli,1.51,1266.0,488,0.66,3.91,0.82,0.39,0.16,130,112.0,96,17,43.67,0.46,0.29,0.16,Nutrient Deficient
2341.0,Sangli,1.74,1496.0,611,0.76,2.66,1.18,0.47,0.17,81,64.0,138,39,51.62,0.37,0.46,0.16,Nutrient Deficient
4600.0,Pune,1.29,979.0,643,0.57,1.59,0.66,0.3,0.13,79,37.0,87,95,40.56,0.41,0.25,0.33,Nutrient Deficient
2622.0,Sangli,1.12,872.0,601,0.62,3.69,2.03,0.57,0.15,79,330.0,184,93,45.88,0.55,0.23,0.28,Nutrient Deficient
2931.0,Sangli,1.9,1045.0,871,0.47,2.39,1.06,0.51,0.17,66,112.0,97,18,50.73,0.51,0.23,0.14,Nutrient Excess
1137.0,Pune,1.46,1450.0,518,0.27,3.55,1.63,0.57,0.12,71,308.0,155,21,50.12,0.54,0.43,0.35,Nutrient Deficient
2794.0,Sangli,1.53,1150.0,712,0.32,2.11,0.98,0.41,0.15,99,79.0,86,25,51.17,0.57,0.28,0.21,Nutrient Deficient
1266.0,Sangli,1.12,1044.0,417,0.26,1.87,1.1,0.53,0.12,69,178.0,146,30,47.12,0.45,0.32,0.43,Nutrient Deficient
4178.0,Pune,1.32,1020.0,595,0.27,3.37,0.98,0.49,0.1,59,253.0,101,92,51.78,0.45,0.41,0.33,Nutrient Deficient
4774.0,Pune,1.06,1475.0,478,0.36,1.28,2.64,0.6,0.16,71,73.0,152,23,54.12,0.72,0.47,0.19,Nutrient Deficient
103.0,Sangli,1.06,801.0,398,0.47,1.04,1.32,0.59,0.13,64,76.0,77,9,50.66,0.72,0.19,0.21,Nutrient Deficient
4570.0,Pune,1.74,1197.0,508,0.51,2.97,1.14,0.38,0.14,53,55.0,106,60,67.65,0.46,0.43,0.47,Nutrient Deficient
4150.0,Pune,1.17,1162.0,711,0.34,3.24,1.25,0.51,0.3,56,97.0,148,60,51.66,0.49,0.23,0.19,Nutrient Deficient
4924.0,Pune,1.32,1485.0,667,0.24,1.11,1.03,0.4,0.12,95,243.0,61,36,45.04,0.44,0.43,0.21,Nutrient Deficient
2681.0,Sangli,1.46,1335.0,512,0.25,1.79,1.57,0.64,0.12,56,66.0,37,12,52.17,0.33,0.29,0.39,Nutrient Deficient
4922.0,Pune,1.23,1231.0,512,0.19,1.6,2.92,0.79,0.15,67,147.0,176,48,52.64,0.47,0.46,0.31,Nutrient Deficient
1028.0,Sangli,1.06,810.0,493,0.17,1.98,1.07,0.48,0.15,52,69.0,68,9,55.78,0.53,0.22,0.35,Nutrient Deficient
1405.0,Sangli,1.28,1041.0,789,0.54,2.91,0.96,0.5,0.15,73,137.0,134,13,50.11,0.41,0.45,0.19,Nutrient Deficient
1928.0,Sangli,1.23,800.0,478,0.42,3.97,1.68,0.47,0.15,88,101.0,113,23,54.12,0.5,0.42,0.39,Nutrient Deficient
3628.0,Sangli,0.9,1089.0,663,0.53,2.95,1.88,0.63,0.13,380,84.0,149,129,57.08,0.49,0.38,0.21,Nutrient Deficient
2816.0,Sangli,1.45,1039.0,813,0.36,0.8,0.69,0.57,0.1,70,67.0,101,59,41.66,0.62,0.3,0.23,Nutrient Deficient
4341.0,Pune,0.88,950.0,613,0.57,1.99,2.22,0.64,0.11,135,82.0,124,15,50.99,0.59,0.26,0.18,Nutrient Deficient
3040.0,Sangli,1.34,1470.0,512,0.33,1.39,0.67,0.28,0.12,51,83.0,59,57,43.66,0.54,0.17,0.15,Nutrient Deficient
1916.0,Sangli,1.15,1191.0,512,0.27,1.77,1.32,0.48,0.12,167,59.0,135,101,53.16,0.57,0.21,0.16,Nutrient Deficient
3075.0,Sangli,0.84,906.0,494,0.69,2.22,1.36,0.5,0.11,67,91.0,87,38,52.18,0.49,0.42,0.28,Nutrient Deficient
2830.0,Sangli,1.12,942.0,640,0.71,3.58,0.88,0.4,0.13,112,108.0,89,23,43.71,0.44,0.4,0.21,Nutrient Deficient
2612.0,Sangli,1.28,905.0,671,0.33,1.76,1.04,0.68,0.16,63,65.0,65,11,56.66,0.47,0.45,0.4,Nutrient Deficient
2351.0,Sangli,1.27,911.0,417,0.21,2.79,1.09,0.61,0.15,72,229.0,113,17,53.74,0.49,0.36,0.31,Nutrient Deficient
3451.0,Sangli,1.23,920.0,517,0.62,1.91,0.68,0.44,0.13,49,71.0,78,24,48.22,0.51,0.28,0.21,Nutrient Deficient
2595.0,Sangli,2.02,975.0,511,0.45,1.87,0.89,0.31,0.16,66,85.0,87,16,43.17,0.6,0.18,0.16,Nutrient Deficient
3430.0,Sangli,1.06,1150.0,611,0.34,2.66,1.17,0.57,0.14,64,188.0,80,11,46.78,0.39,0.22,0.21,Nutrient Deficient
4147.0,Pune,1.15,807.0,674,0.49,3.23,0.61,0.41,0.16,73,71.0,49,37,47.11,0.52,0.27,0.21,Nutrient Deficient
1497.0,Sangli,1.12,963.0,872,0.31,2.18,1.32,0.52,0.15,101,248.0,134,50,51.17,0.43,0.39,0.15,Nutrient Deficient
4008.0,Sangli,2.24,1612.0,478,0.59,1.51,0.98,0.37,0.15,78,84.0,89,311,42.93,0.42,0.43,0.17,Nutrient Deficient
5106.0,Solapur,1.28,1007.0,669,0.5,3.21,0.53,0.29,0.15,56,82.0,96,24,46.67,0.49,0.32,0.21,Nutrient Deficient
4680.0,Pune,1.23,930.0,710,0.27,2.75,1.11,0.59,0.16,43,45.0,48,105,70.08,0.57,0.17,0.19,Nutrient Deficient
2299.0,Sangli,1.12,857.0,371,0.5,2.54,0.84,0.56,0.12,85,23.0,58,8,43.17,0.52,0.26,0.14,Nutrient Deficient
2101.0,Sangli,1.64,1126.0,612,0.73,1.63,0.67,0.37,0.1,70,49.0,76,59,39.64,0.34,0.11,0.19,Nutrient Deficient
4834.0,Pune,1.0,994.0,379,0.15,3.46,0.91,0.31,0.15,101,92.0,67,17,47.76,0.49,0.21,0.28,Nutrient Deficient
1803.0,Sangli,1.16,1374.0,583,0.25,3.18,1.53,0.57,0.18,74,132.0,76,14,50.78,0.54,0.27,0.23,Nutrient Deficient
1558.0,Sangli,1.06,940.0,492,0.35,3.54,1.39,0.38,0.13,61,108.0,180,89,48.77,0.42,0.49,0.31,Nutrient Deficient
4643.0,Pune,1.23,1008.0,571,0.35,2.19,1.32,0.52,0.33,151,79.0,116,18,44.16,0.49,0.47,0.33,Nutrient Deficient
2374.0,Sangli,0.9,850.0,812,0.33,2.66,0.94,0.51,0.13,81,96.0,93,18,50.62,0.51,0.25,0.16,Nutrient Deficient
2608.0,Sangli,2.24,1298.0,409,0.55,2.39,1.81,0.54,0.12,265,105.0,91,353,47.75,0.44,0.37,0.33,Nutrient Excess
4980.0,Solapur,1.12,1496.0,359,0.28,2.45,1.19,0.46,0.1,74,70.0,83,22,39.29,0.49,0.21,0.19,Nutrient Deficient
2483.0,Sangli,1.27,1110.0,591,0.39,3.0,0.9,0.53,0.16,98,299.0,152,42,51.64,0.47,0.36,0.21,Nutrient Deficient
4702.0,Pune,1.59,1537.0,589,0.33,2.74,0.63,0.33,0.17,71,97.0,155,31,43.73,0.43,0.4,0.45,Nutrient Deficient
3323.0,Sangli,1.4,1475.0,502,0.3,2.59,0.82,0.37,0.16,83,163.0,66,26,49.02,0.72,0.32,0.24,Nutrient Deficient
1349.0,Sangli,1.46,1157.0,498,0.36,1.65,0.61,0.41,0.15,94,76.0,108,13,43.11,0.71,0.21,0.28,Nutrient Deficient
4107.0,Sangli,1.79,1040.0,509,0.25,2.14,2.0,0.59,0.16,66,139.0,79,13,53.66,0.63,0.2,0.21,Nutrient Deficient
594.0,Sangli,1.21,1124.0,398,0.59,3.97,2.85,0.68,0.17,91,133.0,192,312,53.66,0.49,0.4,0.32,Nutrient Deficient
371.0,Sangli,1.32,907.0,624,0.2,1.05,1.45,0.54,0.15,51,119.0,94,76,41.84,0.4,0.2,0.16,Nutrient Deficient
3232.0,Sangli,0.89,905.0,401,0.36,3.43,2.59,0.51,0.12,79,88.0,59,23,51.61,0.48,0.43,0.39,Nutrient Deficient
1923.0,Sangli,1.43,1264.0,512,0.38,2.13,1.26,0.53,0.12,71,71.0,63,17,42.81,0.39,0.31,0.35,Nutrient Deficient
3599.0,Sangli,1.48,896.0,659,0.5,1.97,0.92,0.57,0.14,51,88.0,56,30,45.12,0.47,0.2,0.16,Balanced / Optimal
683.0,Sangli,1.79,1005.0,432,0.54,2.08,0.89,0.36,0.16,56,136.0,84,35,34.52,0.49,0.15,0.26,Nutrient Deficient
1181.0,Sangli,1.29,995.0,584,0.3,2.37,0.75,0.39,0.16,73,128.0,114,18,57.84,0.49,0.42,0.28,Nutrient Deficient
524.0,Sangli,1.22,1167.0,831,0.33,2.38,1.03,0.5,0.15,43,142.0,84,59,59.55,0.46,0.37,0.17,Nutrient Deficient
4293.0,Pune,0.97,946.0,492,0.54,3.41,1.2,0.34,0.12,75,246.0,79,12,51.64,0.66,0.35,0.28,Nutrient Deficient
1411.0,Sangli,1.46,1250.0,711,0.17,1.84,1.01,0.41,0.12,54,129.0,112,18,41.69,0.54,0.37,0.43,Nutrient Deficient
1486.0,Sangli,1.16,1005.0,625,0.42,1.14,0.83,0.33,0.15,52,61.0,77,12,54.37,0.6,0.35,0.15,Nutrient Deficient
2587.0,Sangli,1.27,1500.0,384,0.55,2.43,0.91,0.34,0.15,62,99.0,188,70,42.11,0.49,0.24,0.21,Nutrient Deficient
684.0,Sangli,1.84,1115.0,488,0.5,1.34,0.72,0.34,0.13,46,41.0,101,19,46.6,0.38,0.08,0.19,Nutrient Deficient
597.0,Sangli,1.37,1208.0,509,0.65,3.59,2.14,0.6,0.17,64,74.0,131,352,56.63,0.44,0.64,0.27,Toxicity Risk
3407.0,Sangli,1.57,1486.0,571,0.59,1.19,0.61,0.24,0.13,65,39.0,51,34,40.28,0.58,0.16,0.25,Nutrient Deficient
606.0,Pune,1.43,1109.0,703,0.91,4.35,1.89,0.48,0.14,259,170.0,178,260,47.66,0.71,0.68,0.57,Toxicity Risk
4116.0,Sangli,1.12,1205.0,593,0.45,2.54,1.17,0.49,0.17,96,180.0,59,36,44.71,0.51,0.44,0.19,Nutrient Deficient
4281.0,Pune,1.41,1045.0,595,0.65,1.42,1.1,0.44,0.13,106,84.0,85,33,40.56,0.61,0.43,0.21,Nutrient Deficient
1630.0,Sangli,0.89,998.0,708,0.4,2.23,1.32,0.61,0.14,49,104.0,115,36,46.84,0.51,0.28,0.21,Nutrient Deficient
3544.0,Sangli,1.46,997.0,977,0.32,3.98,1.05,0.39,0.14,49,65.0,165,34,56.7,0.43,0.47,0.39,Nutrient Deficient
1772.0,Sangli,1.96,1025.0,554,0.62,1.54,1.24,0.48,0.12,47,89.0,148,83,47.12,0.48,0.36,0.4,Nutrient Deficient
686.0,Sangli,1.23,980.0,343,0.56,1.53,0.95,0.41,0.13,48,47.0,124,48,45.74,0.52,0.2,0.26,Nutrient Deficient
1698.0,Sangli,2.07,1375.0,578,0.74,1.23,0.56,0.34,0.14,53,76.0,127,17,41.83,0.47,0.28,0.31,Nutrient Deficient
4095.0,Sangli,1.35,1310.0,661,0.35,2.11,1.81,0.42,0.12,59,124.0,75,15,53.78,0.41,0.39,0.43,Nutrient Deficient
817.0,Solapur,0.95,865.0,497,0.28,2.59,1.24,0.61,0.11,63,49.0,102,12,40.63,0.52,0.32,0.23,Nutrient Deficient
1567.0,Sangli,1.37,1296.0,592,0.32,1.81,1.85,0.52,0.13,66,86.0,81,46,50.12,0.47,0.37,0.28,Nutrient Deficient
2997.0,Sangli,1.69,1400.0,493,0.54,1.97,0.69,0.33,0.13,86,26.0,63,204,37.11,0.43,0.23,0.2,Nutrient Deficient
3844.0,Sangli,1.37,1058.0,578,0.37,3.13,1.85,0.69,0.17,104,171.0,150,17,51.17,0.46,0.38,0.28,Nutrient Deficient
4960.0,Solapur,1.43,854.0,678,0.27,1.15,0.93,0.35,0.17,42,102.0,179,18,48.2,0.49,0.22,0.31,Nutrient Deficient
4216.0,Pune,1.64,1197.0,512,0.32,2.36,0.9,0.26,0.13,69,82.0,77,31,44.01,0.43,0.25,0.28,Nutrient Deficient
2894.0,Sangli,1.53,1190.0,512,0.74,2.3,1.01,0.42,0.12,78,122.0,93,34,41.67,0.63,0.28,0.38,Nutrient Deficient
4916.0,Pune,1.15,1196.0,508,0.39,2.26,1.01,0.46,0.09,118,116.0,55,11,46.89,0.37,0.41,0.21,Nutrient Deficient
4237.0,Pune,1.29,1369.0,603,0.14,3.11,1.46,0.34,0.16,62,116.0,59,48,54.54,0.41,0.28,0.44,Nutrient Deficient
1852.0,Sangli,1.06,860.0,463,0.35,1.93,1.48,0.54,0.17,93,71.0,111,38,58.68,0.59,0.28,0.39,Nutrient Deficient
1502.0,Sangli,0.95,1120.0,288,0.41,3.1,1.09,0.47,0.16,94,41.0,110,208,56.17,0.43,0.21,0.19,Nutrient Deficient
1592.0,Sangli,1.29,708.0,674,0.35,2.04,0.89,0.4,0.16,64,255.0,150,59,46.11,0.47,0.43,0.43,Nutrient Deficient
2145.0,Sangli,2.09,1120.0,780,0.62,1.58,0.56,0.36,0.13,60,80.0,34,14,51.66,0.38,0.35,0.21,Nutrient Deficient
152.0,Solapur,1.48,1011.0,782,0.24,1.18,1.07,0.46,0.12,74,108.0,90,26,53.66,0.47,0.24,0.14,Nutrient Deficient
4432.0,Pune,1.69,1485.0,571,0.35,3.68,0.76,0.24,0.15,160,40.0,197,31,47.46,0.56,0.46,0.38,Nutrient Deficient
3372.0,Sangli,1.23,820.0,363,0.39,3.03,1.31,0.41,0.13,64,51.0,93,14,44.86,0.41,0.23,0.35,Nutrient Deficient
2242.0,Sangli,1.37,975.0,678,0.56,2.62,0.67,0.45,0.1,46,108.0,68,13,46.78,0.54,0.31,0.4,Nutrient Deficient
503.0,Sangli,1.43,1274.0,497,0.74,3.73,0.6,0.23,0.14,55,93.0,120,36,44.78,0.51,0.19,0.15,Nutrient Deficient
4163.0,Pune,1.68,1450.0,511,0.5,3.58,0.72,0.4,0.13,78,140.0,152,35,52.64,0.52,0.3,0.19,Nutrient Deficient
356.0,Sangli,1.16,1027.0,372,0.36,2.19,1.76,0.61,0.13,61,78.0,68,22,46.78,0.71,0.42,0.25,Nutrient Deficient
806.0,Sangli,1.34,1305.0,609,0.45,4.28,0.98,0.4,0.16,86,71.0,92,21,45.67,0.33,0.42,0.39,Nutrient Deficient
642.0,Pune,2.91,1314.0,393,0.64,4.27,0.7,0.39,0.14,69,33.0,68,12,40.63,0.44,0.46,0.57,Toxicity Risk
2475.0,Sangli,1.06,829.0,511,0.26,1.19,0.66,0.32,0.14,71,244.0,95,35,45.12,0.51,0.28,0.28,Nutrient Deficient
3428.0,Sangli,1.43,1304.0,556,0.49,2.44,0.65,0.46,0.15,62,56.0,66,10,41.78,0.43,0.25,0.39,Nutrient Deficient
2321.0,Sangli,1.07,840.0,578,0.54,3.03,1.65,0.43,0.13,72,163.0,109,11,54.17,0.33,0.32,0.39,Nutrient Deficient
440.0,Sangli,1.32,1034.0,574,0.31,3.54,1.52,0.51,0.17,67,120.0,119,52,44.12,0.43,0.36,0.19,Nutrient Deficient
2949.0,Sangli,1.74,1305.0,493,0.42,2.44,1.73,0.56,0.13,94,134.0,138,129,61.15,0.42,0.3,0.26,Nutrient Excess
2678.0,Sangli,1.01,995.0,453,0.44,3.2,1.21,0.35,0.15,62,106.0,205,23,44.01,0.49,0.44,0.58,Toxicity Risk
3862.0,Sangli,1.62,957.0,578,0.61,3.1,1.01,0.43,0.13,84,39.0,63,17,52.65,0.61,0.29,0.14,Nutrient Deficient
1808.0,Sangli,0.9,1150.0,463,0.46,3.29,1.51,0.59,0.15,55,176.0,156,38,34.59,0.54,0.19,0.28,Nutrient Deficient
1988.0,Sangli,1.27,1021.0,586,0.55,1.01,0.64,0.42,0.14,54,78.0,111,142,41.78,0.6,0.27,0.14,Nutrient Deficient
2125.0,Sangli,1.29,829.0,471,0.27,2.58,0.73,0.41,0.13,69,90.0,66,19,49.12,0.47,0.51,0.21,Toxicity Risk
1255.0,Sangli,1.0,725.0,612,0.2,1.84,1.3,0.41,0.13,70,90.0,113,17,47.18,0.44,0.29,0.23,Nutrient Deficient
4925.0,Pune,1.23,901.0,582,0.48,1.23,0.74,0.57,0.15,65,127.0,53,17,43.73,0.39,0.19,0.21,Nutrient Deficient
1756.0,Sangli,1.48,1207.0,497,0.26,1.8,1.79,0.45,0.16,93,79.0,66,37,50.63,0.47,0.32,0.41,Nutrient Deficient
2948.0,Sangli,1.35,1043.0,598,0.38,2.58,0.8,0.46,0.14,48,74.0,78,42,47.16,0.44,0.15,0.14,Nutrient Deficient
3918.0,Sangli,0.64,931.0,493,0.5,3.74,1.64,0.52,0.17,156,131.0,120,141,48.37,0.5,0.3,0.29,Nutrient Deficient
4829.0,Pune,1.18,1004.0,478,0.29,2.36,0.97,0.61,0.17,66,121.0,72,19,51.88,0.42,0.22,0.47,Nutrient Deficient
700.0,Sangli,1.23,1571.0,612,0.65,1.21,0.89,0.26,0.13,69,62.0,89,32,40.02,0.47,0.39,0.38,Nutrient Deficient
2008.0,Sangli,1.79,1071.0,512,0.38,1.83,1.49,0.53,0.12,61,36.0,54,12,42.94,0.47,0.19,0.18,Nutrient Deficient
2123.0,Sangli,1.85,1345.0,578,0.39,0.85,0.7,0.36,0.12,53,23.0,35,9,41.12,0.31,0.22,0.19,Nutrient Deficient
2518.0,Sangli,1.4,1044.0,716,0.4,2.35,1.09,0.51,0.1,73,43.0,77,36,60.41,0.43,0.22,0.14,Nutrient Deficient
2765.0,Sangli,1.27,874.0,669,0.77,3.27,1.14,0.43,0.13,109,67.0,51,357,51.66,0.46,0.23,0.21,Nutrient Deficient
3012.0,Sangli,1.46,1007.0,611,0.42,2.67,1.2,0.4,0.12,48,51.0,111,51,44.88,0.46,0.19,0.14,Nutrient Deficient
4298.0,Pune,1.34,1016.0,419,0.5,2.05,1.63,0.41,0.14,73,72.0,49,12,49.71,0.64,0.19,0.07,Nutrient Deficient
4339.0,Pune,0.95,897.0,385,0.3,1.03,1.31,0.6,0.13,65,63.0,54,24,42.76,0.41,0.13,0.12,Nutrient Deficient
402.0,Pune,1.27,1101.0,471,0.54,2.64,2.26,0.63,0.16,64,73.0,65,107,45.84,0.55,0.31,0.33,Nutrient Deficient
4945.0,Solapur,1.9,860.0,535,0.45,2.54,0.96,0.35,0.17,74,95.0,117,26,61.01,0.42,0.4,0.14,Nutrient Deficient
3390.0,Sangli,1.06,1085.0,512,0.28,2.34,1.09,0.43,0.12,88,84.0,85,12,54.14,0.43,0.18,0.21,Nutrient Deficient
3613.0,Sangli,0.84,922.0,474,0.62,2.11,1.15,0.33,0.15,66,68.0,138,53,43.7,0.43,0.39,0.14,Nutrient Deficient
1601.0,Sangli,1.06,1150.0,711,0.54,1.98,1.2,0.33,0.17,67,96.0,174,31,49.71,0.41,0.21,0.26,Nutrient Deficient
3776.0,Sangli,1.06,1110.0,689,0.48,2.54,1.4,0.39,0.16,64,159.0,123,72,52.18,0.46,0.26,0.33,Nutrient Deficient
5088.0,Solapur,1.17,974.0,466,0.25,1.13,0.67,0.3,0.13,48,84.0,171,11,45.89,0.39,0.41,0.45,Nutrient Deficient
495.0,Pune,1.53,1173.0,393,0.47,3.11,1.01,0.41,0.15,81,46.0,59,25,49.12,0.59,0.39,0.31,Nutrient Deficient
4017.0,Sangli,1.62,997.0,598,0.28,2.2,1.34,0.46,0.13,55,61.0,60,12,54.63,0.46,0.28,0.31,Nutrient Deficient
1819.0,Sangli,1.32,810.0,581,0.44,2.0,1.09,0.51,0.12,81,69.0,152,118,41.71,0.57,0.29,0.28,Balanced / Optimal
1806.0,Sangli,1.28,1019.0,489,0.39,2.84,1.06,0.5,0.14,100,146.0,105,18,51.66,0.47,0.19,0.27,Nutrient Deficient
347.0,Sangli,1.11,1012.0,684,0.39,2.7,1.05,0.56,0.16,77,113.0,126,35,49.76,0.43,0.24,0.19,Nutrient Deficient
2823.0,Sangli,1.74,1341.0,788,0.5,2.22,0.61,0.37,0.13,75,67.0,158,185,41.57,0.47,0.18,0.15,Nutrient Deficient
4873.0,Pune,1.46,1187.0,678,0.14,1.86,0.71,0.29,0.17,181,86.0,48,14,63.24,0.46,0.19,0.21,Nutrient Deficient
2485.0,Sangli,1.43,1254.0,418,0.39,3.01,1.51,0.64,0.15,69,130.0,114,59,40.74,0.49,0.37,0.28,Nutrient Deficient
2080.0,Sangli,1.16,1285.0,484,0.19,3.31,0.68,0.3,0.16,91,95.0,76,69,54.11,0.6,0.32,0.29,Nutrient Deficient
1297.0,Sangli,1.32,1174.0,556,0.32,2.93,0.84,0.49,0.13,90,208.0,116,53,51.18,0.51,0.38,0.25,Nutrient Deficient
657.0,Pune,1.0,995.0,424,0.37,1.73,2.07,0.31,0.15,109,55.0,122,65,39.74,0.43,0.21,0.21,Nutrient Deficient
3823.0,Sangli,2.18,1190.0,749,0.25,2.16,0.64,0.3,0.15,56,232.0,125,20,43.76,0.41,0.26,0.31,Nutrient Deficient
1537.0,Sangli,1.01,955.0,388,0.48,3.04,0.79,0.4,0.14,97,52.0,66,26,46.11,0.47,0.24,0.24,Nutrient Deficient
3602.0,Sangli,1.74,1162.0,711,0.76,2.52,0.56,0.24,0.1,46,120.0,83,12,51.64,0.46,0.29,0.18,Nutrient Deficient
1675.0,Sangli,1.06,905.0,512,0.35,2.74,1.18,0.53,0.13,87,160.0,54,26,46.09,0.47,0.32,0.25,Nutrient Deficient
382.0,Sangli,1.48,1215.0,711,0.65,2.99,1.47,0.53,0.14,57,70.0,95,33,46.17,0.37,0.39,0.19,Nutrient Excess
4472.0,Pune,1.62,1245.0,511,0.56,2.86,0.63,0.34,0.1,65,74.0,47,107,42.73,0.47,0.28,0.19,Nutrient Deficient
4197.0,Pune,1.21,948.0,471,0.46,2.82,0.97,0.41,0.1,97,104.0,44,45,50.39,0.51,0.19,0.14,Nutrient Deficient
3983.0,Sangli,1.69,1280.0,417,0.3,3.74,1.21,0.47,0.17,78,85.0,98,20,51.66,0.5,0.4,0.27,Nutrient Deficient
2320.0,Sangli,1.29,1207.0,612,0.5,3.29,1.79,0.67,0.18,79,61.0,97,373,53.61,0.38,0.75,0.39,Toxicity Risk
4447.0,Pune,1.7,1434.0,470,0.76,3.5,1.64,0.61,0.15,73,37.0,49,40,65.2,0.47,0.4,0.33,Nutrient Excess
5168.0,Solapur,1.54,864.0,513,0.26,3.37,0.69,0.24,0.12,80,69.0,86,17,45.85,0.47,0.47,0.35,Nutrient Deficient
2446.0,Sangli,1.79,1175.0,671,0.32,2.97,0.91,0.39,0.14,58,51.0,99,39,41.78,0.48,0.32,0.21,Nutrient Deficient
3423.0,Sangli,1.32,1102.0,709,0.32,3.63,1.49,0.51,0.14,75,88.0,56,12,47.64,0.47,0.23,0.31,Nutrient Deficient
579.0,Sangli,1.53,1367.0,618,0.67,3.14,2.03,0.62,0.23,167,182.0,178,283,51.66,0.51,0.21,0.27,Nutrient Excess
3627.0,Sangli,1.64,1182.0,711,0.28,2.41,1.23,0.53,0.12,73,84.0,104,10,57.82,0.47,0.38,0.19,Nutrient Deficient
3965.0,Sangli,1.06,1400.0,418,0.43,3.33,0.89,0.36,0.15,55,99.0,89,25,51.78,0.43,0.32,0.24,Nutrient Deficient
1071.0,Sangli,1.96,1470.0,912,0.48,3.85,0.99,0.42,0.13,75,119.0,114,18,52.18,0.51,0.28,0.28,Nutrient Deficient
2844.0,Sangli,1.32,1250.0,826,0.3,2.58,1.12,0.43,0.16,245,148.0,95,11,50.92,0.56,0.3,0.29,Nutrient Deficient
5063.0,Solapur,1.82,1413.0,914,0.42,1.54,1.14,0.55,0.13,74,196.0,187,43,42.57,0.43,0.29,0.19,Balanced / Optimal
3208.0,Sangli,1.11,1261.0,407,0.42,1.92,1.49,0.48,0.14,67,85.0,96,38,48.32,0.46,0.3,0.15,Nutrient Deficient
279.0,Sangli,1.69,1296.0,418,0.24,1.12,1.25,0.49,0.12,75,61.0,127,55,44.01,0.57,0.13,0.2,Nutrient Deficient
1159.0,Sangli,1.29,880.0,672,0.31,3.95,1.49,0.55,0.16,76,95.0,218,94,49.17,0.51,0.47,0.28,Nutrient Deficient
946.0,Pune,0.95,1293.0,411,0.22,2.87,1.05,0.3,0.14,84,254.0,104,40,53.03,0.49,0.42,0.35,Nutrient Deficient
5079.0,Solapur,0.8,941.0,376,0.49,1.48,0.98,0.29,0.1,73,26.0,75,17,42.42,0.45,0.31,0.41,Nutrient Deficient
792.0,Sangli,2.18,1345.0,625,0.56,2.64,0.9,0.47,0.13,69,158.0,135,23,52.64,0.36,0.47,0.47,Nutrient Deficient
4605.0,Pune,1.69,1444.0,711,0.56,2.82,1.69,0.72,0.17,51,44.0,103,90,46.12,0.54,0.3,0.31,Nutrient Excess
2245.0,Sangli,1.12,756.0,380,0.44,2.24,1.93,0.69,0.15,66,71.0,109,129,53.66,0.48,0.3,0.19,Nutrient Deficient
4495.0,Pune,1.32,1019.0,588,0.54,2.04,0.63,0.4,0.13,71,40.0,50,24,43.78,0.51,0.41,0.21,Nutrient Deficient
1377.0,Sangli,1.02,827.0,518,0.65,3.57,1.17,0.47,0.16,68,88.0,106,70,52.64,0.61,0.24,0.16,Nutrient Deficient
3712.0,Sangli,0.9,846.0,372,0.31,1.8,2.41,0.54,0.12,69,96.0,81,32,57.83,0.46,0.25,0.34,Nutrient Deficient
2262.0,Sangli,1.86,1020.0,471,0.42,1.75,0.72,0.37,0.13,47,51.0,98,18,41.54,0.46,0.18,0.35,Nutrient Deficient
2836.0,Sangli,1.44,1190.0,412,0.57,1.41,0.84,0.41,0.14,45,84.0,85,226,48.05,0.62,0.16,0.07,Nutrient Deficient
4590.0,Pune,1.43,1426.0,512,0.5,4.23,0.74,0.4,0.14,119,90.0,73,12,44.62,0.47,0.47,0.58,Toxicity Risk
1012.0,Sangli,1.9,1500.0,601,0.43,1.66,1.09,0.46,0.15,56,82.0,93,12,51.17,0.47,0.05,0.28,Nutrient Deficient
4091.0,Sangli,1.43,1196.0,625,0.26,3.31,0.69,0.28,0.16,91,78.0,78,12,43.64,0.44,0.24,0.17,Nutrient Deficient
4844.0,Pune,1.85,1500.0,453,0.51,2.58,0.61,0.31,0.13,47,52.0,70,16,40.56,0.41,0.16,0.28,Nutrient Deficient
3185.0,Sangli,2.18,1470.0,408,0.27,3.25,1.07,0.53,0.16,71,101.0,77,41,50.92,0.59,0.22,0.19,Nutrient Deficient
919.0,Pune,1.51,1480.0,667,0.5,3.6,0.67,0.34,0.17,74,118.0,185,83,54.69,0.43,0.33,0.43,Nutrient Deficient
2636.0,Sangli,1.06,1008.0,611,0.37,1.64,0.87,0.51,0.13,107,91.0,95,38,50.78,0.64,0.1,0.19,Nutrient Deficient
1474.0,Sangli,1.27,755.0,509,0.44,1.73,1.06,0.37,0.15,65,248.0,132,57,43.66,0.57,0.23,0.39,Nutrient Deficient
1983.0,Sangli,1.85,1027.0,511,0.46,2.66,1.11,0.47,0.13,81,99.0,102,25,44.94,0.39,0.47,0.4,Nutrient Deficient
3723.0,Sangli,1.69,1460.0,478,0.42,1.97,1.49,0.6,0.13,195,52.0,76,16,46.81,0.37,0.31,0.14,Balanced / Optimal
925.0,Sangli,1.29,1280.0,617,0.33,3.63,1.64,0.58,0.16,63,162.0,103,10,41.69,0.42,0.48,0.28,Nutrient Deficient
271.0,Sangli,1.11,860.0,567,0.34,2.16,1.17,0.6,0.12,80,102.0,116,8,41.78,0.61,0.23,0.35,Nutrient Deficient
330.0,Sangli,1.43,1196.0,423,0.6,1.78,1.76,0.52,0.17,54,37.0,95,30,50.09,0.34,0.42,0.27,Balanced / Optimal
896.0,Sangli,1.15,1362.0,714,0.28,1.29,1.19,0.4,0.16,46,98.0,75,37,52.11,0.51,0.32,0.29,Nutrient Deficient
981.0,Pune,1.18,1485.0,667,0.34,3.04,0.98,0.42,0.14,113,69.0,91,31,53.78,0.51,0.31,0.21,Nutrient Deficient
23.0,Sangli,1.8,1213.0,613,0.54,2.22,1.17,0.41,0.12,171,101.0,51,16,51.66,0.47,0.4,0.26,Nutrient Deficient
2244.0,Sangli,1.64,991.0,912,0.53,2.47,0.76,0.2,0.16,49,66.0,95,13,50.67,0.4,0.19,0.21,Nutrient Deficient
573.0,Sangli,1.48,1213.0,711,0.59,1.56,1.58,0.67,0.18,69,154.0,113,208,45.11,0.5,0.21,0.17,Balanced / Optimal
4028.0,Sangli,1.32,1115.0,471,0.42,2.42,1.09,0.48,0.14,75,64.0,89,18,49.71,0.5,0.24,0.19,Nutrient Deficient
389.0,Sangli,1.53,1207.0,554,0.35,2.64,0.81,0.4,0.2,68,261.0,63,12,40.71,0.52,0.31,0.23,Nutrient Deficient
4744.0,Pune,1.68,807.0,418,0.36,2.72,0.66,0.15,0.11,76,122.0,45,17,44.63,0.56,0.47,0.28,Nutrient Deficient
2126.0,Sangli,1.48,1264.0,564,0.46,2.84,1.07,0.39,0.14,58,163.0,143,42,43.26,0.44,0.27,0.26,Nutrient Deficient
4814.0,Pune,1.69,1509.0,518,0.36,3.61,0.97,0.41,0.15,91,310.0,99,51,45.87,0.37,0.46,0.35,Nutrient Deficient
3699.0,Sangli,1.85,1050.0,618,0.3,1.47,1.44,0.66,0.16,67,62.0,43,20,41.65,0.47,0.31,0.15,Nutrient Deficient
1509.0,Sangli,1.53,1169.0,711,0.55,1.58,0.58,0.39,0.13,283,159.0,191,21,43.71,0.53,0.28,0.26,Nutrient Deficient
4242.0,Pune,1.29,994.0,570,0.52,2.95,0.92,0.61,0.1,38,69.0,67,12,81.04,0.54,0.22,0.31,Nutrient Deficient
2016.0,Sangli,1.34,1480.0,488,0.2,1.95,0.88,0.26,0.14,45,40.0,89,43,61.17,0.41,0.32,0.14,Nutrient Deficient
334.0,Sangli,0.9,857.0,312,0.37,1.56,1.16,0.62,0.12,62,122.0,104,72,53.66,0.63,0.28,0.21,Nutrient Deficient
902.0,Sangli,1.4,1495.0,512,0.55,3.34,0.86,0.32,0.14,61,173.0,194,46,58.12,0.51,0.27,0.43,Nutrient Deficient
2673.0,Sangli,1.69,1599.0,711,0.39,3.64,0.6,0.5,0.14,71,46.0,118,21,49.12,0.43,0.27,0.21,Nutrient Deficient
92.0,Solapur,0.78,1235.0,425,0.5,2.5,0.75,0.45,0.14,130,82.0,88,29,48.33,0.71,0.26,0.14,Nutrient Deficient
3453.0,Sangli,1.12,1185.0,769,0.38,2.39,0.69,0.66,0.13,111,82.0,61,12,50.78,0.52,0.24,0.19,Nutrient Deficient
313.0,Sangli,1.48,1215.0,517,0.45,2.03,1.07,0.51,0.13,72,46.0,93,26,42.51,0.5,0.35,0.27,Balanced / Optimal
974.0,Solapur,1.06,1450.0,678,0.26,2.85,1.17,0.44,0.16,79,85.0,167,15,51.67,0.49,0.38,0.35,Nutrient Deficient
3992.0,Sangli,1.06,1215.0,693,0.52,3.31,1.62,0.79,0.14,84,112.0,129,71,61.17,0.67,0.36,0.35,Nutrient Deficient
3153.0,Sangli,1.16,960.0,712,0.4,2.78,0.66,0.27,0.13,57,114.0,88,57,44.87,0.43,0.41,0.35,Nutrient Deficient
1343.0,Sangli,1.4,1191.0,667,0.52,2.66,0.81,0.53,0.16,54,54.0,171,32,44.63,0.43,0.4,0.26,Nutrient Excess
1661.0,Sangli,1.12,800.0,543,0.67,1.92,1.29,0.46,0.16,63,90.0,94,23,39.94,0.4,0.28,0.28,Nutrient Deficient
5131.0,Solapur,1.47,997.0,703,0.23,1.63,1.17,0.42,0.12,87,97.0,114,10,46.93,0.42,0.31,0.48,Nutrient Deficient
662.0,Sangli,1.48,975.0,409,0.34,1.44,0.67,0.36,0.14,60,55.0,54,26,49.71,0.47,0.3,0.12,Nutrient Deficient
3444.0,Sangli,1.88,1416.0,404,0.32,1.65,0.68,0.3,0.13,60,48.0,106,18,39.56,0.44,0.22,0.14,Nutrient Deficient
2981.0,Sangli,1.54,986.0,913,0.68,1.59,0.81,0.56,0.15,42,54.0,71,90,51.12,0.47,0.22,0.24,Balanced / Optimal
3680.0,Sangli,1.12,947.0,517,0.78,2.78,1.77,0.63,0.17,88,86.0,119,37,48.47,0.49,0.34,0.14,Nutrient Deficient
532.0,Sangli,1.37,1079.0,625,0.16,2.45,1.43,0.67,0.13,92,111.0,88,61,57.82,0.39,0.17,0.24,Nutrient Deficient
3241.0,Sangli,1.48,812.0,460,0.63,3.27,1.06,0.6,0.14,84,56.0,84,49,39.64,0.48,0.34,0.21,Nutrient Excess
1584.0,Sangli,1.0,1047.0,493,0.53,2.05,1.03,0.56,0.12,48,50.0,89,232,48.16,0.44,0.21,0.21,Nutrient Deficient
3799.0,Sangli,1.18,1298.0,714,0.29,3.88,1.48,0.36,0.16,85,80.0,217,20,54.62,0.42,0.34,0.35,Nutrient Deficient
2756.0,Sangli,1.06,924.0,777,0.44,3.44,2.5,0.74,0.17,92,254.0,162,274,51.74,0.52,0.43,0.27,Nutrient Deficient
3810.0,Sangli,1.53,1366.0,412,0.32,1.66,1.02,0.41,0.16,56,172.0,151,82,54.66,0.48,0.18,0.14,Nutrient Deficient
685.0,Sangli,1.73,1505.0,556,0.57,1.71,0.59,0.24,0.11,66,53.0,114,20,43.15,0.34,0.1,0.19,Nutrient Deficient
1036.0,Sangli,1.62,1400.0,690,0.38,3.7,1.14,0.28,0.13,83,75.0,117,11,56.66,0.53,0.31,0.28,Nutrient Deficient
4313.0,Pune,1.23,1460.0,488,0.53,2.71,2.31,0.59,0.13,120,323.0,160,34,42.32,0.53,0.49,0.5,Toxicity Risk
830.0,Sangli,1.12,1163.0,698,0.58,3.24,0.63,0.43,0.13,66,88.0,63,24,46.74,0.44,0.45,0.39,Nutrient Deficient
3245.0,Sangli,1.4,997.0,604,0.65,2.65,0.7,0.52,0.13,55,56.0,111,19,40.02,0.5,0.31,0.26,Nutrient Deficient
3195.0,Sangli,1.06,1017.0,692,0.43,1.67,0.79,0.51,0.13,45,51.0,42,8,50.63,0.47,0.19,0.31,Nutrient Deficient
1406.0,Sangli,1.32,1094.0,416,0.41,2.95,1.01,0.46,0.15,53,84.0,85,23,40.86,0.39,0.46,0.39,Nutrient Deficient
3064.0,Sangli,0.76,996.0,492,0.37,2.35,1.09,0.47,0.17,166,101.0,59,18,49.88,0.71,0.19,0.07,Nutrient Deficient
4754.0,Pune,1.59,1272.0,795,0.56,2.3,0.66,0.39,0.14,54,44.0,68,19,47.66,0.37,0.41,0.25,Nutrient Deficient
1333.0,Sangli,1.16,663.0,433,0.46,1.24,1.12,0.41,0.1,62,26.0,85,29,50.01,0.61,0.19,0.07,Nutrient Deficient
2447.0,Sangli,1.22,1296.0,912,0.64,3.31,1.57,0.6,0.14,87,55.0,87,93,51.66,0.42,0.29,0.16,Nutrient Deficient
2879.0,Sangli,1.06,1207.0,474,0.56,3.03,2.02,0.67,0.1,55,91.0,164,53,41.66,0.53,0.48,0.26,Nutrient Deficient
3911.0,Sangli,1.69,1470.0,612,0.2,1.21,0.59,0.37,0.12,61,185.0,63,12,43.71,0.41,0.36,0.4,Nutrient Deficient
3435.0,Sangli,1.53,1207.0,365,0.49,2.96,1.37,0.56,0.16,92,46.0,117,283,56.9,0.51,0.27,0.16,Nutrient Excess
1394.0,Sangli,1.34,1502.0,678,0.41,1.51,1.12,0.44,0.1,51,136.0,149,47,50.74,0.49,0.22,0.5,Toxicity Risk
4396.0,Pune,1.37,1075.0,646,0.3,2.72,0.63,0.51,0.12,51,186.0,55,52,53.85,0.38,0.22,0.13,Nutrient Deficient
4505.0,Pune,1.06,1244.0,750,0.39,1.84,1.03,0.43,0.16,64,73.0,70,22,61.17,0.66,0.4,0.28,Nutrient Deficient
189.0,Sangli,1.21,857.0,618,0.36,1.87,1.34,0.46,0.1,51,67.0,51,17,56.96,0.58,0.27,0.15,Nutrient Deficient
5120.0,Solapur,1.42,1072.0,886,0.5,2.32,0.71,0.29,0.17,68,142.0,99,48,50.81,0.47,0.34,0.14,Nutrient Deficient
1678.0,Sangli,1.43,1413.0,613,0.45,3.03,0.63,0.23,0.15,47,65.0,88,190,45.73,0.33,0.36,0.39,Nutrient Deficient
1074.0,Sangli,1.29,1385.0,702,0.4,3.2,1.35,0.37,0.14,92,62.0,120,31,56.17,0.52,0.41,0.35,Nutrient Deficient
3254.0,Sangli,1.07,756.0,492,0.48,1.64,0.59,0.39,0.13,47,45.0,106,29,49.19,0.41,0.32,0.15,Nutrient Deficient
546.0,Sangli,1.48,1102.0,769,0.76,3.15,0.94,0.41,0.13,50,109.0,137,129,44.01,0.47,0.23,0.19,Nutrient Deficient
2631.0,Sangli,1.4,1290.0,581,0.32,3.88,1.41,0.39,0.15,92,178.0,231,95,46.06,0.44,0.49,0.31,Nutrient Deficient
5072.0,Solapur,0.95,849.0,493,0.54,3.53,1.12,0.37,0.13,80,29.0,61,48,41.68,0.54,0.26,0.14,Nutrient Deficient
5122.0,Solapur,1.01,1244.0,510,0.33,2.37,1.06,0.57,0.14,128,63.0,100,76,41.72,0.42,0.32,0.43,Nutrient Deficient
2853.0,Sangli,1.43,839.0,398,0.38,2.16,0.95,0.43,0.16,62,47.0,94,67,50.11,0.47,0.25,0.16,Nutrient Deficient
4229.0,Pune,1.79,1150.0,1554,0.29,1.74,0.99,0.43,0.14,101,104.0,205,103,43.76,0.47,0.47,0.16,Nutrient Deficient
301.0,Sangli,1.0,995.0,571,0.18,2.3,1.41,0.61,0.16,75,145.0,156,33,46.12,0.53,0.28,0.17,Nutrient Deficient
404.0,Sangli,1.06,963.0,312,0.61,2.97,1.58,0.49,0.17,65,125.0,63,232,44.71,0.66,0.35,0.31,Nutrient Deficient
1733.0,Sangli,1.06,1069.0,693,0.43,1.43,1.48,0.54,0.14,81,172.0,80,14,49.12,0.5,0.39,0.43,Nutrient Deficient
5068.0,Solapur,1.02,836.0,708,0.42,2.07,0.9,0.45,0.13,71,51.0,102,25,40.32,0.47,0.23,0.21,Nutrient Deficient
3142.0,Sangli,0.9,874.0,556,0.35,3.19,1.72,0.46,0.13,112,142.0,39,67,51.66,0.5,0.21,0.29,Nutrient Deficient
783.0,Sangli,1.23,860.0,512,0.57,1.52,0.6,0.33,0.12,49,40.0,104,12,41.34,0.44,0.39,0.23,Nutrient Deficient
3802.0,Sangli,1.62,863.0,453,0.6,1.39,1.16,0.41,0.13,51,82.0,78,237,43.48,0.71,0.24,0.17,Nutrient Deficient
203.0,Sangli,1.0,917.0,912,0.46,2.42,0.72,0.36,0.13,67,76.0,142,16,46.12,0.48,0.27,0.21,Nutrient Deficient
1007.0,Pune,1.79,1210.0,607,0.49,1.09,1.17,0.64,0.17,113,116.0,160,14,49.67,0.44,0.46,0.4,Nutrient Deficient
1063.0,Pune,1.29,1185.0,611,0.22,1.8,1.8,0.74,0.16,93,75.0,198,13,55.61,0.53,0.47,0.33,Nutrient Deficient
4599.0,Pune,1.32,1153.0,471,0.32,2.75,2.65,0.74,0.13,83,140.0,127,102,50.9,0.43,0.35,0.2,Nutrient Deficient
5116.0,Solapur,1.35,1057.0,711,0.45,1.09,0.47,0.18,0.13,67,85.0,96,25,38.65,0.42,0.52,0.27,Toxicity Risk
4044.0,Sangli,1.12,1207.0,471,0.34,3.1,2.03,0.79,0.14,118,49.0,147,42,56.32,0.56,0.38,0.21,Nutrient Deficient
2029.0,Sangli,1.48,997.0,692,0.47,3.98,0.84,0.49,0.13,73,135.0,134,48,51.67,0.46,0.46,0.43,Nutrient Deficient
1073.0,Sangli,1.74,1180.0,618,0.42,2.96,0.9,0.32,0.14,49,89.0,98,27,55.12,0.53,0.4,0.21,Nutrient Deficient
285.0,Pune,1.06,886.0,412,0.29,2.06,2.07,0.46,0.1,83,65.0,83,17,51.71,0.43,0.27,0.16,Nutrient Deficient
1251.0,Sangli,0.95,959.0,703,0.3,2.52,1.29,0.41,0.13,65,85.0,127,20,54.12,0.47,0.32,0.35,Nutrient Deficient
4201.0,Pune,1.38,1190.0,624,0.5,2.54,1.04,0.63,0.11,134,342.0,153,26,48.8,0.61,0.46,0.43,Nutrient Excess
3571.0,Sangli,0.89,806.0,712,0.25,2.97,1.7,0.67,0.12,72,170.0,129,335,61.17,0.61,0.38,0.32,Nutrient Deficient
693.0,Sangli,1.9,1278.0,612,0.59,2.16,0.87,0.39,0.13,64,43.0,144,28,40.12,0.47,0.49,0.32,Nutrient Deficient
1773.0,Sangli,0.72,825.0,419,0.41,2.05,1.64,0.61,0.1,41,122.0,70,187,52.18,0.41,0.22,0.21,Nutrient Deficient
5011.0,Solapur,1.57,1256.0,519,0.57,2.75,0.95,0.49,0.17,72,108.0,94,51,53.16,0.47,0.42,0.39,Nutrient Deficient
3854.0,Sangli,0.95,1102.0,624,0.72,1.62,1.25,0.59,0.15,68,76.0,93,60,54.81,0.42,0.27,0.36,Nutrient Deficient
3938.0,Sangli,1.95,1296.0,574,0.55,2.85,0.81,0.39,0.16,73,51.0,118,26,46.6,0.37,0.48,0.39,Nutrient Deficient
5194.0,Solapur,1.9,964.0,797,0.65,2.9,0.66,0.28,0.17,65,80.0,68,20,52.64,0.7,0.21,0.09,Nutrient Deficient
1324.0,Sangli,1.0,895.0,871,0.36,2.39,0.85,0.65,0.15,66,177.0,135,24,49.17,0.4,0.34,0.21,Nutrient Deficient
2725.0,Sangli,1.06,1044.0,673,0.48,1.99,0.76,0.31,0.14,69,68.0,78,12,47.12,0.53,0.22,0.31,Nutrient Deficient
3820.0,Sangli,1.12,1150.0,494,0.38,2.4,1.31,0.38,0.15,61,110.0,194,24,47.63,0.46,0.28,0.17,Nutrient Deficient
1435.0,Sangli,1.64,1490.0,517,0.48,3.73,1.23,0.41,0.16,76,112.0,93,38,50.11,0.44,0.48,0.28,Nutrient Deficient
4272.0,Pune,1.06,1243.0,603,0.37,1.41,1.44,0.44,0.13,83,73.0,101,28,47.76,0.51,0.36,0.35,Nutrient Deficient
3235.0,Sangli,0.89,891.0,554,0.25,2.08,2.19,0.57,0.12,118,131.0,105,52,50.92,0.47,0.21,0.39,Nutrient Deficient
2633.0,Sangli,1.23,820.0,395,0.63,2.7,0.99,0.37,0.12,49,48.0,26,33,49.77,0.52,0.27,0.19,Nutrient Deficient
1720.0,Sangli,0.79,754.0,425,0.35,2.27,1.48,0.43,0.16,74,98.0,117,21,49.19,0.43,0.15,0.16,Nutrient Deficient
1962.0,Sangli,0.84,820.0,533,0.41,1.77,1.15,0.51,0.15,56,84.0,59,12,55.7,0.71,0.26,0.19,Nutrient Deficient
5049.0,Solapur,0.95,913.0,613,0.26,1.8,0.97,0.45,0.16,58,47.0,176,40,51.78,0.42,0.21,0.21,Nutrient Deficient
4308.0,Pune,0.84,1020.0,536,0.19,1.44,0.94,0.44,0.16,65,41.0,68,10,75.72,0.61,0.43,0.14,Nutrient Deficient
2011.0,Sangli,1.4,1097.0,682,0.4,1.51,1.35,0.47,0.14,90,59.0,68,12,47.71,0.59,0.26,0.35,Nutrient Deficient
1011.0,Sangli,1.46,815.0,512,0.42,1.06,1.12,0.36,0.14,68,54.0,90,13,54.66,0.44,0.11,0.07,Nutrient Deficient
863.0,Sangli,1.29,1475.0,692,0.38,1.74,1.07,0.4,0.12,57,72.0,100,16,41.78,0.41,0.32,0.5,Toxicity Risk
3875.0,Sangli,1.62,1096.0,511,0.71,3.72,1.78,0.55,0.15,60,91.0,94,51,40.02,0.43,0.48,0.34,Nutrient Excess
1553.0,Sangli,1.73,1218.0,816,0.32,1.59,0.84,0.34,0.13,90,123.0,97,22,39.74,0.36,0.46,0.24,Nutrient Deficient
658.0,Pune,1.23,1018.0,397,0.36,2.98,2.22,0.56,0.13,87,154.0,132,78,40.12,0.42,0.27,0.25,Nutrient Deficient
1732.0,Sangli,2.02,1215.0,508,0.36,1.23,0.91,0.31,0.11,49,108.0,86,11,49.12,0.58,0.19,0.15,Nutrient Deficient
3852.0,Sangli,1.79,957.0,816,0.56,2.71,0.84,0.36,0.16,47,231.0,167,65,49.68,0.41,0.38,0.18,Nutrient Deficient
4149.0,Pune,1.29,807.0,460,0.35,1.88,1.16,0.3,0.13,62,53.0,128,63,68.9,0.43,0.35,0.19,Nutrient Deficient
4639.0,Pune,1.53,1173.0,467,0.64,3.95,0.9,0.52,0.13,69,41.0,48,12,47.11,0.41,0.52,0.26,Toxicity Risk
3216.0,Sangli,0.9,1194.0,512,0.38,2.78,2.02,0.62,0.14,98,193.0,162,74,51.64,0.52,0.43,0.28,Nutrient Deficient
3076.0,Sangli,1.69,1491.0,494,0.62,3.77,1.51,0.5,0.1,382,47.0,184,29,41.88,0.47,0.32,0.55,Toxicity Risk
3327.0,Sangli,1.12,1111.0,718,0.42,3.71,1.71,0.63,0.15,72,263.0,107,60,54.63,0.51,0.25,0.26,Nutrient Deficient
5052.0,Solapur,1.53,1035.0,805,0.65,3.39,1.1,0.57,0.15,54,166.0,127,19,49.98,0.51,0.28,0.35,Nutrient Excess
2534.0,Sangli,1.06,1028.0,471,0.38,2.0,0.99,0.47,0.16,87,39.0,79,211,50.12,0.48,0.42,0.21,Nutrient Deficient
2783.0,Sangli,2.24,1126.0,688,0.46,3.22,0.74,0.44,0.14,64,91.0,111,14,48.97,0.56,0.2,0.27,Nutrient Deficient
3125.0,Sangli,1.12,1110.0,716,0.25,1.35,1.09,0.54,0.12,40,99.0,59,48,46.11,0.42,0.2,0.19,Nutrient Deficient
748.0,Solapur,1.22,1075.0,613,0.49,2.74,0.97,0.22,0.13,46,27.0,102,19,42.11,0.43,0.27,0.38,Nutrient Deficient
3761.0,Sangli,1.0,1208.0,412,0.26,1.65,0.92,0.37,0.1,99,46.0,155,61,60.69,0.47,0.23,0.35,Nutrient Deficient
1670.0,Sangli,1.01,897.0,391,0.74,2.28,1.18,0.39,0.19,65,52.0,77,32,48.11,0.41,0.4,0.16,Nutrient Deficient
819.0,Solapur,1.34,820.0,518,0.21,2.45,1.14,0.55,0.17,59,56.0,127,11,46.67,0.39,0.29,0.39,Nutrient Deficient
754.0,Sangli,2.07,1365.0,677,0.56,2.4,0.56,0.32,0.13,278,95.0,86,23,42.63,0.38,0.24,0.1,Nutrient Deficient
4408.0,Pune,1.79,1017.0,693,0.51,1.23,0.89,0.53,0.12,57,65.0,51,38,56.18,0.45,0.22,0.21,Balanced / Optimal
3781.0,Sangli,1.12,1040.0,543,0.25,3.21,1.7,0.44,0.15,56,50.0,58,28,46.81,0.51,0.19,0.23,Nutrient Deficient
5203.0,Solapur,1.17,841.0,488,0.24,1.0,1.03,0.57,0.14,75,192.0,89,106,61.25,0.54,0.23,0.21,Nutrient Deficient
4507.0,Pune,1.23,1195.0,582,0.38,2.84,0.74,0.17,0.11,78,178.0,85,50,40.63,0.39,0.29,0.49,Nutrient Deficient
4275.0,Pune,0.95,1284.0,612,0.51,3.58,1.71,0.77,0.17,50,65.0,59,12,49.12,0.64,0.46,0.43,Nutrient Deficient
4073.0,Sangli,1.23,871.0,674,0.47,4.3,0.87,0.4,0.15,53,154.0,107,16,54.73,0.41,0.43,0.23,Nutrient Deficient
4334.0,Pune,1.06,1055.0,407,0.38,3.5,1.82,0.51,0.2,57,140.0,65,54,50.12,0.51,0.47,0.21,Nutrient Deficient
4841.0,Pune,1.78,1480.0,720,0.56,2.3,0.69,0.63,0.12,136,310.0,71,42,74.17,0.71,0.15,0.43,Nutrient Deficient
707.0,Solapur,1.9,1005.0,467,0.61,2.31,0.46,0.17,0.16,42,47.0,123,24,37.88,0.49,0.37,0.45,Nutrient Deficient
1452.0,Sangli,1.06,945.0,471,0.29,3.9,1.32,0.58,0.17,136,219.0,88,61,51.66,0.71,0.24,0.14,Nutrient Deficient
4849.0,Pune,1.34,1293.0,780,0.38,1.24,1.17,0.66,0.14,141,218.0,131,19,43.67,0.53,0.43,0.32,Nutrient Deficient
1252.0,Sangli,1.29,997.0,564,0.57,2.78,0.59,0.27,0.13,67,31.0,86,32,50.1,0.47,0.15,0.16,Nutrient Deficient
4399.0,Pune,0.9,857.0,604,0.14,1.99,0.99,0.46,0.13,83,140.0,58,15,46.12,0.47,0.26,0.28,Nutrient Deficient
2972.0,Sangli,0.95,947.0,398,0.34,1.9,1.06,0.47,0.1,81,186.0,53,51,49.88,0.54,0.23,0.21,Nutrient Deficient
2332.0,Sangli,1.32,1193.0,419,0.15,1.93,0.78,0.45,0.15,70,71.0,76,17,50.78,0.47,0.15,0.21,Nutrient Deficient
1736.0,Sangli,1.69,785.0,896,0.64,3.8,0.73,0.39,0.15,57,88.0,125,13,53.66,0.5,0.27,0.16,Nutrient Deficient
3733.0,Sangli,1.53,1196.0,492,0.51,2.56,0.82,0.28,0.13,101,111.0,119,52,41.62,0.43,0.29,0.24,Nutrient Deficient
800.0,Solapur,1.57,915.0,666,0.46,2.67,0.83,0.41,0.15,86,203.0,124,19,52.64,0.47,0.5,0.39,Toxicity Risk
2460.0,Sangli,1.51,1072.0,516,0.43,1.27,1.07,0.58,0.13,72,61.0,65,57,48.28,0.54,0.25,0.18,Balanced / Optimal
28.0,Sangli,1.37,997.0,492,0.62,2.7,1.78,0.41,0.16,132,74.0,69,22,60.19,0.44,0.43,0.21,Nutrient Deficient
4445.0,Pune,1.49,1197.0,571,0.48,3.24,0.83,0.43,0.15,103,37.0,103,45,43.72,0.43,0.29,0.21,Nutrient Deficient
4517.0,Pune,1.35,1370.0,463,0.48,2.97,1.16,0.4,0.13,78,77.0,80,17,46.14,0.61,0.45,0.3,Nutrient Deficient
3790.0,Sangli,1.51,966.0,506,0.41,1.56,0.69,0.49,0.11,61,50.0,62,9,40.12,0.47,0.23,0.21,Nutrient Deficient
4337.0,Pune,1.06,894.0,624,0.37,2.56,1.32,0.59,0.14,78,105.0,41,31,51.78,0.5,0.19,0.19,Nutrient Deficient
3774.0,Sangli,1.28,1109.0,371,0.37,2.05,1.22,0.56,0.14,55,98.0,46,21,51.64,0.51,0.31,0.14,Nutrient Deficient
3527.0,Sangli,1.12,931.0,463,0.46,1.75,0.61,0.29,0.15,88,120.0,98,61,56.09,0.54,0.25,0.38,Nutrient Deficient
1974.0,Sangli,1.28,1296.0,480,0.31,2.93,1.38,0.63,0.16,67,232.0,128,67,49.12,0.53,0.27,0.14,Nutrient Deficient
3750.0,Sangli,1.21,1490.0,711,0.45,3.08,0.89,0.42,0.13,66,99.0,113,26,61.21,0.39,0.2,0.17,Nutrient Deficient
5015.0,Solapur,1.06,863.0,478,0.26,3.39,0.91,0.31,0.12,76,28.0,86,10,51.68,0.47,0.35,0.43,Nutrient Deficient
322.0,Pune,1.37,871.0,471,0.52,2.6,0.66,0.28,0.15,71,35.0,54,27,50.12,0.4,0.47,0.29,Nutrient Deficient
3831.0,Sangli,1.37,966.0,472,0.46,1.36,1.31,0.57,0.15,43,76.0,154,13,56.09,0.36,0.4,0.15,Balanced / Optimal
1997.0,Sangli,1.85,1437.0,788,0.52,2.84,1.26,0.57,0.15,78,162.0,89,26,42.79,0.41,0.39,0.39,Nutrient Excess
4482.0,Pune,0.9,1438.0,578,0.31,3.13,1.83,0.6,0.17,71,56.0,168,36,42.76,0.37,0.22,0.21,Nutrient Deficient
3595.0,Sangli,0.95,835.0,671,0.4,1.96,1.1,0.63,0.16,49,199.0,101,26,43.71,0.47,0.35,0.27,Nutrient Deficient
4560.0,Pune,1.64,1115.0,449,0.55,4.25,1.16,0.41,0.11,50,28.0,44,18,44.73,0.47,0.28,0.14,Nutrient Deficient
1079.0,Sangli,1.46,1055.0,554,0.25,3.74,0.69,0.36,0.12,60,78.0,92,36,50.11,0.46,0.41,0.33,Nutrient Deficient
333.0,Sangli,0.9,909.0,478,0.19,1.69,1.49,0.58,0.13,68,146.0,97,50,50.78,0.47,0.22,0.15,Nutrient Deficient
2923.0,Sangli,1.32,987.0,897,0.48,1.71,0.94,0.4,0.16,58,41.0,109,18,39.12,0.52,0.19,0.14,Nutrient Deficient
2882.0,Sangli,1.33,1168.0,512,0.2,2.77,0.94,0.44,0.14,213,35.0,59,17,41.81,0.5,0.17,0.17,Nutrient Deficient
4195.0,Pune,0.92,945.0,511,0.2,1.47,1.13,0.31,0.16,68,37.0,107,20,40.57,0.45,0.48,0.21,Nutrient Deficient
744.0,Solapur,1.28,1340.0,469,0.21,2.82,1.27,0.48,0.12,62,35.0,96,221,38.66,0.44,0.22,0.26,Nutrient Deficient
1545.0,Sangli,1.28,1280.0,601,0.4,3.0,1.12,0.39,0.13,81,36.0,92,11,50.92,0.6,0.21,0.27,Nutrient Deficient
4663.0,Pune,1.23,1436.0,792,0.49,2.44,0.86,0.53,0.16,48,52.0,91,10,51.17,0.46,0.22,0.21,Nutrient Deficient
3003.0,Sangli,1.73,1190.0,479,0.24,1.41,0.93,0.44,0.15,91,125.0,131,20,45.03,0.46,0.22,0.35,Nutrient Deficient
3066.0,Sangli,1.0,907.0,693,0.34,2.25,1.57,0.58,0.12,118,136.0,66,23,51.78,0.48,0.18,0.14,Nutrient Deficient
834.0,Sangli,2.01,1516.0,716,0.52,2.77,1.09,0.51,0.14,93,67.0,66,37,46.91,0.44,0.44,0.31,Nutrient Excess
4215.0,Pune,0.9,900.0,501,0.27,1.18,1.25,0.47,0.14,144,304.0,101,47,44.63,0.4,0.34,0.17,Nutrient Deficient
2935.0,Sangli,1.43,998.0,711,0.43,1.42,1.16,0.43,0.15,72,54.0,89,17,47.15,0.48,0.17,0.21,Nutrient Deficient
3795.0,Sangli,1.48,1019.0,312,0.54,1.44,1.29,0.54,0.13,86,119.0,51,43,49.71,0.5,0.39,0.23,Balanced / Optimal
2270.0,Sangli,1.12,875.0,460,0.49,2.19,1.15,0.51,0.16,276,88.0,94,41,53.61,0.61,0.19,0.42,Nutrient Deficient
1531.0,Sangli,1.06,995.0,396,0.49,2.2,1.2,0.46,0.15,88,132.0,78,43,45.75,0.63,0.27,0.21,Nutrient Deficient
795.0,Sangli,1.96,835.0,543,0.51,2.65,1.1,0.46,0.13,70,124.0,100,22,56.95,0.43,0.44,0.31,Nutrient Deficient
675.0,Pune,1.11,1080.0,409,0.34,1.08,1.32,0.29,0.16,48,72.0,138,27,42.64,0.49,0.47,0.12,Nutrient Deficient
4352.0,Pune,1.4,1467.0,612,0.76,4.04,0.77,0.39,0.14,78,101.0,106,12,43.91,0.45,0.4,0.28,Nutrient Deficient
4221.0,Pune,1.06,1009.0,604,0.3,2.78,0.91,0.53,0.11,59,178.0,57,17,43.66,0.54,0.28,0.35,Nutrient Deficient
3575.0,Sangli,1.79,1198.0,478,0.23,3.11,1.23,0.49,0.17,79,48.0,51,22,56.2,0.72,0.26,0.4,Nutrient Deficient
267.0,Sangli,0.9,897.0,517,0.33,1.96,1.05,0.57,0.14,78,77.0,87,9,52.11,0.59,0.27,0.28,Nutrient Deficient
3078.0,Sangli,1.32,1097.0,378,0.57,2.58,1.41,0.47,0.14,51,126.0,97,10,46.49,0.51,0.46,0.19,Nutrient Deficient
3988.0,Sangli,1.46,857.0,671,0.44,2.71,0.82,0.49,0.14,69,75.0,59,19,52.18,0.49,0.21,0.17,Nutrient Deficient
1598.0,Sangli,1.62,1357.0,611,0.56,2.65,0.77,0.28,0.16,53,106.0,93,85,41.72,0.39,0.34,0.21,Nutrient Deficient
2057.0,Sangli,1.06,909.0,564,0.35,1.91,2.81,0.74,0.11,95,134.0,323,252,61.12,0.48,0.26,0.16,Nutrient Deficient
4942.0,Solapur,1.0,864.0,613,0.41,2.1,1.22,0.61,0.13,63,102.0,92,11,51.05,0.51,0.2,0.14,Nutrient Deficient
776.0,Sangli,1.62,1110.0,601,0.5,2.18,0.7,0.32,0.14,67,112.0,91,12,43.66,0.42,0.23,0.23,Nutrient Deficient
1811.0,Sangli,1.51,1128.0,478,0.38,2.4,1.34,0.59,0.13,62,58.0,125,24,44.74,0.5,0.47,0.21,Nutrient Deficient
3841.0,Sangli,1.51,1198.0,712,0.33,1.85,1.06,0.55,0.17,84,124.0,80,39,43.76,0.57,0.3,0.24,Nutrient Deficient
4715.0,Pune,0.95,1207.0,678,0.62,2.18,0.68,0.28,0.17,43,45.0,40,27,50.96,0.51,0.26,0.14,Nutrient Deficient
276.0,Solapur,1.35,1350.0,617,0.59,1.98,1.9,0.62,0.1,60,76.0,92,13,41.74,0.61,0.13,0.14,Balanced / Optimal
4194.0,Pune,1.68,1373.0,581,0.52,1.65,0.7,0.34,0.16,113,52.0,164,49,43.66,0.43,0.36,0.25,Nutrient Deficient
3240.0,Sangli,1.16,826.0,678,0.6,3.02,1.43,0.57,0.13,119,80.0,117,84,58.67,0.31,0.47,0.26,Nutrient Deficient
3181.0,Sangli,1.73,1462.0,678,0.35,2.58,1.08,0.39,0.15,55,88.0,77,16,54.12,0.54,0.27,0.39,Nutrient Deficient
4568.0,Pune,1.32,892.0,391,0.47,2.19,1.32,0.36,0.14,63,39.0,159,90,43.75,0.41,0.38,0.15,Nutrient Deficient
1920.0,Sangli,1.21,926.0,601,0.27,1.34,1.66,0.65,0.14,174,88.0,128,33,58.67,0.54,0.21,0.32,Nutrient Deficient
3165.0,Sangli,1.38,1150.0,639,0.52,2.85,1.09,0.35,0.12,54,141.0,175,17,51.68,0.38,0.44,0.31,Nutrient Deficient
1182.0,Pune,1.12,1100.0,556,0.25,2.95,2.3,0.6,0.15,71,128.0,53,12,61.68,0.54,0.45,0.28,Nutrient Deficient
3080.0,Sangli,1.16,997.0,347,0.63,1.35,1.25,0.44,0.13,85,140.0,64,29,47.62,0.51,0.31,0.35,Nutrient Deficient
2252.0,Sangli,0.95,1219.0,492,0.34,3.01,0.99,0.53,0.15,164,197.0,114,22,45.73,0.49,0.25,0.21,Nutrient Deficient
1984.0,Sangli,1.68,955.0,498,0.43,2.51,0.8,0.54,0.16,72,101.0,95,16,38.01,0.54,0.29,0.35,Nutrient Excess
2527.0,Sangli,1.48,1296.0,689,0.41,1.64,0.9,0.33,0.1,167,144.0,116,34,49.07,0.47,0.22,0.35,Nutrient Deficient
184.0,Sangli,1.69,1072.0,556,0.63,2.93,1.16,0.41,0.14,52,68.0,81,59,50.92,0.63,0.22,0.19,Nutrient Deficient
815.0,Pune,1.06,775.0,717,0.44,2.36,0.96,0.49,0.14,50,52.0,51,31,39.61,0.51,0.31,0.39,Nutrient Deficient
305.0,Sangli,1.64,1217.0,621,0.26,2.04,1.53,0.56,0.15,67,56.0,87,60,45.12,0.57,0.28,0.14,Nutrient Deficient
4460.0,Pune,1.27,1174.0,420,0.52,3.42,1.28,0.51,0.15,58,78.0,161,10,43.3,0.47,0.24,0.19,Nutrient Deficient
3570.0,Sangli,1.68,810.0,371,0.4,1.71,0.93,0.34,0.15,61,38.0,80,13,41.69,0.47,0.41,0.13,Nutrient Deficient
2286.0,Sangli,1.64,920.0,312,0.3,2.05,1.12,0.44,0.15,71,133.0,121,10,47.63,0.49,0.3,0.21,Nutrient Deficient
4251.0,Pune,1.21,857.0,760,0.4,1.84,1.84,0.52,0.15,45,46.0,44,23,51.9,0.48,0.28,0.19,Nutrient Deficient
3912.0,Sangli,1.53,1294.0,611,0.47,3.54,1.53,0.57,0.13,39,159.0,184,32,54.67,0.34,0.47,0.43,Nutrient Excess
1834.0,Sangli,1.57,1198.0,574,0.47,2.97,2.09,0.65,0.13,743,71.0,125,51,50.92,0.51,0.37,0.43,Nutrient Excess
160.0,Solapur,1.0,997.0,678,0.46,2.42,1.24,0.59,0.12,70,108.0,56,25,52.64,0.57,0.21,0.21,Nutrient Deficient
1613.0,Sangli,1.32,1019.0,552,0.41,2.12,0.94,0.4,0.13,51,41.0,65,12,47.83,0.42,0.14,0.31,Nutrient Deficient
3257.0,Sangli,2.05,1480.0,698,0.32,2.64,0.81,0.57,0.17,57,68.0,83,49,56.12,0.37,0.41,0.41,Nutrient Deficient
3436.0,Sangli,0.84,1110.0,378,0.34,2.05,2.11,0.67,0.13,78,94.0,116,20,51.66,0.51,0.53,0.26,Toxicity Risk
1912.0,Sangli,1.79,1097.0,618,0.32,1.23,0.77,0.44,0.12,64,72.0,113,11,45.07,0.47,0.2,0.35,Nutrient Deficient
3300.0,Sangli,1.28,1316.0,418,0.34,3.01,1.87,0.58,0.12,72,81.0,75,12,54.37,0.49,0.17,0.24,Nutrient Deficient
4602.0,Pune,1.32,1217.0,483,0.24,1.31,1.41,0.4,0.1,56,140.0,67,33,49.19,0.48,0.29,0.14,Nutrient Deficient
3193.0,Sangli,1.4,907.0,681,0.56,2.11,1.49,0.63,0.13,74,82.0,126,12,54.63,0.41,0.27,0.5,Toxicity Risk
687.0,Sangli,1.9,1195.0,478,0.63,1.51,0.67,0.28,0.14,47,48.0,65,24,39.74,0.4,0.39,0.32,Nutrient Deficient
1591.0,Sangli,1.27,900.0,668,0.45,2.09,1.46,0.74,0.12,97,115.0,137,243,56.91,0.47,0.18,0.17,Nutrient Deficient
2301.0,Sangli,1.12,1097.0,670,0.17,1.29,1.78,0.59,0.15,274,234.0,118,13,56.66,0.67,0.29,0.45,Nutrient Deficient
2387.0,Sangli,1.37,941.0,691,0.13,1.32,0.71,0.42,0.12,38,83.0,67,20,46.78,0.49,0.24,0.07,Nutrient Deficient
3429.0,Sangli,1.53,970.0,374,0.31,3.25,1.48,0.51,0.14,133,99.0,202,57,44.01,0.37,0.43,0.28,Nutrient Deficient
3097.0,Sangli,0.9,1059.0,632,0.68,3.0,1.23,0.54,0.14,70,69.0,114,60,49.83,0.42,0.21,0.17,Nutrient Deficient
721.0,Pune,1.73,1460.0,577,0.51,2.74,0.98,0.43,0.13,83,191.0,163,24,43.76,0.5,0.45,0.45,Nutrient Deficient
4121.0,Sangli,1.12,892.0,417,0.41,1.7,0.82,0.51,0.13,56,182.0,187,105,45.62,0.46,0.41,0.21,Nutrient Deficient
5176.0,Solapur,1.7,860.0,783,0.68,1.63,1.07,0.61,0.16,76,145.0,62,79,47.02,0.57,0.24,0.14,Balanced / Optimal
2869.0,Sangli,1.4,1273.0,479,0.52,4.05,1.86,0.63,0.12,136,133.0,93,34,51.64,0.52,0.2,0.21,Nutrient Excess
3392.0,Sangli,1.64,1017.0,384,0.37,1.85,1.01,0.63,0.12,70,56.0,89,39,51.18,0.52,0.25,0.07,Nutrient Deficient
2288.0,Sangli,1.27,1200.0,711,0.31,2.37,0.93,0.39,0.1,69,325.0,149,298,51.78,0.43,0.37,0.39,Nutrient Deficient
1169.0,Sangli,1.18,890.0,674,0.21,2.38,1.74,0.27,0.16,76,69.0,78,41,60.71,0.52,0.26,0.21,Nutrient Deficient
4263.0,Pune,1.51,1460.0,642,0.56,3.49,1.97,0.58,0.13,46,78.0,129,103,51.75,0.61,0.4,0.19,Nutrient Excess
2263.0,Sangli,1.64,1607.0,671,0.38,1.87,1.13,0.41,0.12,118,101.0,112,39,49.73,0.38,0.22,0.43,Nutrient Deficient
2753.0,Sangli,1.06,1094.0,678,0.25,1.91,0.67,0.42,0.18,81,99.0,104,26,42.1,0.5,0.31,0.21,Nutrient Deficient
3518.0,Sangli,1.16,1027.0,659,0.57,2.41,0.99,0.42,0.15,118,269.0,250,283,41.57,0.47,0.29,0.26,Nutrient Deficient
1513.0,Sangli,1.0,1005.0,478,0.3,2.54,1.86,0.46,0.15,88,195.0,105,190,52.88,0.39,0.37,0.26,Nutrient Deficient
1993.0,Sangli,1.11,815.0,508,0.27,1.97,1.18,0.56,0.15,98,105.0,89,33,51.7,0.54,0.48,0.35,Nutrient Deficient
5026.0,Solapur,1.17,1085.0,669,0.28,3.57,1.12,0.45,0.14,47,82.0,145,13,40.61,0.43,0.32,0.4,Nutrient Deficient
3642.0,Sangli,1.62,897.0,417,0.42,1.39,1.1,0.48,0.15,84,95.0,94,59,46.84,0.63,0.3,0.19,Nutrient Deficient
1516.0,Sangli,1.29,1471.0,796,0.5,3.2,0.99,0.51,0.13,80,39.0,49,8,61.27,0.49,0.2,0.5,Toxicity Risk
888.0,Sangli,1.22,1417.0,611,0.31,3.83,0.93,0.37,0.14,42,79.0,74,33,49.12,0.49,0.29,0.21,Nutrient Deficient
2811.0,Sangli,1.12,997.0,471,0.26,1.64,1.61,0.58,0.16,61,193.0,118,49,49.12,0.37,0.48,0.35,Nutrient Deficient
67.0,Sangli,1.28,1028.0,405,0.49,1.41,1.12,0.47,0.14,69,44.0,38,21,62.14,0.59,0.18,0.14,Nutrient Deficient
2785.0,Sangli,1.11,925.0,471,0.52,1.94,1.81,0.7,0.14,218,228.0,146,36,51.64,0.52,0.25,0.43,Nutrient Deficient
3492.0,Sangli,1.18,1077.0,578,0.62,3.05,0.73,0.42,0.14,70,73.0,102,185,46.12,0.43,0.25,0.14,Nutrient Deficient
3398.0,Sangli,1.27,942.0,578,0.57,1.87,1.13,0.41,0.1,60,83.0,95,27,46.11,0.44,0.31,0.21,Nutrient Deficient
2980.0,Sangli,0.95,792.0,502,0.37,1.44,0.63,0.37,0.12,62,94.0,116,12,44.14,0.71,0.25,0.35,Nutrient Deficient
310.0,Sangli,0.9,847.0,412,0.33,1.67,1.43,0.58,0.16,73,74.0,101,42,43.66,0.52,0.26,0.21,Nutrient Deficient
4915.0,Pune,1.06,1031.0,667,0.34,3.19,2.46,0.74,0.14,72,234.0,105,34,52.2,0.46,0.22,0.25,Nutrient Deficient
5141.0,Solapur,1.15,893.0,598,0.57,3.77,1.05,0.22,0.12,71,82.0,119,49,41.16,0.51,0.48,0.21,Nutrient Deficient
2318.0,Sangli,1.0,1126.0,512,0.33,3.85,2.46,0.63,0.16,74,66.0,99,41,60.78,0.54,0.24,0.13,Nutrient Deficient
2891.0,Sangli,1.43,1021.0,401,0.5,3.01,1.1,0.4,0.14,108,141.0,103,41,71.57,0.72,0.25,0.35,Nutrient Deficient
3441.0,Sangli,1.21,905.0,632,0.48,3.04,1.47,0.48,0.14,40,86.0,107,26,44.74,0.54,0.2,0.38,Nutrient Deficient
2973.0,Sangli,1.62,1207.0,978,0.34,3.85,1.02,0.4,0.17,62,252.0,111,62,54.37,0.46,0.28,0.19,Nutrient Deficient
126.0,Sangli,1.37,997.0,617,0.38,3.05,0.84,0.34,0.12,74,72.0,60,17,39.64,0.54,0.2,0.17,Nutrient Deficient
1515.0,Sangli,1.53,1398.0,574,0.43,3.26,2.31,0.62,0.13,115,99.0,76,33,54.18,0.58,0.25,0.19,Nutrient Excess
1599.0,Sangli,1.37,1092.0,500,0.39,0.98,1.54,0.48,0.14,42,49.0,81,196,49.84,0.53,0.19,0.16,Nutrient Deficient
4907.0,Pune,1.74,1350.0,525,0.37,2.47,0.65,0.33,0.13,43,79.0,91,25,51.66,0.49,0.16,0.25,Nutrient Deficient
4738.0,Pune,0.8,900.0,478,0.19,1.24,2.28,0.66,0.16,218,170.0,196,40,44.05,0.49,0.47,0.17,Nutrient Deficient
4159.0,Pune,1.37,1018.0,558,0.48,1.68,1.16,0.56,0.13,54,79.0,85,19,56.18,0.72,0.66,0.24,Toxicity Risk
2102.0,Sangli,1.62,957.0,711,0.43,2.34,1.32,0.35,0.16,42,37.0,43,23,53.78,0.53,0.25,0.17,Nutrient Deficient
3199.0,Sangli,1.32,1207.0,511,0.39,3.0,0.67,0.44,0.12,89,173.0,98,52,44.01,0.43,0.36,0.35,Nutrient Deficient
5136.0,Solapur,1.31,1358.0,914,0.42,2.3,0.83,0.38,0.16,42,28.0,83,17,52.64,0.42,0.2,0.14,Nutrient Deficient
3509.0,Sangli,1.12,996.0,584,0.47,3.59,2.78,0.81,0.15,69,92.0,117,39,52.16,0.54,0.32,0.28,Nutrient Deficient
515.0,Pune,1.69,1290.0,508,0.46,2.72,1.43,0.66,0.11,60,105.0,46,48,73.71,0.37,0.19,0.15,Nutrient Excess
4821.0,Pune,1.34,1464.0,618,0.15,3.54,0.81,0.33,0.12,81,82.0,124,54,42.16,0.37,0.27,0.43,Nutrient Deficient
1491.0,Sangli,1.62,1012.0,887,0.5,2.44,0.9,0.32,0.13,48,248.0,175,18,55.29,0.56,0.24,0.32,Nutrient Deficient
545.0,Sangli,1.53,1330.0,535,0.31,2.79,1.41,0.51,0.15,204,89.0,140,298,40.86,0.42,0.26,0.21,Nutrient Deficient
5111.0,Solapur,0.95,1006.0,443,0.51,2.45,1.32,0.64,0.14,56,69.0,96,54,50.73,0.52,0.26,0.35,Nutrient Deficient
2520.0,Sangli,1.22,1105.0,571,0.31,1.58,1.12,0.53,0.14,65,193.0,178,14,41.12,0.4,0.45,0.31,Nutrient Deficient
1767.0,Sangli,0.7,987.0,612,0.46,2.55,0.66,0.26,0.12,96,146.0,108,17,46.78,0.54,0.31,0.15,Nutrient Deficient
4745.0,Pune,1.53,1195.0,782,0.34,2.41,0.59,0.37,0.17,79,53.0,45,58,44.65,0.41,0.19,0.28,Nutrient Deficient
3402.0,Sangli,1.59,1126.0,659,0.27,1.48,1.69,0.63,0.1,62,252.0,89,10,44.63,0.47,0.42,0.41,Nutrient Deficient
4653.0,Pune,1.4,1246.0,578,0.48,3.64,0.62,0.4,0.1,55,40.0,111,23,47.64,0.46,0.29,0.25,Nutrient Deficient
281.0,Sangli,1.53,1207.0,467,0.28,1.35,1.23,0.49,0.12,79,59.0,138,50,54.37,0.51,0.25,0.15,Nutrient Deficient
4902.0,Pune,1.0,900.0,611,0.3,3.49,0.81,0.36,0.3,79,44.0,41,13,51.17,0.57,0.23,0.14,Nutrient Deficient
3282.0,Sangli,1.53,966.0,678,0.38,1.47,1.23,0.43,0.13,40,43.0,113,29,53.63,0.47,0.27,0.4,Nutrient Deficient
328.0,Sangli,0.95,875.0,611,0.5,1.95,2.09,0.68,0.13,47,51.0,76,19,50.63,0.43,0.24,0.15,Nutrient Deficient
3806.0,Sangli,1.37,1296.0,632,0.6,3.72,0.99,0.58,0.14,52,96.0,126,284,54.11,0.57,0.46,0.23,Nutrient Excess
2151.0,Sangli,1.37,1188.0,679,0.18,3.21,1.28,0.6,0.15,281,99.0,180,17,54.63,0.59,0.36,0.14,Nutrient Deficient
4612.0,Pune,1.32,1459.0,874,0.39,3.83,1.1,0.42,0.12,62,101.0,73,225,54.38,0.44,0.17,0.21,Nutrient Deficient
3074.0,Sangli,1.4,985.0,581,0.41,3.61,2.74,0.69,0.17,379,167.0,102,47,54.18,0.44,0.38,0.15,Nutrient Excess
4208.0,Pune,1.85,1483.0,523,0.48,2.76,0.8,0.6,0.14,43,73.0,67,23,52.64,0.49,0.46,0.35,Nutrient Excess
60.0,Sangli,1.23,985.0,508,0.4,2.19,1.59,0.49,0.13,99,43.0,77,15,56.96,0.57,0.28,0.21,Nutrient Deficient
728.0,Pune,1.15,695.0,466,0.44,1.76,0.97,0.31,0.14,59,56.0,64,34,40.09,0.38,0.27,0.13,Nutrient Deficient
5188.0,Solapur,1.28,1009.0,434,0.26,2.98,1.33,0.57,0.12,67,47.0,99,49,49.11,0.53,0.21,0.23,Nutrient Deficient
1520.0,Sangli,1.28,990.0,497,0.66,2.59,2.56,0.61,0.18,284,101.0,138,284,49.87,0.63,0.23,0.16,Nutrient Deficient
4826.0,Pune,1.29,1214.0,571,0.14,1.21,0.94,0.38,0.13,57,90.0,85,14,44.61,0.41,0.42,0.31,Nutrient Deficient
525.0,Sangli,1.43,1366.0,673,0.41,2.74,1.29,0.48,0.13,54,73.0,108,223,50.92,0.53,0.24,0.23,Nutrient Deficient
3664.0,Sangli,1.45,1045.0,612,0.31,3.74,1.01,0.57,0.12,197,107.0,102,8,43.15,0.43,0.25,0.33,Nutrient Deficient
3907.0,Sangli,1.4,1028.0,613,0.25,2.84,1.04,0.38,0.13,82,97.0,112,36,44.12,0.43,0.63,0.21,Toxicity Risk
5016.0,Solapur,1.47,814.0,509,0.37,3.06,0.83,0.45,0.17,66,190.0,118,54,54.26,0.54,0.48,0.35,Nutrient Deficient
3368.0,Sangli,1.46,786.0,704,0.32,1.79,0.94,0.33,0.14,42,158.0,67,16,42.71,0.54,0.17,0.29,Nutrient Deficient
2410.0,Sangli,1.12,804.0,693,0.44,3.69,1.48,0.51,0.11,78,277.0,184,50,53.67,0.52,0.48,0.26,Nutrient Deficient
4444.0,Pune,1.31,1394.0,569,0.33,2.98,1.25,0.41,0.14,96,69.0,51,12,43.15,0.41,0.36,0.27,Nutrient Deficient
350.0,Sangli,0.9,897.0,397,0.33,1.51,1.13,0.53,0.12,56,148.0,137,44,50.67,0.4,0.3,0.29,Nutrient Deficient
993.0,Sangli,1.68,1178.0,612,0.33,3.47,1.49,0.51,0.16,68,41.0,54,12,59.13,0.47,0.43,0.21,Nutrient Deficient
2266.0,Sangli,1.43,994.0,439,0.49,2.16,2.28,0.51,0.14,55,96.0,92,74,45.12,0.37,0.46,0.39,Balanced / Optimal
2213.0,Sangli,2.01,1500.0,611,0.26,2.43,0.89,0.39,0.15,85,41.0,120,47,45.12,0.53,0.26,0.23,Nutrient Deficient
559.0,Sangli,1.69,1149.0,512,0.69,2.86,1.78,0.63,0.12,78,120.0,175,95,48.74,0.46,0.23,0.19,Nutrient Excess
398.0,Pune,1.06,971.0,460,0.49,2.04,1.16,0.64,0.2,49,78.0,102,64,47.66,0.43,0.14,0.31,Nutrient Deficient
4739.0,Pune,1.34,1228.0,478,0.26,2.82,1.17,0.61,0.15,43,82.0,105,13,43.93,0.51,0.45,0.28,Nutrient Deficient
520.0,Sangli,1.28,1176.0,611,0.63,2.82,1.41,0.57,0.19,65,93.0,110,89,61.27,0.39,0.36,0.17,Nutrient Deficient
2728.0,Sangli,1.4,1207.0,362,0.32,2.97,1.28,0.5,0.12,59,43.0,36,7,61.27,0.48,0.29,0.35,Nutrient Deficient
829.0,Sangli,1.46,1372.0,671,0.48,1.76,1.02,0.57,0.12,61,153.0,134,28,39.72,0.47,0.45,0.55,Toxicity Risk
813.0,Sangli,2.69,1310.0,578,0.33,2.87,1.36,0.56,0.13,90,64.0,78,37,44.71,0.46,0.43,0.47,Nutrient Deficient
1735.0,Sangli,1.4,1002.0,409,0.36,1.7,0.84,0.36,0.12,84,41.0,88,25,45.12,0.54,0.26,0.21,Nutrient Deficient
1179.0,Pune,1.06,1175.0,793,0.19,1.47,2.2,0.65,0.14,69,76.0,130,45,51.88,0.48,0.42,0.35,Nutrient Deficient
2750.0,Sangli,1.46,1079.0,492,0.21,2.56,1.07,0.48,0.12,43,47.0,63,8,50.01,0.71,0.08,0.14,Nutrient Deficient
4349.0,Pune,1.63,1475.0,508,0.59,2.27,0.99,0.61,0.17,77,144.0,114,26,58.53,0.38,0.4,0.28,Nutrient Excess
4987.0,Solapur,1.87,1128.0,898,0.33,2.45,0.97,0.61,0.15,51,123.0,116,151,46.99,0.52,0.24,0.14,Nutrient Deficient
1523.0,Sangli,1.67,1285.0,671,0.34,2.39,0.99,0.3,0.15,59,170.0,154,37,52.64,0.51,0.29,0.16,Nutrient Deficient
3361.0,Sangli,1.79,1176.0,812,0.64,3.1,0.71,0.3,0.16,66,206.0,157,70,55.17,0.42,0.43,0.23,Nutrient Deficient
1323.0,Sangli,1.45,941.0,764,0.27,2.22,1.36,0.58,0.13,64,68.0,100,44,40.56,0.51,0.25,0.21,Nutrient Deficient
4759.0,Pune,0.84,1085.0,588,0.39,3.5,1.3,0.49,0.12,59,160.0,74,22,53.88,0.45,0.23,0.35,Nutrient Deficient
4297.0,Pune,1.01,911.0,512,0.28,2.07,1.8,0.6,0.13,76,109.0,112,16,46.85,0.51,0.47,0.21,Nutrient Deficient
3701.0,Sangli,1.01,912.0,312,0.5,1.66,0.8,0.45,0.13,96,31.0,60,16,51.64,0.54,0.39,0.4,Nutrient Deficient
1499.0,Sangli,1.01,1110.0,345,0.31,2.89,1.63,0.53,0.16,85,101.0,117,52,58.41,0.5,0.28,0.24,Nutrient Deficient
4389.0,Pune,1.53,1230.0,678,0.3,3.05,0.89,0.39,0.16,109,37.0,178,72,42.95,0.42,0.45,0.24,Nutrient Deficient
4857.0,Pune,1.78,1268.0,512,0.65,2.89,0.74,0.38,0.43,36,39.0,110,86,53.8,0.52,0.45,0.21,Nutrient Deficient
3892.0,Sangli,1.06,1057.0,511,0.33,2.41,1.05,0.42,0.14,59,56.0,126,204,49.1,0.48,0.29,0.18,Nutrient Deficient
4723.0,Pune,1.68,1212.0,586,0.25,1.21,0.62,0.31,0.13,58,77.0,153,48,54.67,0.38,0.28,0.2,Nutrient Deficient
4380.0,Pune,1.12,975.0,409,0.4,3.0,1.11,0.39,0.16,91,55.0,137,34,50.63,0.42,0.26,0.14,Nutrient Deficient
3512.0,Sangli,1.43,1465.0,511,0.83,4.44,1.49,0.56,0.17,157,104.0,114,28,41.61,0.43,0.2,0.21,Nutrient Excess
3522.0,Sangli,1.12,1298.0,578,0.41,2.23,0.59,0.26,0.14,66,82.0,111,9,41.12,0.71,0.32,0.43,Nutrient Deficient
4768.0,Pune,2.46,1472.0,702,0.65,3.57,1.11,0.41,0.15,73,105.0,106,54,50.66,0.61,0.14,0.31,Nutrient Deficient
3337.0,Sangli,1.19,924.0,678,0.45,2.39,1.08,0.52,0.12,88,114.0,152,31,48.33,0.57,0.2,0.33,Nutrient Deficient
991.0,Pune,1.74,1511.0,1601,0.3,3.36,1.12,0.46,0.14,45,40.0,54,42,56.18,0.44,0.19,0.21,Nutrient Deficient
2002.0,Sangli,1.23,1092.0,536,0.51,2.91,1.36,0.5,0.14,53,59.0,116,23,49.09,0.51,0.32,0.26,Nutrient Deficient
2702.0,Sangli,1.34,1280.0,571,0.3,1.93,1.35,0.38,0.15,58,148.0,111,43,52.64,0.57,0.36,0.18,Nutrient Deficient
2218.0,Sangli,1.91,1448.0,512,0.48,3.17,1.22,0.3,0.16,49,120.0,140,15,39.6,0.42,0.31,0.31,Nutrient Deficient
2219.0,Sangli,1.46,1093.0,601,0.32,1.44,1.21,0.52,0.13,53,193.0,183,144,49.71,0.42,0.45,0.36,Nutrient Deficient
2070.0,Sangli,0.9,875.0,414,0.16,2.09,1.2,0.54,0.14,84,145.0,116,49,51.17,0.54,0.27,0.23,Nutrient Deficient
4897.0,Pune,1.28,1029.0,501,0.38,2.45,1.02,0.26,0.12,71,42.0,54,45,39.72,0.4,0.35,0.17,Nutrient Deficient
976.0,Pune,1.62,1245.0,493,0.43,2.42,0.63,0.38,0.17,217,60.0,48,59,57.61,0.48,0.38,0.35,Nutrient Deficient
410.0,Pune,1.06,994.0,501,0.44,1.61,0.9,0.41,0.14,96,95.0,91,36,47.12,0.43,0.31,0.21,Nutrient Deficient
3291.0,Sangli,0.96,1198.0,494,0.44,1.36,1.08,0.43,0.13,60,92.0,95,49,38.12,0.63,0.22,0.17,Nutrient Deficient
4929.0,Pune,1.43,1162.0,518,0.69,3.52,0.88,0.38,0.18,69,37.0,67,39,42.74,0.62,0.25,0.41,Nutrient Deficient
3674.0,Sangli,1.34,1019.0,752,0.41,2.6,1.39,0.51,0.14,68,114.0,249,237,54.18,0.41,0.31,0.33,Nutrient Excess
1413.0,Sangli,1.62,1469.0,472,0.28,2.21,0.86,0.34,0.13,82,61.0,51,11,40.56,0.49,0.27,0.33,Nutrient Deficient
4603.0,Pune,1.34,1022.0,495,0.35,2.05,1.17,0.58,0.16,257,109.0,185,23,41.14,0.46,0.34,0.43,Nutrient Deficient
3759.0,Sangli,1.34,1257.0,671,0.4,2.83,1.72,0.49,0.1,105,142.0,276,97,46.17,0.49,0.44,0.43,Nutrient Deficient
5134.0,Solapur,1.48,1362.0,767,0.64,1.53,0.76,0.44,0.15,57,49.0,64,32,47.87,0.54,0.21,0.21,Nutrient Deficient
2346.0,Sangli,1.23,846.0,307,0.32,1.35,2.31,0.61,0.17,66,148.0,107,23,50.92,0.51,0.24,0.13,Nutrient Deficient
3663.0,Sangli,1.69,795.0,609,0.29,1.54,0.89,0.4,0.12,91,121.0,89,81,41.78,0.43,0.27,0.17,Nutrient Deficient
2421.0,Sangli,1.68,1127.0,671,0.2,1.64,1.06,0.41,0.16,73,137.0,111,21,53.61,0.71,0.1,0.14,Nutrient Deficient
2113.0,Sangli,1.69,1177.0,611,0.4,2.23,0.84,0.39,0.13,126,85.0,70,9,52.78,0.63,0.17,0.23,Nutrient Deficient
1693.0,Sangli,1.12,1208.0,432,0.44,2.15,0.91,0.43,0.13,84,70.0,58,18,49.78,0.54,0.24,0.28,Nutrient Deficient
353.0,Sangli,0.79,795.0,417,0.57,2.51,1.28,0.58,0.14,66,84.0,101,97,51.71,0.4,0.37,0.18,Nutrient Deficient
375.0,Pune,1.0,1006.0,571,0.22,1.18,1.13,0.46,0.17,76,125.0,86,53,42.74,0.54,0.35,0.29,Nutrient Deficient
3926.0,Sangli,1.06,1102.0,491,0.52,2.17,1.06,0.37,0.15,136,53.0,42,37,56.67,0.74,0.21,0.16,Nutrient Deficient
4154.0,Pune,1.85,1460.0,488,0.36,2.91,1.17,0.61,0.15,62,69.0,51,55,53.31,0.37,0.32,0.27,Nutrient Deficient
701.0,Sangli,1.34,1312.0,578,0.46,2.97,0.7,0.21,0.14,83,36.0,108,31,39.78,0.49,0.27,0.26,Nutrient Deficient
3184.0,Sangli,1.11,795.0,492,0.72,1.74,0.88,0.47,0.1,70,24.0,66,12,42.93,0.49,0.23,0.19,Nutrient Deficient
3547.0,Sangli,1.12,1313.0,625,0.63,3.92,1.09,0.41,0.17,56,68.0,49,19,60.85,0.49,0.19,0.43,Nutrient Deficient
2132.0,Sangli,1.9,1206.0,580,0.76,2.3,0.63,0.23,0.14,75,58.0,92,17,42.17,0.57,0.23,0.16,Nutrient Deficient
3927.0,Sangli,1.53,984.0,478,0.58,1.33,0.68,0.24,0.12,54,54.0,75,44,42.28,0.42,0.16,0.14,Nutrient Deficient
4858.0,Pune,1.58,1200.0,617,0.31,1.69,0.81,0.33,0.12,99,63.0,57,24,41.8,0.49,0.35,0.29,Nutrient Deficient
562.0,Sangli,0.95,1094.0,901,0.34,1.63,1.97,0.68,0.12,89,201.0,94,141,53.78,0.47,0.35,0.22,Nutrient Deficient
1913.0,Sangli,0.9,1027.0,617,0.36,3.98,1.71,0.52,0.17,67,93.0,155,71,60.41,0.34,0.48,0.55,Toxicity Risk
3505.0,Sangli,1.11,1058.0,571,0.33,2.14,0.74,0.44,0.13,56,110.0,133,24,42.92,0.51,0.29,0.28,Nutrient Deficient
2373.0,Sangli,1.51,1283.0,712,0.83,2.04,1.08,0.46,0.15,90,93.0,81,29,51.66,0.43,0.21,0.19,Nutrient Deficient
1348.0,Sangli,1.06,1182.0,678,0.42,2.93,1.42,0.57,0.15,75,81.0,136,296,44.52,0.48,0.27,0.28,Nutrient Deficient
622.0,Sangli,1.43,1097.0,604,0.23,2.6,1.85,0.71,0.16,139,115.0,122,103,54.37,0.51,0.62,0.42,Toxicity Risk
2761.0,Sangli,1.23,1207.0,312,0.39,2.88,0.88,0.42,0.15,73,70.0,111,37,49.77,0.47,0.21,0.23,Nutrient Deficient
841.0,Sangli,1.34,830.0,762,0.39,1.9,0.79,0.4,0.13,51,159.0,124,14,45.73,0.42,0.24,0.39,Nutrient Deficient
3269.0,Sangli,1.85,1443.0,478,0.58,2.28,1.06,0.32,0.1,62,43.0,74,17,46.11,0.49,0.31,0.32,Nutrient Deficient
3458.0,Sangli,1.6,1099.0,511,0.2,1.03,0.83,0.31,0.15,75,191.0,95,31,39.12,0.71,0.4,0.19,Nutrient Deficient
1606.0,Sangli,2.07,1000.0,711,0.19,2.17,1.07,0.39,0.1,61,106.0,61,13,47.12,0.51,0.15,0.15,Nutrient Deficient
2849.0,Sangli,1.32,1115.0,471,0.35,1.41,1.31,0.57,0.12,67,99.0,54,34,41.74,0.4,0.27,0.27,Nutrient Deficient
344.0,Sangli,1.16,1097.0,498,0.57,2.89,0.89,0.36,0.15,71,120.0,117,70,50.74,0.48,0.22,0.14,Nutrient Deficient
4914.0,Pune,0.9,857.0,693,0.26,1.69,1.13,0.34,0.15,118,97.0,165,31,46.1,0.57,0.41,0.17,Nutrient Deficient
3302.0,Sangli,1.51,1296.0,457,0.25,1.01,0.87,0.41,0.11,75,83.0,81,31,44.01,0.43,0.41,0.31,Nutrient Deficient
3707.0,Sangli,1.43,1120.0,312,0.43,1.65,0.89,0.4,0.16,186,156.0,100,209,53.9,0.51,0.11,0.13,Nutrient Deficient
3427.0,Sangli,1.57,1400.0,688,0.3,1.69,1.34,0.44,0.17,91,59.0,58,11,54.7,0.61,0.23,0.21,Nutrient Deficient
939.0,Sangli,1.62,845.0,612,0.46,1.97,1.07,0.41,0.14,56,98.0,112,19,54.71,0.47,0.35,0.28,Nutrient Deficient
5150.0,Solapur,1.43,1010.0,493,0.46,1.06,0.85,0.48,0.15,54,83.0,153,25,41.83,0.54,0.22,0.14,Nutrient Deficient
1140.0,Solapur,1.01,895.0,629,0.34,2.56,0.91,0.31,0.16,81,63.0,96,39,54.67,0.58,0.46,0.33,Nutrient Deficient
4660.0,Pune,1.59,1096.0,512,0.53,2.26,0.61,0.15,0.16,43,38.0,129,32,41.51,0.47,0.47,0.43,Nutrient Deficient
2544.0,Sangli,1.47,875.0,523,0.53,3.88,0.95,0.56,0.16,64,85.0,86,16,43.11,0.41,0.15,0.2,Nutrient Excess
2929.0,Sangli,0.9,1125.0,536,0.82,3.84,1.21,0.4,0.13,60,182.0,114,69,47.64,0.46,0.29,0.43,Nutrient Deficient
2291.0,Sangli,1.48,950.0,684,0.41,2.81,0.53,0.21,0.12,57,37.0,158,57,51.66,0.57,0.31,0.16,Nutrient Deficient
3601.0,Sangli,1.34,1500.0,578,0.54,3.47,1.39,0.51,0.2,62,112.0,137,15,44.17,0.55,0.41,0.21,Nutrient Excess
297.0,Sangli,1.33,975.0,471,0.39,1.64,1.54,0.53,0.16,62,91.0,115,34,49.66,0.47,0.3,0.14,Nutrient Deficient
567.0,Sangli,0.9,1207.0,574,0.79,2.1,1.52,0.47,0.13,69,132.0,137,319,46.89,0.49,0.31,0.17,Nutrient Deficient
4595.0,Pune,1.67,1194.0,703,0.33,2.05,0.59,0.23,0.13,83,108.0,53,12,44.01,0.54,0.44,0.33,Nutrient Deficient
4578.0,Pune,1.06,984.0,671,0.15,1.24,1.04,0.4,0.17,45,24.0,120,12,42.82,0.47,0.46,0.17,Nutrient Deficient
2474.0,Sangli,1.49,1298.0,663,0.42,2.66,0.56,0.4,0.16,91,99.0,125,24,49.71,0.6,0.17,0.21,Nutrient Deficient
624.0,Sangli,1.06,996.0,472,0.46,1.96,1.69,0.52,0.13,198,302.0,172,49,52.78,0.39,0.51,0.34,Toxicity Risk
3424.0,Sangli,1.37,1011.0,471,0.43,3.05,0.64,0.24,0.12,43,36.0,68,16,43.98,0.49,0.25,0.17,Nutrient Deficient
1971.0,Sangli,1.16,826.0,678,0.63,2.28,2.36,0.57,0.12,66,107.0,150,245,47.15,0.54,0.24,0.55,Toxicity Risk
4791.0,Pune,1.27,1197.0,506,0.54,3.66,1.02,0.52,0.15,54,90.0,92,55,47.0,0.47,0.19,0.28,Nutrient Deficient
990.0,Sangli,1.79,1367.0,478,0.26,2.05,0.91,0.46,0.15,47,101.0,97,19,54.71,0.44,0.15,0.07,Nutrient Deficient
2820.0,Sangli,1.32,890.0,779,0.47,1.97,0.76,0.37,0.16,99,71.0,91,10,40.79,0.49,0.27,0.21,Nutrient Deficient
1595.0,Sangli,1.48,995.0,488,0.54,1.65,0.72,0.57,0.13,43,40.0,35,58,46.6,0.43,0.28,0.35,Nutrient Deficient
1936.0,Sangli,1.23,820.0,463,0.49,3.43,1.23,0.46,0.16,118,167.0,142,25,50.01,0.5,0.14,0.19,Nutrient Deficient
1298.0,Sangli,1.9,1257.0,501,0.39,3.0,0.74,0.52,0.17,51,119.0,69,12,46.6,0.44,0.42,0.32,Nutrient Deficient
2735.0,Sangli,1.48,1097.0,366,0.38,1.19,0.61,0.27,0.13,41,65.0,71,26,41.69,0.54,0.27,0.14,Nutrient Deficient
1014.0,Sangli,1.4,1005.0,471,0.32,0.85,0.95,0.46,0.15,59,45.0,114,26,52.18,0.49,0.25,0.14,Nutrient Deficient
3913.0,Sangli,1.12,1470.0,571,0.56,4.03,1.23,0.58,0.15,87,64.0,107,42,52.71,0.57,0.37,0.19,Nutrient Deficient
794.0,Sangli,2.07,815.0,604,0.45,2.34,1.21,0.43,0.14,84,43.0,83,26,46.6,0.37,0.46,0.23,Nutrient Deficient
263.0,Sangli,1.0,826.0,711,0.27,1.7,1.22,0.51,0.17,60,98.0,102,42,48.16,0.59,0.19,0.24,Nutrient Deficient
3644.0,Sangli,1.62,1207.0,396,0.2,1.08,1.44,0.65,0.11,107,40.0,54,24,52.64,0.49,0.23,0.17,Nutrient Deficient
1319.0,Sangli,1.34,1206.0,509,0.41,3.47,1.99,0.61,0.15,118,91.0,147,34,56.13,0.49,0.28,0.29,Nutrient Excess
439.0,Sangli,1.16,997.0,681,0.5,3.71,1.19,0.58,0.15,53,150.0,82,59,46.18,0.41,0.3,0.21,Nutrient Deficient
582.0,Sangli,0.9,1167.0,484,0.48,2.95,2.12,0.66,0.19,111,259.0,162,120,54.18,0.4,0.27,0.43,Nutrient Deficient
4939.0,Solapur,1.15,862.0,615,0.3,1.3,0.86,0.4,0.12,81,70.0,68,12,46.64,0.47,0.4,0.33,Nutrient Deficient
1704.0,Sangli,1.85,1183.0,598,0.66,3.58,0.72,0.36,0.17,61,86.0,125,147,51.77,0.44,0.17,0.26,Nutrient Deficient
4165.0,Pune,1.23,1103.0,667,0.44,2.6,0.71,0.47,0.14,70,65.0,106,59,45.22,0.59,0.47,0.56,Toxicity Risk
2415.0,Sangli,1.28,907.0,674,0.25,1.58,1.38,0.7,0.16,99,248.0,114,12,46.18,0.66,0.2,0.21,Nutrient Deficient
2925.0,Sangli,1.46,1296.0,578,0.17,1.72,1.02,0.37,0.11,56,143.0,101,10,39.13,0.38,0.34,0.17,Nutrient Deficient
236.0,Sangli,1.16,1017.0,612,0.49,1.95,0.98,0.57,0.12,93,96.0,67,23,51.68,0.54,0.14,0.21,Nutrient Deficient
1214.0,Sangli,1.32,1046.0,671,0.48,2.85,2.5,0.69,0.13,68,158.0,150,251,53.67,0.42,0.49,0.5,Toxicity Risk
709.0,Sangli,1.23,905.0,601,0.41,1.58,1.18,0.33,0.11,51,85.0,116,24,41.74,0.43,0.34,0.26,Nutrient Deficient
938.0,Sangli,1.46,880.0,512,0.43,2.31,1.11,0.39,0.14,52,144.0,133,15,49.19,0.5,0.48,0.43,Nutrient Deficient
2436.0,Sangli,1.46,1093.0,718,0.53,2.28,1.15,0.46,0.13,69,109.0,149,330,54.16,0.41,0.19,0.32,Nutrient Deficient
4918.0,Pune,1.41,1006.0,392,0.53,3.19,1.41,0.41,0.16,64,63.0,103,20,47.66,0.51,0.43,0.28,Nutrient Deficient
2091.0,Sangli,1.16,997.0,351,0.22,1.03,0.69,0.33,0.12,46,133.0,72,29,37.27,0.53,0.29,0.24,Nutrient Deficient
3784.0,Sangli,2.18,1495.0,783,0.57,2.88,1.38,0.51,0.2,171,123.0,152,58,61.17,0.43,0.46,0.33,Nutrient Excess
5069.0,Solapur,1.9,997.0,670,0.36,2.42,0.69,0.24,0.13,59,58.0,89,35,38.68,0.43,0.43,0.4,Nutrient Deficient
1415.0,Sangli,1.23,1495.0,578,0.8,2.92,0.84,0.58,0.15,66,125.0,165,39,52.18,0.47,0.25,0.19,Nutrient Deficient
2202.0,Sangli,1.12,1020.0,701,0.42,1.43,1.35,0.44,0.14,154,150.0,143,274,46.9,0.51,0.27,0.29,Nutrient Deficient
671.0,Pune,1.48,1095.0,509,0.5,2.58,0.71,0.24,0.14,69,88.0,220,162,43.91,0.47,0.49,0.25,Nutrient Deficient
5064.0,Solapur,1.28,860.0,432,0.28,3.4,1.15,0.29,0.13,70,47.0,87,42,40.7,0.47,0.31,0.26,Nutrient Deficient
4314.0,Pune,1.17,991.0,596,0.27,2.34,1.82,0.62,0.15,55,106.0,56,45,59.12,0.41,0.17,0.19,Nutrient Deficient
4379.0,Pune,1.06,1208.0,470,0.57,2.26,1.14,0.55,0.17,65,227.0,45,10,43.66,0.41,0.17,0.21,Nutrient Deficient
338.0,Sangli,0.79,770.0,581,0.25,2.11,1.03,0.45,0.13,51,86.0,91,28,44.18,0.54,0.45,0.21,Nutrient Deficient
466.0,Sangli,1.32,1184.0,611,0.54,2.97,0.93,0.37,0.15,71,75.0,114,23,45.78,0.43,0.31,0.21,Nutrient Deficient
4954.0,Solapur,1.57,1340.0,774,0.68,4.69,0.61,0.36,0.12,81,63.0,102,59,41.67,0.52,0.44,0.35,Nutrient Deficient
554.0,Pune,1.27,1102.0,625,0.34,1.59,1.54,0.53,0.14,101,178.0,74,19,52.64,0.52,0.36,0.26,Nutrient Deficient
2899.0,Sangli,1.79,1021.0,474,0.42,2.42,1.02,0.59,0.16,154,120.0,114,9,49.78,0.48,0.28,0.35,Nutrient Excess
3812.0,Sangli,1.41,1360.0,488,0.39,1.52,1.11,0.51,0.15,54,146.0,79,22,52.17,0.51,0.25,0.5,Toxicity Risk
2606.0,Sangli,1.01,1201.0,492,0.25,3.92,2.67,0.72,0.12,261,276.0,76,10,50.71,0.54,0.49,0.19,Nutrient Deficient
4779.0,Pune,1.0,945.0,474,0.37,1.38,2.32,0.71,0.15,73,166.0,49,26,44.48,0.57,0.22,0.25,Nutrient Deficient
5192.0,Solapur,1.27,1140.0,465,0.5,3.13,1.06,0.29,0.16,65,26.0,74,15,46.06,0.54,0.29,0.26,Nutrient Deficient
4336.0,Pune,1.06,855.0,570,0.31,2.74,1.17,0.53,0.17,215,80.0,119,12,42.09,0.51,0.47,0.22,Nutrient Deficient
4776.0,Pune,1.02,1196.0,639,0.22,4.13,1.27,0.41,0.14,97,73.0,48,38,46.15,0.39,0.25,0.58,Toxicity Risk
1058.0,Sangli,1.51,1490.0,688,0.35,2.09,0.89,0.38,0.16,42,44.0,41,11,51.68,0.5,0.44,0.35,Nutrient Deficient
4089.0,Sangli,1.43,827.0,398,0.47,1.22,0.98,0.45,0.13,62,82.0,62,167,41.69,0.57,0.26,0.07,Nutrient Deficient
4582.0,Pune,1.18,900.0,418,0.53,1.17,1.72,0.58,0.13,65,128.0,102,21,43.66,0.49,0.33,0.14,Nutrient Deficient
4781.0,Pune,1.21,1055.0,683,0.25,1.63,2.21,0.39,0.16,141,131.0,105,76,51.63,0.52,0.23,0.21,Nutrient Deficient
83.0,Sangli,0.82,945.0,419,0.26,1.23,1.07,0.42,0.13,53,48.0,40,12,44.01,0.71,0.21,0.21,Nutrient Deficient
2503.0,Sangli,2.18,1298.0,398,0.58,2.44,1.15,0.43,0.16,62,88.0,107,60,51.71,0.53,0.19,0.26,Nutrient Deficient
4877.0,Pune,1.27,1007.0,680,0.49,2.72,1.26,0.5,0.16,75,120.0,172,101,49.26,0.62,0.31,0.27,Nutrient Deficient
4086.0,Sangli,1.4,1284.0,511,0.33,2.0,1.04,0.43,0.11,41,43.0,51,41,39.46,0.52,0.17,0.15,Nutrient Deficient
548.0,Sangli,1.43,1163.0,776,0.64,3.57,0.96,0.39,0.14,74,116.0,127,119,48.32,0.42,0.3,0.27,Nutrient Deficient
3949.0,Sangli,1.51,1355.0,911,0.45,1.87,0.63,0.37,0.13,101,69.0,69,11,60.45,0.67,0.19,0.17,Nutrient Deficient
4940.0,Solapur,1.08,850.0,509,0.49,2.13,0.82,0.38,0.12,65,143.0,96,35,43.97,0.58,0.29,0.35,Nutrient Deficient
2572.0,Sangli,1.29,1169.0,703,0.47,2.88,1.26,0.5,0.12,61,173.0,151,45,46.6,0.42,0.26,0.38,Nutrient Deficient
3719.0,Sangli,1.51,905.0,474,0.48,1.97,0.89,0.33,0.16,66,120.0,46,41,41.69,0.47,0.27,0.4,Nutrient Deficient
849.0,Pune,1.34,1470.0,645,0.32,1.7,0.69,0.4,0.16,53,136.0,70,12,50.92,0.47,0.24,0.39,Nutrient Deficient
3420.0,Sangli,1.53,1174.0,911,0.58,1.54,0.81,0.47,0.16,61,187.0,81,23,46.6,0.54,0.43,0.43,Nutrient Deficient
1544.0,Sangli,1.32,980.0,419,0.28,2.07,1.83,0.61,0.12,206,89.0,157,47,50.67,0.48,0.27,0.38,Nutrient Deficient
3228.0,Sangli,1.28,996.0,663,0.31,1.87,1.07,0.39,0.12,54,34.0,49,21,40.71,0.42,0.24,0.26,Nutrient Deficient
3714.0,Sangli,1.32,805.0,711,0.81,2.3,0.89,0.4,0.13,91,103.0,85,30,49.71,0.43,0.34,0.26,Nutrient Deficient
2920.0,Sangli,1.34,1101.0,407,0.25,2.36,1.02,0.6,0.11,63,101.0,75,12,48.12,0.72,0.19,0.13,Nutrient Deficient
4233.0,Pune,0.9,1207.0,511,0.4,3.96,1.81,0.62,0.15,103,41.0,39,21,44.73,0.66,0.47,0.47,Nutrient Deficient
2066.0,Sangli,1.46,1178.0,625,0.29,1.39,0.61,0.41,0.16,40,53.0,54,22,47.15,0.66,0.21,0.14,Nutrient Deficient
4681.0,Pune,1.06,1455.0,666,0.32,2.07,1.42,0.59,0.14,58,145.0,93,18,52.64,0.54,0.31,0.36,Nutrient Deficient
3084.0,Sangli,1.11,799.0,491,0.47,1.2,1.49,0.51,0.13,69,43.0,66,42,47.84,0.47,0.22,0.21,Nutrient Deficient
3242.0,Sangli,1.84,1102.0,571,0.39,1.97,0.9,0.36,0.16,110,161.0,138,17,46.6,0.71,0.25,0.27,Nutrient Deficient
1417.0,Sangli,1.12,1354.0,399,0.58,2.53,0.83,0.39,0.18,279,64.0,97,30,49.66,0.66,0.24,0.15,Nutrient Deficient
1857.0,Sangli,1.34,997.0,671,0.25,3.54,1.53,0.51,0.13,69,191.0,104,17,50.92,0.41,0.48,0.43,Nutrient Deficient
3629.0,Sangli,1.51,897.0,712,0.85,3.63,0.57,0.27,0.16,46,36.0,94,17,45.12,0.37,0.5,0.24,Toxicity Risk
3688.0,Sangli,1.47,1480.0,762,0.4,3.78,1.2,0.57,0.15,85,47.0,101,41,56.09,0.38,0.36,0.21,Nutrient Deficient
3073.0,Sangli,1.47,1005.0,711,0.54,2.14,0.8,0.55,0.13,62,45.0,121,19,47.17,0.47,0.51,0.55,Toxicity Risk
2004.0,Sangli,0.9,1028.0,611,0.37,2.93,0.89,0.37,0.12,52,144.0,152,27,47.83,0.67,0.25,0.2,Nutrient Deficient
4009.0,Sangli,1.68,1099.0,478,0.63,2.72,1.06,0.46,0.16,49,119.0,54,13,52.64,0.57,0.22,0.28,Nutrient Deficient
3580.0,Sangli,1.34,869.0,572,0.46,1.59,1.14,0.4,0.13,45,76.0,125,12,50.71,0.46,0.39,0.49,Nutrient Deficient
3579.0,Sangli,1.28,1085.0,396,0.46,1.75,1.3,0.58,0.14,64,187.0,122,24,41.42,0.51,0.25,0.15,Nutrient Deficient
3745.0,Sangli,0.89,735.0,396,0.49,2.27,0.73,0.28,0.14,83,101.0,162,59,53.78,0.72,0.22,0.26,Nutrient Deficient
3661.0,Sangli,0.97,825.0,478,0.36,1.58,1.43,0.5,0.14,79,63.0,106,37,49.73,0.46,0.39,0.14,Nutrient Deficient
178.0,Pune,1.27,850.0,624,0.47,1.5,0.74,0.34,0.12,62,79.0,58,17,44.01,0.67,0.22,0.14,Nutrient Deficient
3268.0,Sangli,0.9,799.0,418,0.62,2.83,1.38,0.69,0.18,61,52.0,74,43,60.54,0.45,0.31,0.21,Nutrient Deficient
4743.0,Pune,1.06,903.0,457,0.61,3.58,1.84,0.61,0.14,92,55.0,147,16,41.75,0.61,0.36,0.41,Nutrient Deficient
773.0,Sangli,1.85,1350.0,603,0.38,1.38,0.61,0.33,0.15,212,252.0,143,73,40.11,0.46,0.37,0.39,Nutrient Deficient
4088.0,Sangli,1.53,1208.0,312,0.3,0.81,1.1,0.39,0.13,63,189.0,75,19,39.65,0.44,0.2,0.15,Nutrient Deficient
3147.0,Sangli,1.27,1005.0,412,0.57,1.52,1.09,0.58,0.14,171,53.0,55,9,52.64,0.4,0.46,0.47,Nutrient Deficient
3743.0,Sangli,0.95,1027.0,678,0.5,2.63,1.78,0.67,0.13,83,178.0,205,49,44.87,0.42,0.25,0.26,Nutrient Deficient
2942.0,Sangli,1.59,1125.0,882,0.68,3.06,1.09,0.57,0.15,52,84.0,98,39,43.71,0.39,0.48,0.35,Nutrient Excess
405.0,Sangli,1.43,1085.0,463,0.33,2.41,0.84,0.38,0.17,87,51.0,59,32,47.12,0.39,0.28,0.25,Nutrient Deficient
1851.0,Sangli,1.37,1011.0,692,0.32,3.4,0.98,0.4,0.12,52,167.0,122,23,59.77,0.49,0.32,0.19,Nutrient Deficient
607.0,Sangli,1.0,996.0,586,0.91,4.35,2.14,0.69,0.13,51,247.0,124,251,49.71,0.43,0.33,0.29,Nutrient Deficient
3493.0,Sangli,1.53,1418.0,512,0.5,3.46,1.2,0.47,0.13,92,84.0,124,26,51.17,0.54,0.36,0.21,Nutrient Deficient
5183.0,Solapur,1.06,860.0,801,0.34,1.65,1.07,0.39,0.17,70,74.0,62,8,54.85,0.47,0.19,0.14,Nutrient Deficient
2400.0,Sangli,1.34,1094.0,711,0.55,2.24,1.22,0.47,0.14,46,62.0,97,15,47.18,0.38,0.43,0.47,Nutrient Deficient
4824.0,Pune,1.05,1018.0,501,0.53,3.27,1.82,0.51,0.16,54,54.0,122,91,56.77,0.45,0.43,0.17,Nutrient Deficient
2655.0,Sangli,1.51,868.0,492,0.17,1.75,1.03,0.53,0.12,97,98.0,114,37,47.14,0.52,0.21,0.31,Nutrient Deficient
1035.0,Sangli,1.62,1200.0,711,0.27,2.46,1.18,0.27,0.16,56,67.0,83,9,54.18,0.54,0.31,0.35,Nutrient Deficient
2561.0,Sangli,2.22,873.0,371,0.24,1.53,0.56,0.16,0.11,46,51.0,78,34,41.66,0.5,0.19,0.27,Nutrient Deficient
1018.0,Sangli,0.78,850.0,671,0.24,2.3,0.76,0.23,0.14,53,107.0,56,11,56.12,0.51,0.16,0.4,Nutrient Deficient
390.0,Sangli,1.37,1017.0,378,0.57,2.2,0.73,0.37,0.15,101,137.0,74,74,39.12,0.63,0.32,0.26,Nutrient Deficient
3417.0,Sangli,1.48,957.0,517,0.29,2.91,1.1,0.49,0.13,87,141.0,65,36,42.94,0.44,0.41,0.21,Nutrient Deficient
4372.0,Pune,1.12,925.0,630,0.33,1.39,1.82,0.57,0.13,216,85.0,88,58,58.7,0.51,0.47,0.21,Nutrient Deficient
5007.0,Solapur,1.43,860.0,612,0.48,1.71,1.09,0.61,0.16,71,106.0,58,17,52.63,0.54,0.2,0.14,Balanced / Optimal
3537.0,Sangli,1.6,995.0,363,0.72,3.47,0.97,0.5,0.15,69,178.0,96,16,49.19,0.44,0.33,0.23,Nutrient Deficient
4318.0,Pune,1.06,1213.0,592,0.19,2.95,1.54,0.66,0.15,212,309.0,93,60,49.17,0.39,0.3,0.55,Toxicity Risk
2328.0,Sangli,1.37,1190.0,598,0.45,3.67,1.02,0.33,0.15,70,144.0,112,21,46.11,0.43,0.27,0.17,Nutrient Deficient
2046.0,Sangli,1.27,881.0,693,0.48,2.52,1.15,0.59,0.18,73,102.0,127,194,54.67,0.51,0.42,0.29,Nutrient Deficient
369.0,Sangli,1.06,1057.0,406,0.33,2.43,1.28,0.61,0.16,74,133.0,77,69,47.78,0.39,0.34,0.26,Nutrient Deficient
5158.0,Solapur,1.16,1071.0,915,0.48,1.32,1.03,0.45,0.17,50,108.0,122,29,50.02,0.56,0.21,0.31,Nutrient Deficient
2886.0,Sangli,1.06,835.0,478,0.52,1.32,1.35,0.41,0.13,65,103.0,89,59,44.09,0.51,0.24,0.21,Nutrient Deficient
741.0,Sangli,1.72,1050.0,512,0.41,1.47,0.86,0.41,0.13,81,75.0,63,59,43.71,0.48,0.42,0.26,Nutrient Deficient
3968.0,Sangli,0.95,937.0,685,0.3,1.9,2.35,0.79,0.15,50,50.0,89,41,54.17,0.46,0.31,0.33,Nutrient Deficient
3103.0,Sangli,0.95,950.0,578,0.55,2.42,0.84,0.51,0.14,81,146.0,97,26,51.64,0.59,0.23,0.21,Nutrient Deficient
2583.0,Sangli,1.69,1210.0,493,0.52,2.72,2.02,0.62,0.17,83,57.0,94,10,51.78,0.51,0.26,0.28,Nutrient Excess
4361.0,Pune,1.32,1475.0,668,0.6,3.95,1.43,0.41,0.18,58,61.0,67,52,49.17,0.4,0.63,0.21,Toxicity Risk
4644.0,Pune,1.34,1028.0,412,0.33,1.83,1.41,0.67,0.13,73,254.0,85,48,43.76,0.66,0.27,0.19,Nutrient Deficient
3440.0,Sangli,1.74,1215.0,390,0.28,1.43,1.06,0.53,0.14,57,173.0,94,14,45.65,0.51,0.2,0.28,Nutrient Deficient
3065.0,Sangli,1.11,1163.0,453,0.38,2.97,0.74,0.38,0.14,75,72.0,146,19,51.73,0.58,0.1,0.31,Nutrient Deficient
3124.0,Sangli,1.62,1179.0,588,0.43,1.66,0.83,0.45,0.12,66,65.0,65,17,44.74,0.47,0.27,0.13,Nutrient Deficient
2077.0,Sangli,1.16,905.0,400,0.32,4.1,1.02,0.4,0.2,84,110.0,126,28,50.12,0.5,0.43,0.15,Nutrient Deficient
2069.0,Sangli,1.21,1096.0,371,0.41,2.12,1.11,0.57,0.12,71,67.0,78,57,46.6,0.49,0.09,0.19,Nutrient Deficient
2857.0,Sangli,1.06,947.0,717,0.47,4.71,1.63,0.71,0.15,64,305.0,101,45,54.36,0.44,0.46,0.32,Nutrient Deficient
2455.0,Sangli,1.43,1200.0,912,0.49,2.3,0.69,0.39,0.18,60,56.0,133,28,41.05,0.47,0.47,0.15,Nutrient Deficient
2548.0,Sangli,0.9,895.0,681,0.7,1.04,0.67,0.38,0.15,49,69.0,93,26,44.67,0.49,0.43,0.23,Nutrient Deficient
566.0,Sangli,1.43,1391.0,608,0.82,1.87,1.66,0.62,0.17,73,104.0,147,312,47.11,0.48,0.32,0.19,Nutrient Excess
3280.0,Sangli,1.29,1326.0,433,0.64,1.31,1.07,0.39,0.14,84,120.0,150,18,40.71,0.44,0.22,0.26,Nutrient Deficient
1332.0,Sangli,1.01,1440.0,709,0.39,2.66,1.29,0.37,0.2,68,249.0,97,49,44.71,0.29,0.49,0.39,Nutrient Deficient
2809.0,Sangli,1.41,1125.0,971,0.57,2.57,1.92,0.79,0.13,93,99.0,71,45,38.85,0.48,0.32,0.26,Nutrient Excess
2416.0,Sangli,1.34,1190.0,678,0.52,4.96,1.64,0.69,0.16,379,88.0,175,58,60.74,0.51,0.51,0.43,Toxicity Risk
1106.0,Pune,1.12,865.0,712,0.21,3.46,0.94,0.25,0.13,149,129.0,56,23,46.12,0.41,0.15,0.28,Nutrient Deficient
534.0,Sangli,0.79,924.0,597,0.37,2.55,1.28,0.51,0.17,69,78.0,98,62,52.64,0.31,0.22,0.15,Nutrient Deficient
1466.0,Sangli,1.23,825.0,718,0.54,3.21,0.71,0.46,0.13,67,84.0,66,12,52.64,0.53,0.19,0.31,Nutrient Deficient
24.0,Sangli,1.27,1019.0,581,0.34,1.75,1.09,0.39,0.14,166,112.0,66,9,50.74,0.41,0.32,0.31,Nutrient Deficient
2247.0,Sangli,1.47,1055.0,411,0.21,1.9,1.36,0.43,0.11,147,88.0,121,73,54.7,0.51,0.16,0.07,Nutrient Deficient
1414.0,Sangli,1.01,1017.0,609,0.22,2.38,1.36,0.51,0.12,67,41.0,89,33,49.12,0.63,0.21,0.15,Nutrient Deficient
2838.0,Sangli,1.06,805.0,363,0.33,1.74,1.28,0.58,0.12,62,40.0,89,19,46.6,0.66,0.23,0.35,Nutrient Deficient
5030.0,Solapur,1.29,923.0,379,0.23,3.04,1.07,0.25,0.12,121,30.0,87,25,41.08,0.63,0.32,0.45,Nutrient Deficient
2182.0,Sangli,1.34,907.0,769,0.55,1.96,1.53,0.67,0.14,61,119.0,110,368,43.71,0.6,0.23,0.18,Balanced / Optimal
3322.0,Sangli,1.32,1015.0,512,0.54,1.38,0.59,0.33,0.14,68,74.0,156,75,34.54,0.38,0.16,0.19,Nutrient Deficient
4230.0,Pune,1.32,1021.0,518,0.66,3.58,1.21,0.4,0.17,50,49.0,87,58,47.27,0.45,0.48,0.18,Nutrient Deficient
2363.0,Sangli,1.23,1149.0,492,0.62,1.23,0.93,0.47,0.13,88,86.0,110,74,44.87,0.39,0.47,0.43,Nutrient Deficient
3899.0,Sangli,0.95,1391.0,711,0.25,3.01,1.66,0.7,0.13,73,101.0,112,20,56.17,0.42,0.41,0.19,Nutrient Deficient
2209.0,Sangli,1.21,995.0,478,0.84,3.93,0.99,0.35,0.15,69,82.0,62,19,56.17,0.51,0.23,0.31,Nutrient Deficient
4245.0,Pune,1.16,988.0,471,0.34,1.57,0.76,0.41,0.13,95,97.0,40,24,48.99,0.48,0.34,0.17,Nutrient Deficient
3266.0,Sangli,1.62,1126.0,711,0.33,2.66,1.19,0.56,0.14,56,93.0,58,14,41.78,0.49,0.43,0.4,Nutrient Deficient
1460.0,Sangli,1.52,1480.0,478,0.44,3.2,1.86,0.74,0.12,71,101.0,65,217,51.71,0.61,0.26,0.26,Nutrient Excess
2404.0,Sangli,1.53,1055.0,472,0.44,2.27,0.69,0.39,0.11,75,64.0,57,274,46.17,0.57,0.21,0.28,Nutrient Deficient
2924.0,Sangli,1.34,1110.0,498,0.47,3.13,0.86,0.41,0.14,101,101.0,53,209,50.05,0.51,0.26,0.21,Nutrient Deficient
627.0,Sangli,1.06,997.0,512,0.68,2.52,1.79,0.51,0.17,265,93.0,119,66,57.71,0.49,0.5,0.32,Toxicity Risk
2402.0,Sangli,1.11,1019.0,409,0.63,1.76,0.88,0.52,0.14,175,137.0,157,26,48.16,0.71,0.18,0.19,Nutrient Deficient
3974.0,Sangli,1.86,1470.0,780,0.43,1.46,1.29,0.56,0.17,65,111.0,111,21,41.12,0.46,0.25,0.39,Balanced / Optimal
3809.0,Sangli,1.32,1207.0,392,0.29,1.21,1.15,0.53,0.17,49,83.0,113,34,40.7,0.49,0.39,0.26,Nutrient Deficient
1530.0,Sangli,0.67,815.0,337,0.4,1.32,1.65,0.79,0.2,91,105.0,78,20,46.78,0.71,0.23,0.39,Nutrient Deficient
2075.0,Sangli,1.8,950.0,667,0.74,2.22,0.72,0.34,0.14,89,76.0,149,79,50.92,0.47,0.26,0.14,Nutrient Deficient
2555.0,Sangli,1.29,779.0,509,0.16,1.08,1.28,0.57,0.12,82,44.0,104,52,46.6,0.49,0.08,0.14,Nutrient Deficient
2661.0,Sangli,1.34,805.0,678,0.25,1.14,0.7,0.33,0.13,75,153.0,54,8,51.66,0.51,0.18,0.21,Nutrient Deficient
2348.0,Sangli,1.11,899.0,433,0.68,2.28,1.25,0.39,0.14,39,76.0,76,203,51.71,0.54,0.19,0.19,Nutrient Deficient
1277.0,Sangli,2.02,1280.0,600,0.32,1.77,0.85,0.39,0.14,63,108.0,138,70,49.84,0.51,0.19,0.21,Nutrient Deficient
5172.0,Solapur,0.95,1237.0,578,0.42,1.03,1.13,0.36,0.14,50,82.0,92,21,46.62,0.42,0.26,0.32,Nutrient Deficient
2833.0,Sangli,1.27,978.0,574,0.72,3.3,1.39,0.51,0.14,171,76.0,96,15,42.51,0.55,0.15,0.35,Nutrient Deficient
724.0,Sangli,2.24,940.0,671,0.64,2.25,1.25,0.43,0.15,39,91.0,112,42,40.92,0.41,0.46,0.26,Nutrient Deficient
3110.0,Sangli,1.43,1290.0,887,0.19,1.74,1.04,0.58,0.13,45,59.0,72,17,61.17,0.47,0.35,0.35,Nutrient Deficient
1526.0,Sangli,1.28,1094.0,465,0.17,2.0,0.96,0.46,0.12,41,83.0,112,21,40.12,0.46,0.24,0.21,Nutrient Deficient
4584.0,Pune,1.64,1125.0,718,0.39,2.67,1.82,0.68,0.14,64,158.0,129,56,51.78,0.55,0.24,0.21,Nutrient Deficient
463.0,Sangli,1.06,905.0,471,0.76,2.9,0.93,0.37,0.17,52,65.0,115,16,50.74,0.5,0.39,0.18,Nutrient Deficient
4062.0,Sangli,1.62,917.0,497,0.46,1.44,1.09,0.56,0.13,98,91.0,111,71,52.7,0.44,0.37,0.32,Balanced / Optimal
4999.0,Solapur,1.72,1448.0,613,0.5,2.7,0.61,0.37,0.16,59,29.0,102,46,40.62,0.43,0.43,0.32,Nutrient Deficient
3177.0,Sangli,0.9,1125.0,709,0.18,1.87,1.02,0.5,0.13,77,119.0,112,20,54.77,0.46,0.25,0.17,Nutrient Deficient
3603.0,Sangli,1.74,1200.0,709,0.25,3.27,1.18,0.4,0.13,60,108.0,106,81,39.85,0.49,0.19,0.5,Toxicity Risk
2772.0,Sangli,1.22,1210.0,493,0.66,2.17,2.54,0.67,0.12,211,85.0,55,317,64.9,0.56,0.3,0.21,Nutrient Deficient
5108.0,Solapur,0.93,851.0,678,0.25,2.45,0.67,0.23,0.12,50,27.0,59,12,38.63,0.54,0.21,0.39,Nutrient Deficient
2847.0,Sangli,1.27,1111.0,711,0.24,1.84,1.64,0.5,0.12,104,152.0,119,52,47.17,0.49,0.3,0.21,Nutrient Deficient
3742.0,Sangli,1.06,946.0,511,0.35,2.46,1.34,0.43,0.18,52,110.0,110,36,39.47,0.47,0.3,0.28,Nutrient Deficient
1048.0,Sangli,1.18,1470.0,911,0.34,2.87,1.14,0.49,0.15,61,167.0,162,185,54.69,0.58,0.39,0.33,Nutrient Deficient
2120.0,Sangli,1.18,991.0,673,0.39,3.17,1.16,0.44,0.12,96,61.0,123,19,54.12,0.6,0.23,0.17,Nutrient Deficient
4544.0,Pune,1.48,929.0,472,0.47,1.09,0.63,0.31,0.14,59,79.0,53,58,49.68,0.43,0.21,0.14,Nutrient Deficient
4591.0,Pune,1.23,1015.0,610,0.45,2.31,1.05,0.49,0.17,55,40.0,79,17,57.74,0.52,0.29,0.2,Nutrient Deficient
4239.0,Pune,1.43,1164.0,409,0.39,2.76,0.67,0.2,0.1,63,65.0,46,13,52.64,0.53,0.32,0.14,Nutrient Deficient
1816.0,Sangli,1.27,1058.0,776,0.54,3.54,1.26,0.66,0.17,52,138.0,134,73,43.66,0.38,0.41,0.16,Nutrient Deficient
1330.0,Sangli,1.16,997.0,677,0.32,1.39,1.51,0.45,0.14,69,40.0,52,24,56.93,0.47,0.2,0.21,Nutrient Deficient
3889.0,Sangli,1.11,848.0,556,0.53,3.42,1.47,0.57,0.17,53,115.0,131,18,41.78,0.47,0.45,0.2,Nutrient Deficient
3702.0,Sangli,1.53,1206.0,408,0.52,3.98,1.87,0.52,0.15,278,59.0,113,28,50.17,0.51,0.41,0.23,Nutrient Excess
5076.0,Solapur,1.06,999.0,468,0.6,2.45,1.29,0.44,0.15,63,61.0,111,34,52.64,0.52,0.2,0.32,Nutrient Deficient
3170.0,Sangli,1.48,1195.0,405,0.47,3.1,1.01,0.38,0.17,101,53.0,97,15,51.78,0.47,0.23,0.14,Nutrient Deficient
2206.0,Sangli,1.06,749.0,312,0.44,2.43,1.35,0.48,0.14,46,27.0,36,16,54.37,0.46,0.19,0.21,Nutrient Deficient
5167.0,Solapur,1.37,1004.0,567,0.21,1.18,1.29,0.61,0.12,72,95.0,86,15,40.62,0.43,0.27,0.21,Nutrient Deficient
4567.0,Pune,1.16,782.0,518,0.44,1.24,1.12,0.51,0.15,65,51.0,105,39,39.04,0.43,0.4,0.39,Nutrient Deficient
2588.0,Sangli,1.12,1214.0,702,0.39,1.38,0.77,0.39,0.16,27,84.0,106,36,50.66,0.57,0.24,0.28,Nutrient Deficient
1554.0,Sangli,1.84,1151.0,612,0.58,3.26,0.84,0.4,0.14,75,90.0,84,30,41.12,0.47,0.31,0.18,Nutrient Deficient
984.0,Pune,1.46,1460.0,666,0.26,2.5,1.15,0.51,0.16,82,104.0,162,43,48.71,0.46,0.45,0.5,Toxicity Risk
1831.0,Sangli,1.73,1093.0,508,0.61,1.76,0.65,0.26,0.19,83,98.0,75,37,56.12,0.51,0.18,0.21,Nutrient Deficient
3925.0,Sangli,1.53,1215.0,960,0.62,1.45,0.61,0.27,0.14,38,82.0,105,17,51.15,0.5,0.41,0.59,Toxicity Risk
2272.0,Sangli,0.9,827.0,711,0.63,3.69,1.43,0.6,0.14,66,38.0,102,58,49.84,0.54,0.46,0.19,Nutrient Deficient
2431.0,Sangli,1.22,1208.0,371,0.41,3.04,1.36,0.58,0.1,53,130.0,113,29,49.22,0.54,0.24,0.18,Nutrient Deficient
1885.0,Sangli,1.62,1284.0,516,0.59,2.33,0.75,0.36,0.13,45,18.0,114,74,54.37,0.53,0.22,0.19,Nutrient Deficient
914.0,Sangli,0.95,1475.0,863,0.3,2.78,0.97,0.38,0.14,103,43.0,149,32,50.63,0.52,0.44,0.49,Nutrient Deficient
4629.0,Pune,1.62,1013.0,708,0.28,2.06,0.62,0.31,0.16,43,31.0,105,23,45.73,0.49,0.4,0.14,Nutrient Deficient
2251.0,Sangli,1.12,820.0,516,0.25,1.95,1.31,0.53,0.13,47,170.0,51,18,56.86,0.52,0.4,0.29,Nutrient Deficient
512.0,Pune,1.16,1047.0,474,0.26,3.07,1.27,0.52,0.16,59,129.0,90,98,76.81,0.45,0.25,0.21,Nutrient Deficient
3956.0,Sangli,1.27,1012.0,700,0.29,2.73,1.02,0.4,0.13,67,49.0,59,12,51.71,0.38,0.44,0.48,Nutrient Deficient
2238.0,Sangli,1.0,1165.0,692,0.15,1.23,1.56,0.54,0.15,69,133.0,132,12,47.11,0.44,0.37,0.18,Nutrient Deficient
2129.0,Sangli,0.96,1035.0,512,0.41,2.44,2.78,0.63,0.13,104,184.0,78,66,44.86,0.41,0.3,0.19,Nutrient Deficient
2040.0,Sangli,1.4,1350.0,678,0.37,2.41,0.89,0.33,0.16,60,123.0,185,94,41.78,0.42,0.42,0.35,Nutrient Deficient
1785.0,Sangli,1.21,1207.0,509,0.48,0.98,0.59,0.29,0.16,55,70.0,91,17,37.98,0.53,0.26,0.23,Nutrient Deficient
4606.0,Pune,1.23,1004.0,509,0.49,3.66,0.98,0.39,0.16,80,44.0,38,12,46.71,0.49,0.43,0.14,Nutrient Deficient
4420.0,Pune,1.59,949.0,633,0.34,2.41,0.66,0.41,0.13,82,81.0,114,31,48.13,0.43,0.32,0.14,Nutrient Deficient
874.0,Sangli,1.34,1040.0,516,0.5,1.77,0.67,0.43,0.12,316,52.0,49,19,45.12,0.47,0.33,0.5,Toxicity Risk
298.0,Sangli,1.27,896.0,693,0.58,2.46,1.09,0.51,0.1,61,39.0,78,20,50.13,0.41,0.31,0.18,Nutrient Deficient
4697.0,Pune,1.87,1450.0,618,0.25,3.19,0.91,0.4,0.13,74,100.0,85,12,54.14,0.51,0.28,0.46,Nutrient Deficient
1353.0,Sangli,1.34,1190.0,711,0.33,2.51,1.11,0.38,0.17,53,184.0,71,10,48.56,0.51,0.36,0.43,Nutrient Deficient
2974.0,Sangli,1.06,1245.0,592,0.53,2.79,0.83,0.43,0.16,42,56.0,62,11,50.61,0.51,0.45,0.39,Nutrient Deficient
424.0,Pune,1.21,998.0,778,0.56,3.19,0.61,0.39,0.17,85,37.0,51,19,50.87,0.39,0.28,0.14,Nutrient Deficient
2763.0,Sangli,1.62,1296.0,678,0.41,4.04,0.78,0.36,0.15,50,72.0,56,12,59.36,0.49,0.5,0.54,Toxicity Risk
3140.0,Sangli,1.06,1094.0,625,0.4,1.35,1.78,0.58,0.15,62,69.0,81,26,56.17,0.54,0.19,0.13,Nutrient Deficient
764.0,Sangli,2.07,1500.0,561,0.28,2.28,0.76,0.42,0.14,98,34.0,105,17,41.66,0.43,0.38,0.55,Toxicity Risk
220.0,Sangli,0.9,874.0,392,0.35,3.03,0.77,0.36,0.1,101,111.0,331,23,44.71,0.55,0.27,0.32,Nutrient Deficient
650.0,Pune,1.62,1253.0,538,0.48,4.23,0.81,0.38,0.12,91,121.0,88,12,39.17,0.41,0.26,0.14,Nutrient Deficient
4382.0,Pune,1.7,1097.0,523,0.2,2.64,0.89,0.39,0.12,133,66.0,111,24,54.18,0.53,0.35,0.21,Nutrient Deficient
1206.0,Pune,1.18,1045.0,484,0.51,4.0,2.68,0.59,0.18,102,78.0,124,16,58.63,0.57,0.48,0.32,Nutrient Deficient
652.0,Sangli,1.34,861.0,632,0.52,2.2,0.84,0.41,0.12,76,122.0,131,24,41.12,0.44,0.43,0.41,Nutrient Deficient
530.0,Sangli,1.16,1227.0,693,0.34,2.47,0.7,0.35,0.16,82,174.0,125,22,44.01,0.41,0.36,0.21,Nutrient Deficient
2807.0,Sangli,1.29,870.0,392,0.21,2.22,1.09,0.36,0.13,50,89.0,116,65,45.74,0.48,0.14,0.11,Nutrient Deficient
1275.0,Sangli,1.79,1055.0,556,0.22,1.58,1.36,0.58,0.13,62,99.0,109,11,50.11,0.56,0.26,0.21,Nutrient Deficient
2802.0,Sangli,1.9,1315.0,409,0.41,1.08,0.83,0.38,0.14,66,168.0,103,11,47.55,0.51,0.23,0.32,Nutrient Deficient
894.0,Sangli,1.6,1391.0,788,0.38,3.62,1.2,0.39,0.16,46,28.0,52,39,49.17,0.51,0.25,0.29,Nutrient Deficient
1372.0,Sangli,1.4,1215.0,617,0.63,1.81,0.89,0.47,0.13,92,171.0,121,68,44.13,0.47,0.44,0.21,Nutrient Deficient
3082.0,Sangli,1.99,1305.0,492,0.61,3.01,1.18,0.32,0.13,47,54.0,136,12,40.87,0.34,0.43,0.57,Toxicity Risk
3947.0,Sangli,1.0,1163.0,556,0.3,2.9,1.16,0.46,0.12,42,131.0,111,29,47.18,0.46,0.32,0.35,Nutrient Deficient
2609.0,Sangli,1.64,1475.0,378,0.57,2.59,1.09,0.4,0.13,67,81.0,38,41,53.17,0.52,0.29,0.31,Nutrient Deficient
3729.0,Sangli,1.34,1359.0,711,0.32,2.42,1.07,0.53,0.14,68,132.0,98,49,50.66,0.6,0.39,0.29,Nutrient Deficient
3633.0,Sangli,1.28,1045.0,769,0.62,3.11,1.72,0.68,0.15,94,112.0,223,193,52.67,0.63,0.36,0.26,Nutrient Deficient
2775.0,Sangli,1.12,815.0,509,0.53,2.3,0.93,0.49,0.13,53,89.0,92,208,51.78,0.54,0.13,0.21,Nutrient Deficient
1817.0,Sangli,1.56,1190.0,912,0.49,3.15,1.21,0.49,0.15,69,34.0,127,91,56.16,0.47,0.32,0.17,Nutrient Deficient
5040.0,Solapur,1.28,997.0,846,0.43,0.92,1.26,0.62,0.13,58,183.0,192,60,46.63,0.6,0.21,0.14,Nutrient Deficient
2536.0,Sangli,1.51,1058.0,679,0.68,2.09,0.89,0.36,0.15,194,161.0,116,88,53.66,0.38,0.23,0.31,Nutrient Deficient
2921.0,Sangli,1.48,1040.0,419,0.52,2.72,0.86,0.27,0.16,53,76.0,87,37,48.99,0.57,0.31,0.14,Nutrient Deficient
4610.0,Pune,1.06,995.0,471,0.14,1.47,1.27,0.55,0.16,98,33.0,62,13,42.77,0.58,0.31,0.14,Nutrient Deficient
1524.0,Sangli,1.28,1005.0,556,0.39,3.24,1.8,0.53,0.12,58,173.0,150,19,41.66,0.43,0.51,0.43,Toxicity Risk
3660.0,Sangli,1.62,1256.0,601,0.31,3.27,1.65,0.36,0.13,92,78.0,117,16,45.7,0.4,0.33,0.29,Nutrient Deficient
4024.0,Sangli,1.85,1008.0,604,0.41,2.16,0.86,0.47,0.14,51,145.0,122,21,50.92,0.44,0.32,0.17,Nutrient Deficient
4867.0,Pune,1.58,1174.0,711,0.49,2.29,1.13,0.39,0.15,64,101.0,137,27,42.81,0.61,0.48,0.76,Toxicity Risk
2574.0,Sangli,1.08,1116.0,412,0.45,2.65,1.42,0.63,0.13,65,93.0,126,37,41.1,0.47,0.32,0.19,Nutrient Deficient
2187.0,Sangli,1.48,1120.0,617,0.76,2.97,0.67,0.29,0.13,96,62.0,70,13,43.71,0.43,0.23,0.31,Nutrient Deficient
3726.0,Sangli,1.68,1471.0,471,0.3,1.48,0.89,0.37,0.14,129,43.0,41,12,42.69,0.41,0.24,0.21,Nutrient Deficient
1973.0,Sangli,1.96,1300.0,692,0.52,1.91,0.57,0.31,0.16,71,41.0,97,46,52.73,0.51,0.29,0.18,Nutrient Deficient
2951.0,Sangli,0.79,1021.0,678,0.56,3.0,0.85,0.61,0.12,51,72.0,60,12,44.74,0.38,0.37,0.23,Nutrient Deficient
5056.0,Solapur,1.36,885.0,510,0.21,2.87,0.83,0.35,0.12,54,74.0,113,42,39.95,0.39,0.41,0.31,Nutrient Deficient
2684.0,Sangli,1.01,846.0,671,0.23,2.46,0.98,0.63,0.17,118,322.0,116,47,45.12,0.58,0.37,0.16,Nutrient Deficient
4219.0,Pune,1.16,910.0,518,0.46,2.61,1.15,0.5,0.13,71,78.0,49,24,49.17,0.41,0.36,0.2,Nutrient Deficient
1705.0,Sangli,1.4,1480.0,693,0.34,1.51,0.95,0.45,0.14,48,24.0,43,7,43.8,0.51,0.43,0.14,Nutrient Deficient
4418.0,Pune,1.51,901.0,460,0.41,2.33,1.19,0.65,0.13,59,148.0,61,42,45.86,0.43,0.45,0.36,Nutrient Excess
2370.0,Sangli,1.37,1009.0,497,0.49,1.76,0.67,0.33,0.13,55,93.0,95,20,39.73,0.46,0.15,0.14,Nutrient Deficient
1381.0,Sangli,1.28,1353.0,769,0.4,2.1,0.77,0.44,0.14,52,141.0,140,16,49.19,0.52,0.49,0.34,Nutrient Deficient
4728.0,Pune,1.62,1229.0,509,0.48,3.58,1.19,0.38,0.14,113,186.0,153,254,48.12,0.51,0.44,0.57,Toxicity Risk
884.0,Sangli,1.35,1371.0,611,0.36,1.58,0.89,0.4,0.14,58,67.0,132,23,51.18,0.49,0.46,0.23,Nutrient Deficient
713.0,Sangli,1.34,895.0,571,0.32,0.99,1.02,0.26,0.13,39,103.0,63,16,40.01,0.47,0.18,0.19,Nutrient Deficient
1815.0,Sangli,1.11,1097.0,556,0.46,2.27,1.46,0.59,0.17,63,64.0,81,34,54.12,0.47,0.33,0.21,Nutrient Deficient
3495.0,Sangli,1.28,875.0,444,0.35,2.3,1.19,0.42,0.13,72,70.0,61,35,41.57,0.42,0.4,0.16,Nutrient Deficient
3808.0,Sangli,0.9,785.0,517,0.32,2.47,1.79,0.53,0.15,74,40.0,58,31,56.12,0.43,0.29,0.09,Nutrient Deficient
772.0,Sangli,1.18,700.0,416,0.28,1.42,1.23,0.47,0.16,82,75.3,157,38,40.09,0.48,0.32,0.62,Toxicity Risk
1508.0,Sangli,1.29,1395.0,577,0.3,2.66,1.53,0.47,0.12,58,76.0,143,13,40.56,0.49,0.25,0.19,Nutrient Deficient
2188.0,Sangli,1.23,1035.0,678,0.55,2.05,1.51,0.55,0.13,101,119.0,127,41,49.19,0.44,0.29,0.21,Nutrient Deficient
4729.0,Pune,1.29,1450.0,586,0.31,3.94,1.15,0.47,0.13,117,62.0,51,51,51.78,0.45,0.23,0.31,Nutrient Deficient
4693.0,Pune,1.21,1213.0,508,0.46,2.32,2.25,0.53,0.17,72,95.0,40,82,47.12,0.52,0.24,0.14,Nutrient Deficient
2287.0,Sangli,0.9,1028.0,667,0.19,3.69,2.02,0.53,0.13,78,133.0,132,42,54.73,0.43,0.37,0.33,Nutrient Deficient
3298.0,Sangli,1.43,1097.0,618,0.29,1.08,1.09,0.41,0.13,49,145.0,59,35,45.81,0.48,0.26,0.19,Nutrient Deficient
4557.0,Pune,1.51,1228.0,624,0.53,2.32,1.32,0.49,0.14,149,128.0,80,45,45.73,0.49,0.4,0.17,Nutrient Deficient
3557.0,Sangli,1.32,1341.0,468,0.2,3.94,1.39,0.45,0.14,98,50.0,69,31,61.17,0.67,0.29,0.4,Nutrient Deficient
4676.0,Pune,1.34,1102.0,713,0.35,2.47,0.9,0.36,0.13,53,78.0,87,17,52.64,0.43,0.26,0.33,Nutrient Deficient
3009.0,Sangli,1.17,930.0,536,0.62,2.11,0.93,0.31,0.19,55,38.0,89,34,53.67,0.49,0.15,0.14,Nutrient Deficient
529.0,Sangli,1.35,1143.0,673,0.31,2.54,0.66,0.33,0.14,65,101.0,89,101,57.82,0.5,0.39,0.19,Nutrient Deficient
1858.0,Sangli,1.64,1475.0,506,0.43,2.39,1.74,0.51,0.11,67,136.0,123,45,45.11,0.5,0.35,0.31,Nutrient Excess
1037.0,Sangli,1.68,1305.0,786,0.25,3.21,1.18,0.27,0.12,49,128.0,113,12,59.17,0.51,0.29,0.35,Nutrient Deficient
3499.0,Sangli,1.74,1310.0,684,0.46,1.78,0.73,0.21,0.13,69,69.0,106,179,45.12,0.49,0.26,0.16,Nutrient Deficient
2337.0,Sangli,1.48,1612.0,592,0.25,4.44,1.34,0.41,0.12,67,71.0,68,8,50.66,0.51,0.25,0.24,Nutrient Deficient
4335.0,Pune,1.74,1207.0,486,0.67,2.47,0.59,0.15,0.15,45,39.0,59,91,49.17,0.5,0.35,0.19,Nutrient Deficient
72.0,Sangli,1.73,1174.0,494,0.56,3.0,1.74,0.63,0.15,71,52.0,82,44,51.78,0.51,0.26,0.21,Nutrient Excess
702.0,Sangli,1.68,1902.0,693,0.58,2.25,0.65,0.24,0.15,94,66.0,76,25,38.66,0.5,0.37,0.19,Nutrient Deficient
213.0,Sangli,0.9,857.0,471,0.47,1.59,0.69,0.41,0.13,68,101.0,85,149,41.66,0.63,0.17,0.32,Nutrient Deficient
966.0,Sangli,1.74,1460.0,411,0.44,3.76,0.7,0.41,0.18,67,106.0,95,21,52.17,0.43,0.45,0.5,Toxicity Risk
2978.0,Sangli,1.18,835.0,374,0.81,1.63,1.42,0.59,0.16,58,57.0,63,134,56.89,0.51,0.47,0.26,Nutrient Deficient
1488.0,Sangli,1.41,1446.0,589,0.55,1.19,0.69,0.37,0.1,66,67.0,95,23,42.11,0.33,0.2,0.26,Nutrient Deficient
2267.0,Sangli,1.65,1375.0,613,0.53,1.82,0.82,0.49,0.18,75,16.0,79,82,48.66,0.42,0.41,0.21,Nutrient Deficient
3856.0,Sangli,0.82,895.0,601,0.27,2.34,1.16,0.43,0.15,78,62.0,61,28,44.81,0.44,0.27,0.17,Nutrient Deficient
4355.0,Pune,1.06,1018.0,546,0.46,1.71,1.12,0.4,0.14,71,33.0,117,38,51.74,0.38,0.4,0.14,Nutrient Deficient
3090.0,Sangli,1.34,1028.0,488,0.46,1.29,0.76,0.25,0.15,62,83.0,76,19,44.01,0.51,0.14,0.17,Nutrient Deficient
4414.0,Pune,1.12,1016.0,570,0.34,2.83,2.26,0.72,0.2,65,115.0,95,134,61.74,0.53,0.4,0.21,Nutrient Deficient
2498.0,Sangli,1.34,1450.0,574,0.59,2.37,0.61,0.28,0.11,71,34.0,78,14,41.78,0.53,0.24,0.21,Nutrient Deficient
2473.0,Sangli,2.18,1050.0,601,0.52,1.19,0.59,0.26,0.14,51,64.0,111,39,34.66,0.47,0.29,0.21,Nutrient Deficient
2508.0,Sangli,1.46,996.0,373,0.35,2.17,0.67,0.29,0.16,61,265.0,127,22,40.63,0.41,0.32,0.21,Nutrient Deficient
1965.0,Sangli,1.32,1471.0,512,0.35,1.06,1.22,0.54,0.14,83,150.0,59,26,56.17,0.51,0.16,0.26,Nutrient Deficient
2180.0,Sangli,1.18,1156.0,372,0.31,3.13,0.98,0.37,0.15,56,106.0,71,17,51.78,0.47,0.2,0.17,Nutrient Deficient
4563.0,Pune,1.06,851.0,472,0.3,2.55,1.37,0.53,0.14,59,161.0,91,12,51.78,0.42,0.29,0.39,Nutrient Deficient
3329.0,Sangli,0.89,1035.0,631,0.27,1.95,0.9,0.4,0.16,56,109.0,94,110,49.67,0.44,0.33,0.31,Nutrient Deficient
2605.0,Sangli,1.53,1213.0,512,0.42,1.01,0.84,0.39,0.13,51,146.0,140,38,44.74,0.38,0.19,0.17,Nutrient Deficient
70.0,Sangli,1.34,1197.0,391,0.41,1.01,1.4,0.49,0.16,54,47.0,49,15,67.31,0.74,0.21,0.14,Nutrient Deficient
4112.0,Sangli,0.8,950.0,463,0.31,2.34,0.72,0.29,0.14,67,173.0,114,36,46.78,0.57,0.19,0.15,Nutrient Deficient
3334.0,Sangli,1.45,1027.0,871,0.72,2.94,1.83,0.71,0.14,100,103.0,194,47,43.66,0.47,0.28,0.21,Nutrient Excess
4368.0,Pune,1.16,1198.0,612,0.54,3.95,1.97,0.68,0.15,79,105.0,74,17,42.47,0.41,0.31,0.33,Nutrient Deficient
2181.0,Sangli,1.06,909.0,549,0.41,3.11,0.99,0.44,0.17,73,151.0,114,59,49.19,0.4,0.44,0.32,Nutrient Deficient
246.0,Sangli,0.9,1025.0,581,0.41,1.87,1.36,0.54,0.12,98,79.0,132,35,44.74,0.5,0.24,0.24,Nutrient Deficient
4400.0,Pune,1.88,1500.0,460,0.36,3.2,0.67,0.3,0.12,65,41.0,140,58,40.35,0.47,0.45,0.33,Nutrient Deficient
241.0,Sangli,0.78,806.0,571,0.77,2.54,1.63,0.64,0.17,62,106.0,97,42,43.64,0.51,0.2,0.26,Nutrient Deficient
4550.0,Pune,1.12,897.0,792,0.38,2.0,0.86,0.58,0.14,63,73.0,74,28,56.91,0.41,0.23,0.43,Nutrient Deficient
2099.0,Sangli,1.12,1088.0,456,0.48,3.19,1.37,0.56,0.15,92,69.0,71,17,54.66,0.46,0.29,0.21,Nutrient Deficient
3478.0,Sangli,1.69,1158.0,484,0.55,2.71,0.87,0.46,0.15,46,97.0,131,13,58.24,0.61,0.16,0.17,Nutrient Deficient
934.0,Pune,1.06,1475.0,617,0.3,3.28,1.16,0.58,0.15,63,253.0,163,35,43.66,0.61,0.43,0.5,Toxicity Risk
1931.0,Sangli,0.95,796.0,669,0.46,0.76,0.79,0.49,0.14,154,88.0,114,18,39.18,0.53,0.21,0.47,Nutrient Deficient
3159.0,Sangli,1.08,940.0,374,0.15,1.83,1.25,0.47,0.14,89,79.0,84,16,49.84,0.71,0.28,0.31,Nutrient Deficient
510.0,Pune,1.64,1299.0,385,0.6,2.76,1.83,0.71,0.13,75,77.0,56,38,56.96,0.42,0.15,0.27,Nutrient Excess
5062.0,Solapur,1.84,1091.0,625,0.57,4.55,0.98,0.46,0.13,80,148.0,133,131,45.64,0.47,0.5,0.32,Toxicity Risk
336.0,Sangli,0.9,869.0,578,0.31,2.54,2.31,0.69,0.13,83,119.0,96,185,46.81,0.38,0.43,0.29,Nutrient Deficient
2118.0,Sangli,1.06,1190.0,912,0.41,1.26,0.7,0.31,0.14,51,252.0,117,51,43.78,0.47,0.26,0.24,Nutrient Deficient
4254.0,Pune,1.37,1019.0,712,0.65,2.93,1.2,0.47,0.13,76,48.0,57,27,45.92,0.51,0.45,0.38,Nutrient Deficient
4035.0,Sangli,0.95,1212.0,617,0.3,1.68,1.41,0.62,0.11,70,122.0,105,26,40.95,0.51,0.38,0.16,Nutrient Deficient
4350.0,Pune,1.28,1500.0,706,0.31,1.31,0.69,0.49,0.13,64,103.0,61,58,52.56,0.47,0.48,0.29,Nutrient Deficient
4030.0,Sangli,0.89,802.0,460,0.77,1.8,1.07,0.49,0.15,64,63.0,203,54,60.41,0.47,0.3,0.31,Nutrient Deficient
4512.0,Pune,1.12,1095.0,429,0.36,2.58,1.12,0.62,0.15,71,170.0,103,10,61.09,0.46,0.3,0.19,Nutrient Deficient
2805.0,Sangli,1.06,1088.0,338,0.5,3.63,1.15,0.46,0.17,58,99.0,76,47,49.19,0.32,0.25,0.21,Nutrient Deficient
4376.0,Pune,0.87,867.0,471,0.25,1.44,1.12,0.41,0.16,116,141.0,169,67,46.71,0.45,0.48,0.28,Nutrient Deficient
3243.0,Sangli,0.9,1069.0,472,0.36,0.91,1.08,0.55,0.15,61,129.0,127,20,50.92,0.51,0.17,0.14,Nutrient Deficient
3791.0,Sangli,2.07,1333.0,555,0.17,1.11,1.56,0.58,0.14,95,63.0,92,19,54.61,0.5,0.2,0.21,Nutrient Deficient
3044.0,Sangli,0.9,1096.0,566,0.69,1.66,1.08,0.33,0.15,65,156.0,132,36,46.6,0.54,0.14,0.21,Nutrient Deficient
3684.0,Sangli,1.62,1160.0,692,0.52,3.91,0.93,0.31,0.12,55,132.0,135,27,59.23,0.38,0.47,0.29,Nutrient Deficient
784.0,Sangli,1.68,840.0,488,0.42,1.76,1.48,0.41,0.1,40,53.0,94,29,37.11,0.47,0.15,0.31,Nutrient Deficient
2392.0,Sangli,1.34,1219.0,657,0.25,2.22,1.02,0.49,0.15,68,119.0,104,15,55.12,0.54,0.49,0.31,Nutrient Deficient
2340.0,Sangli,1.4,994.0,606,0.51,2.8,1.46,0.61,0.17,66,136.0,134,111,51.17,0.51,0.23,0.26,Nutrient Excess
3389.0,Sangli,1.51,1366.0,612,0.41,3.05,1.14,0.33,0.15,83,59.0,157,27,54.63,0.41,0.45,0.5,Toxicity Risk
4579.0,Pune,1.11,856.0,507,0.57,1.97,0.8,0.38,0.15,75,63.0,151,58,44.01,0.49,0.15,0.15,Nutrient Deficient
4473.0,Pune,1.16,931.0,595,0.6,3.95,1.6,0.42,0.16,72,78.0,45,12,58.7,0.53,0.25,0.25,Nutrient Deficient
4556.0,Pune,1.69,1106.0,417,0.36,3.0,0.92,0.28,0.13,84,44.0,106,51,46.11,0.41,0.21,0.31,Nutrient Deficient
1543.0,Sangli,1.32,900.0,509,0.53,3.88,0.75,0.37,0.14,66,84.0,121,21,47.66,0.49,0.25,0.19,Nutrient Deficient
2229.0,Sangli,1.48,1052.0,611,0.84,2.3,0.67,0.54,0.15,103,39.0,37,14,48.66,0.47,0.23,0.1,Nutrient Deficient
2694.0,Sangli,1.11,856.0,674,0.35,1.53,0.81,0.56,0.11,60,87.0,116,15,41.69,0.54,0.49,0.26,Nutrient Deficient
1570.0,Sangli,1.15,1265.0,612,0.53,3.49,1.94,0.68,0.13,131,133.0,185,88,57.79,0.49,0.38,0.38,Nutrient Deficient
1541.0,Sangli,1.16,756.0,493,0.26,1.31,1.31,0.38,0.16,269,85.0,143,14,50.74,0.53,0.63,0.29,Toxicity Risk
2362.0,Sangli,1.18,1027.0,478,0.74,1.3,0.61,0.37,0.15,103,68.0,96,57,52.12,0.42,0.28,0.26,Nutrient Deficient
2334.0,Sangli,1.16,1207.0,709,0.6,1.85,1.42,0.37,0.14,90,53.0,59,29,58.72,0.67,0.36,0.16,Nutrient Deficient
4193.0,Pune,1.17,1174.0,754,0.27,2.32,1.45,0.6,0.17,44,61.0,79,45,51.81,0.44,0.28,0.21,Nutrient Deficient
1464.0,Sangli,1.46,1091.0,412,0.38,3.18,0.7,0.51,0.14,87,53.0,82,13,50.74,0.43,0.25,0.44,Nutrient Deficient
3490.0,Sangli,1.48,1401.0,700,0.23,1.97,1.41,0.37,0.14,61,52.0,113,14,61.17,0.48,0.43,0.5,Toxicity Risk
3586.0,Sangli,1.34,1044.0,492,0.37,1.87,0.99,0.41,0.13,49,76.0,92,41,51.78,0.47,0.29,0.28,Nutrient Deficient
3026.0,Sangli,1.06,986.0,474,0.35,2.11,1.43,0.49,0.12,82,70.0,98,83,47.61,0.44,0.26,0.15,Nutrient Deficient
2060.0,Sangli,1.43,1490.0,674,0.51,3.21,1.58,0.66,0.12,195,109.0,93,18,52.17,0.47,0.36,0.28,Nutrient Excess
3249.0,Sangli,1.21,835.0,688,0.83,3.76,0.74,0.58,0.13,62,56.0,113,11,44.01,0.54,0.63,0.17,Toxicity Risk
1061.0,Sangli,1.9,1420.0,492,0.42,2.64,0.99,0.34,0.15,56,85.0,120,12,61.17,0.47,0.3,0.35,Nutrient Deficient
887.0,Sangli,1.61,1312.0,813,0.25,1.44,1.2,0.43,0.15,92,83.0,146,61,52.71,0.48,0.41,0.21,Nutrient Deficient
1289.0,Sangli,2.01,1365.0,588,0.66,1.1,0.59,0.28,0.11,73,99.0,159,27,43.8,0.54,0.24,0.33,Nutrient Deficient
2196.0,Sangli,1.27,1400.0,518,0.79,3.63,0.98,0.39,0.16,70,44.0,71,12,60.41,0.5,0.28,0.19,Nutrient Deficient
4575.0,Pune,1.41,1197.0,509,0.32,1.78,0.74,0.37,0.15,95,89.0,155,17,51.66,0.57,0.22,0.15,Nutrient Deficient
4174.0,Pune,1.33,922.0,617,0.53,1.82,1.62,0.49,0.14,68,128.0,85,90,43.67,0.71,0.2,0.28,Nutrient Deficient
346.0,Sangli,0.95,905.0,571,0.34,2.05,0.95,0.42,0.16,69,92.0,125,47,48.12,0.4,0.31,0.21,Nutrient Deficient
2377.0,Sangli,1.84,1331.0,479,0.44,2.38,1.04,0.38,0.13,131,56.0,59,9,46.72,0.41,0.49,0.21,Nutrient Deficient
248.0,Sangli,1.43,1109.0,711,0.44,2.87,1.29,0.53,0.14,54,72.0,76,10,45.71,0.54,0.29,0.16,Nutrient Excess
901.0,Sangli,1.4,1500.0,678,0.46,2.84,0.85,0.36,0.15,37,91.0,81,15,51.66,0.52,0.18,0.21,Nutrient Deficient
1786.0,Sangli,1.0,1310.0,511,0.64,1.16,0.92,0.57,0.14,38,44.0,83,130,44.01,0.59,0.26,0.17,Nutrient Deficient
3631.0,Sangli,1.32,857.0,703,0.26,2.64,1.19,0.71,0.14,51,56.0,78,7,44.12,0.54,0.51,0.35,Toxicity Risk
2293.0,Sangli,1.46,1102.0,612,0.47,2.23,1.01,0.47,0.14,35,71.0,114,17,50.66,0.54,0.28,0.26,Nutrient Deficient
2035.0,Sangli,1.46,1021.0,671,0.31,2.84,1.88,0.5,0.17,77,82.0,97,30,51.14,0.58,0.28,0.28,Nutrient Deficient
291.0,Sangli,1.53,1270.0,617,0.68,2.53,0.67,0.45,0.13,52,53.0,104,11,50.11,0.43,0.27,0.21,Nutrient Deficient
4880.0,Pune,1.27,1183.0,587,0.3,3.37,0.89,0.36,0.16,66,63.0,70,11,54.64,0.41,0.29,0.12,Nutrient Deficient
2260.0,Sangli,1.87,810.0,711,0.46,2.82,1.16,0.51,0.19,212,143.0,139,241,60.41,0.49,0.35,0.17,Nutrient Excess
4390.0,Pune,0.95,857.0,611,0.23,1.76,1.62,0.57,0.14,61,56.0,91,15,71.29,0.5,0.29,0.15,Nutrient Deficient
2936.0,Sangli,1.23,840.0,398,0.2,3.57,1.34,0.54,0.17,428,89.0,89,12,52.11,0.4,0.49,0.37,Nutrient Deficient
4733.0,Pune,1.62,1500.0,460,0.5,2.75,0.97,0.36,0.11,75,74.0,135,40,56.38,0.61,0.5,0.21,Toxicity Risk
1672.0,Sangli,1.11,1170.0,835,0.26,1.07,0.95,0.38,0.16,69,262.0,165,33,46.92,0.51,0.22,0.28,Nutrient Deficient
1880.0,Sangli,1.96,1480.0,493,0.45,3.05,1.01,0.45,0.16,56,148.0,111,29,43.19,0.46,0.43,0.35,Nutrient Deficient
2968.0,Sangli,1.79,1468.0,411,0.54,1.84,0.87,0.29,0.16,75,53.0,61,47,42.62,0.43,0.2,0.14,Nutrient Deficient
2212.0,Sangli,1.18,900.0,492,0.25,2.43,0.88,0.47,0.15,71,76.0,64,12,44.11,0.51,0.27,0.43,Nutrient Deficient
1077.0,Sangli,1.4,1210.0,678,0.27,2.85,1.96,0.72,0.13,91,252.0,77,61,51.67,0.48,0.46,0.21,Nutrient Deficient
1057.0,Pune,1.85,1460.0,871,0.56,1.39,0.67,0.33,0.18,80,71.0,73,11,44.61,0.51,0.45,0.21,Nutrient Deficient
4747.0,Pune,1.06,1012.0,711,0.15,3.02,1.62,0.47,0.1,220,118.0,139,29,64.9,0.43,0.45,0.54,Toxicity Risk
2364.0,Sangli,1.57,1080.0,663,0.22,1.06,2.2,0.49,0.13,76,123.0,98,23,47.81,0.6,0.3,0.31,Nutrient Deficient
1845.0,Sangli,1.85,1490.0,592,0.54,2.17,0.64,0.3,0.16,59,149.0,111,14,43.76,0.43,0.46,0.39,Nutrient Deficient
4798.0,Pune,1.53,1541.0,591,0.52,2.8,0.83,0.31,0.15,55,45.0,152,83,54.53,0.49,0.27,0.28,Nutrient Deficient
4137.0,Pune,1.06,883.0,617,0.53,2.6,0.63,0.45,0.11,45,65.0,62,18,56.13,0.52,0.25,0.14,Nutrient Deficient
4370.0,Pune,1.69,1083.0,717,0.51,1.44,0.62,0.24,0.14,68,65.0,59,13,46.01,0.52,0.29,0.17,Nutrient Deficient
873.0,Pune,1.41,1460.0,818,0.48,3.26,0.8,0.4,0.14,74,102.0,155,17,42.69,0.41,0.38,0.5,Toxicity Risk
2405.0,Sangli,1.59,1094.0,711,0.63,2.23,0.94,0.61,0.14,111,146.0,178,220,36.63,0.42,0.3,0.28,Nutrient Excess
3348.0,Sangli,1.53,1217.0,671,0.69,1.53,0.94,0.29,0.16,79,69.0,132,81,40.01,0.49,0.21,0.21,Nutrient Deficient
2036.0,Sangli,2.17,1278.0,571,0.41,3.27,0.98,0.43,0.13,66,141.0,65,9,46.12,0.46,0.28,0.26,Nutrient Deficient
4812.0,Pune,1.68,1508.0,678,0.49,3.65,0.96,0.36,0.12,58,178.0,111,16,50.76,0.53,0.45,0.3,Nutrient Deficient
373.0,Pune,1.32,1174.0,417,0.32,2.01,1.25,0.38,0.12,54,88.0,96,34,49.71,0.48,0.34,0.29,Nutrient Deficient
3083.0,Sangli,1.4,1207.0,589,0.4,2.98,0.84,0.45,0.13,66,69.0,40,24,49.17,0.49,0.48,0.29,Nutrient Deficient
656.0,Pune,0.89,810.0,413,0.42,3.41,2.89,0.31,0.16,150,25.0,109,58,38.19,0.42,0.25,0.36,Nutrient Deficient
2156.0,Sangli,1.4,919.0,611,0.76,2.78,1.14,0.36,0.16,58,121.0,196,41,43.78,0.49,0.21,0.24,Nutrient Deficient
2050.0,Sangli,1.01,1120.0,512,0.64,1.47,0.87,0.51,0.17,86,169.0,125,297,49.12,0.53,0.29,0.21,Nutrient Deficient
907.0,Sangli,1.01,1470.0,599,0.44,3.69,1.29,0.67,0.13,67,158.0,132,26,49.12,0.49,0.45,0.43,Nutrient Deficient
4720.0,Pune,1.82,1448.0,480,0.86,3.25,0.6,0.41,0.15,96,73.0,53,13,43.48,0.45,0.19,0.21,Nutrient Deficient
1793.0,Sangli,1.05,788.0,411,0.49,1.63,1.46,0.62,0.13,104,174.0,137,110,43.91,0.71,0.18,0.14,Nutrient Deficient
3168.0,Sangli,1.62,876.0,711,0.52,1.64,1.27,0.53,0.12,73,26.0,101,20,40.19,0.33,0.35,0.24,Balanced / Optimal
536.0,Sangli,1.48,1153.0,639,0.46,3.56,1.06,0.44,0.16,63,141.0,125,110,53.51,0.57,0.17,0.24,Nutrient Deficient
4641.0,Pune,0.88,883.0,482,0.48,2.68,1.25,0.46,0.16,50,72.0,113,47,48.72,0.48,0.15,0.21,Nutrient Deficient
2720.0,Sangli,1.53,1075.0,617,0.49,2.15,1.41,0.59,0.16,86,46.0,38,16,47.18,0.49,0.19,0.14,Balanced / Optimal
3987.0,Sangli,1.79,1217.0,748,0.79,3.52,1.07,0.5,0.11,64,25.0,82,17,41.6,0.48,0.24,0.21,Nutrient Deficient
4348.0,Pune,1.37,1304.0,418,0.51,2.47,0.84,0.53,0.14,63,106.0,104,28,49.7,0.43,0.34,0.31,Nutrient Excess
2991.0,Sangli,1.48,1360.0,712,0.21,3.67,0.84,0.44,0.15,80,101.0,147,20,58.65,0.41,0.6,0.21,Toxicity Risk
86.0,Sangli,0.89,997.0,371,0.54,1.42,1.22,0.39,0.1,80,63.0,59,23,48.33,0.52,0.17,0.14,Nutrient Deficient
2957.0,Sangli,1.4,1096.0,692,0.52,1.33,1.56,0.44,0.12,194,97.0,155,185,49.84,0.43,0.27,0.42,Nutrient Deficient
4710.0,Pune,1.0,1480.0,474,0.39,1.94,1.16,0.7,0.15,58,97.0,74,22,56.14,0.54,0.26,0.32,Nutrient Deficient
4783.0,Pune,1.59,1246.0,595,0.63,2.31,0.74,0.44,0.15,53,53.0,51,12,45.02,0.38,0.25,0.21,Nutrient Deficient
1357.0,Sangli,1.51,1190.0,869,0.49,3.03,0.74,0.23,0.18,68,187.0,88,52,50.74,0.52,0.38,0.26,Nutrient Deficient
242.0,Sangli,1.48,1190.0,493,0.4,2.42,1.35,0.59,0.14,71,99.0,95,43,42.12,0.54,0.22,0.18,Nutrient Deficient
3231.0,Sangli,1.12,1331.0,607,0.39,2.55,0.93,0.32,0.16,49,249.0,104,32,56.66,0.51,0.19,0.17,Nutrient Deficient
1030.0,Sangli,1.79,1465.0,611,0.51,3.95,1.02,0.4,0.13,72,101.0,106,12,47.16,0.47,0.49,0.33,Nutrient Deficient
3043.0,Sangli,1.6,955.0,423,0.34,1.54,1.22,0.56,0.13,176,78.0,135,29,47.12,0.51,0.36,0.21,Nutrient Deficient
2995.0,Sangli,1.62,1092.0,574,0.63,1.9,0.67,0.41,0.14,57,39.0,69,16,45.12,0.39,0.23,0.23,Nutrient Deficient
1565.0,Sangli,1.48,950.0,711,0.63,3.26,1.32,0.38,0.16,51,56.0,74,12,52.11,0.47,0.47,0.47,Nutrient Deficient
1209.0,Sangli,1.06,825.0,563,0.15,1.93,1.95,0.59,0.17,80,253.0,88,23,50.92,0.51,0.28,0.19,Nutrient Deficient
2915.0,Sangli,1.34,994.0,560,0.27,1.95,1.92,0.52,0.14,61,67.0,115,14,49.69,0.44,0.47,0.23,Nutrient Deficient
3542.0,Sangli,1.0,846.0,350,0.15,1.04,1.01,0.46,0.14,63,193.0,65,42,41.71,0.57,0.24,0.28,Nutrient Deficient
3849.0,Sangli,1.27,1175.0,357,0.4,2.7,1.07,0.52,0.14,50,91.0,89,22,47.64,0.54,0.26,0.28,Nutrient Deficient
1608.0,Sangli,1.37,1298.0,725,0.36,2.83,1.37,0.62,0.15,83,100.0,152,147,56.84,0.54,0.37,0.21,Nutrient Deficient
3796.0,Sangli,2.18,1503.0,912,0.57,3.75,0.84,0.57,0.13,206,102.0,80,44,50.12,0.51,0.51,0.23,Toxicity Risk
4698.0,Pune,1.19,1107.0,378,0.3,2.76,1.16,0.49,0.1,89,97.0,155,28,50.64,0.54,0.46,0.29,Nutrient Deficient
3588.0,Sangli,1.69,999.0,478,0.64,3.41,0.74,0.29,0.16,74,53.0,101,14,50.92,0.48,0.17,0.17,Nutrient Deficient
1468.0,Sangli,1.79,1305.0,492,0.28,1.35,1.41,0.58,0.14,52,136.0,99,17,46.91,0.53,0.23,0.15,Nutrient Deficient
3724.0,Sangli,1.16,1296.0,611,0.82,3.78,1.65,0.51,0.15,96,72.0,114,256,51.78,0.38,0.45,0.26,Nutrient Deficient
1462.0,Sangli,0.91,841.0,440,0.49,1.82,1.26,0.51,0.14,96,101.0,97,60,57.29,0.52,0.18,0.13,Nutrient Deficient
5019.0,Solapur,1.15,1096.0,599,0.37,2.28,0.58,0.24,0.12,63,27.0,84,13,41.71,0.47,0.24,0.31,Nutrient Deficient
4510.0,Pune,1.85,1169.0,570,0.86,1.6,1.26,0.63,0.1,55,194.0,105,24,41.65,0.41,0.29,0.45,Nutrient Excess
3496.0,Sangli,1.85,996.0,466,0.31,1.13,1.43,0.61,0.1,198,56.0,216,53,42.68,0.52,0.19,0.14,Nutrient Deficient
3145.0,Sangli,1.4,1109.0,497,0.44,4.43,1.54,0.4,0.18,208,161.0,193,365,54.12,0.52,0.5,0.26,Toxicity Risk
4387.0,Pune,1.06,914.0,667,0.3,3.96,0.97,0.31,0.13,125,75.0,70,103,39.33,0.47,0.34,0.65,Toxicity Risk
2064.0,Sangli,1.06,1120.0,816,0.46,1.42,0.83,0.68,0.16,55,160.0,118,322,48.32,0.48,0.29,0.19,Nutrient Deficient
5081.0,Solapur,1.28,1340.0,567,0.58,2.85,0.84,0.31,0.13,51,48.0,64,40,42.79,0.64,0.19,0.23,Nutrient Deficient
2317.0,Sangli,0.95,715.0,611,0.24,1.59,1.14,0.48,0.15,79,117.0,123,13,44.48,42.98,0.25,0.29,Nutrient Deficient
780.0,Sangli,1.68,1350.0,796,0.55,1.9,0.71,0.33,0.18,107,148.0,156,20,34.71,0.43,0.26,0.16,Nutrient Deficient
540.0,Sangli,1.95,1018.0,638,0.64,3.54,1.2,0.57,0.12,131,57.0,107,139,54.36,0.38,0.28,0.21,Nutrient Excess
401.0,Pune,1.0,1004.0,588,0.65,2.95,1.17,0.51,0.14,61,184.0,47,60,46.74,0.6,0.41,0.38,Nutrient Deficient
4755.0,Pune,1.34,784.0,505,0.42,1.86,1.16,0.4,0.15,37,55.0,71,103,50.68,0.37,0.16,0.14,Nutrient Deficient
1743.0,Sangli,0.8,957.0,493,0.33,3.54,0.84,0.41,0.17,65,61.0,83,81,57.82,0.47,0.48,0.35,Nutrient Deficient
1426.0,Sangli,0.78,1264.0,493,0.27,2.52,1.16,0.49,0.13,98,334.0,162,49,44.01,0.6,0.24,0.28,Nutrient Deficient
51.0,Sangli,1.06,996.0,357,0.6,3.13,1.79,0.52,0.14,63,39.0,97,30,49.19,0.44,0.14,0.21,Nutrient Deficient
4497.0,Pune,0.73,762.0,384,0.48,1.31,0.75,0.55,0.13,58,97.0,74,11,40.68,0.65,0.2,0.19,Nutrient Deficient
2208.0,Sangli,0.89,857.0,492,0.45,2.48,1.26,0.56,0.18,66,159.0,193,284,52.78,0.54,0.37,0.43,Nutrient Deficient
3284.0,Sangli,1.96,1213.0,572,0.42,1.21,1.17,0.37,0.16,54,36.0,26,25,55.12,0.52,0.14,0.07,Nutrient Deficient
2170.0,Sangli,2.02,1366.0,673,0.31,2.46,1.06,0.35,0.16,63,34.0,59,31,44.82,0.71,0.28,0.47,Nutrient Deficient
1596.0,Sangli,1.28,1450.0,566,0.26,3.88,1.03,0.39,0.17,69,95.0,91,13,52.18,0.52,0.31,0.35,Nutrient Deficient
505.0,Pune,1.0,995.0,453,0.27,3.51,1.77,0.57,0.14,37,109.0,130,53,64.73,0.37,0.13,0.24,Nutrient Deficient
1183.0,Sangli,1.4,910.0,393,0.26,3.94,1.14,0.51,0.13,163,275.0,173,41,41.57,0.5,0.39,0.28,Nutrient Deficient
5091.0,Solapur,0.95,864.0,383,0.49,2.21,0.47,0.18,0.14,59,81.0,91,25,45.98,0.6,0.29,0.32,Nutrient Deficient
3921.0,Sangli,1.0,906.0,309,0.59,3.0,1.09,0.31,0.13,82,103.0,79,51,39.74,0.47,0.17,0.21,Nutrient Deficient
4830.0,Pune,1.27,1206.0,672,0.28,1.24,1.82,0.62,0.14,91,134.0,172,56,48.71,0.48,0.47,0.18,Nutrient Deficient
4480.0,Pune,1.67,1082.0,711,0.62,3.49,0.74,0.31,0.14,79,43.0,41,66,41.65,0.47,0.36,0.19,Nutrient Deficient
3734.0,Sangli,1.01,822.0,511,0.34,1.96,1.13,0.6,0.13,82,62.0,138,235,46.12,0.42,0.17,0.19,Nutrient Deficient
4346.0,Pune,1.27,945.0,667,0.4,1.45,1.11,0.63,0.15,84,155.0,75,79,49.72,0.47,0.48,0.27,Nutrient Deficient
3814.0,Sangli,1.59,1313.0,578,0.5,3.51,1.67,0.6,0.13,56,67.0,130,77,41.42,0.34,0.16,0.25,Nutrient Excess
288.0,Sangli,1.37,983.0,913,0.37,2.17,1.14,0.44,0.13,124,84.0,92,133,49.71,0.39,0.38,0.33,Nutrient Deficient
4398.0,Pune,1.06,995.0,469,0.49,2.16,1.17,0.41,0.14,55,63.0,132,35,49.7,0.54,0.23,0.14,Nutrient Deficient
2426.0,Sangli,1.69,1402.0,489,0.5,3.19,1.39,0.38,0.16,83,147.0,105,17,43.99,0.49,0.45,0.28,Nutrient Deficient
3135.0,Sangli,1.74,1470.0,792,0.49,2.97,1.02,0.53,0.13,68,56.0,119,190,44.71,0.37,0.36,0.31,Nutrient Excess
2022.0,Sangli,1.16,1200.0,492,0.64,3.86,1.55,0.44,0.18,67,72.0,121,24,59.53,0.53,0.75,0.43,Toxicity Risk
3698.0,Sangli,1.17,1120.0,611,0.22,1.2,1.25,0.4,0.1,70,54.0,70,31,41.22,0.53,0.3,0.15,Nutrient Deficient
3353.0,Sangli,1.01,1200.0,466,0.62,2.33,1.68,0.63,0.12,53,90.0,82,88,47.62,0.44,0.32,0.14,Nutrient Deficient
2039.0,Sangli,1.12,1149.0,433,0.32,1.99,1.15,0.49,0.14,60,102.0,96,26,40.69,0.52,0.34,0.33,Nutrient Deficient
1367.0,Sangli,1.6,1140.0,801,0.23,0.96,1.24,0.41,0.13,49,140.0,111,21,40.18,0.47,0.3,0.21,Nutrient Deficient
1536.0,Sangli,1.27,1044.0,412,0.39,1.34,1.08,0.41,0.15,46,47.0,51,18,46.12,0.6,0.22,0.19,Nutrient Deficient
4524.0,Pune,1.48,1194.0,469,0.69,2.36,0.91,0.57,0.13,62,106.0,80,42,46.68,0.51,0.24,0.14,Nutrient Excess
57.0,Sangli,0.89,956.0,384,0.26,3.52,2.27,0.61,0.14,69,88.0,105,9,50.05,0.54,0.22,0.18,Nutrient Deficient
1892.0,Sangli,1.34,1475.0,769,0.25,3.6,1.14,0.33,0.12,103,142.0,82,68,53.67,0.47,0.37,0.21,Nutrient Deficient
46.0,Sangli,1.17,1215.0,671,0.31,1.95,2.31,0.51,0.15,83,76.0,57,22,53.69,0.42,0.29,0.28,Nutrient Deficient
4748.0,Pune,1.0,957.0,579,0.47,2.95,1.84,0.59,0.16,51,45.0,69,24,54.37,0.41,0.31,0.29,Nutrient Deficient
2068.0,Sangli,1.0,1495.0,414,0.51,3.77,1.43,0.43,0.14,56,84.0,121,67,50.15,0.39,0.51,0.35,Toxicity Risk
1600.0,Sangli,1.27,1120.0,718,0.37,2.43,0.95,0.41,0.16,73,113.0,105,14,53.64,0.54,0.42,0.29,Nutrient Deficient
3931.0,Sangli,1.32,1126.0,588,0.26,1.65,1.01,0.58,0.16,52,183.0,181,50,43.83,0.49,0.48,0.21,Nutrient Deficient
2598.0,Sangli,0.79,1028.0,571,0.42,3.29,1.2,0.51,0.15,77,38.0,107,52,44.12,0.44,0.47,0.21,Nutrient Deficient
3448.0,Sangli,1.11,905.0,471,0.63,2.28,0.71,0.33,0.15,42,109.0,152,21,48.15,0.54,0.2,0.19,Nutrient Deficient
1752.0,Sangli,1.69,969.0,626,0.42,2.25,1.69,0.51,0.16,48,88.0,131,35,52.71,0.43,0.28,0.21,Nutrient Excess
1429.0,Sangli,0.79,849.0,669,0.32,1.41,1.14,0.5,0.13,43,107.0,77,23,42.42,0.63,0.31,0.21,Nutrient Deficient
2893.0,Sangli,1.86,1450.0,419,0.56,2.94,1.15,0.37,0.14,90,81.0,59,21,50.68,0.47,0.48,0.39,Nutrient Deficient
3205.0,Sangli,1.06,1072.0,692,0.37,0.97,0.67,0.29,0.1,84,132.0,148,17,41.57,0.57,0.11,0.35,Nutrient Deficient
1403.0,Sangli,0.9,1210.0,464,0.32,1.73,0.69,0.29,0.13,53,134.0,75,18,42.23,0.57,0.15,0.21,Nutrient Deficient
1754.0,Sangli,1.9,1278.0,508,0.37,3.26,0.69,0.21,0.12,65,169.0,152,20,46.13,0.48,0.32,0.14,Nutrient Deficient
3513.0,Sangli,1.85,1207.0,478,0.37,1.57,1.63,0.47,0.1,380,94.0,75,35,46.09,0.52,0.22,0.07,Nutrient Deficient
3536.0,Sangli,1.68,1805.0,604,0.38,2.55,1.1,0.47,0.15,51,85.0,112,13,41.66,0.43,0.36,0.39,Nutrient Deficient
2751.0,Sangli,1.28,1021.0,718,0.36,2.13,0.94,0.47,0.17,66,211.0,126,12,54.67,0.49,0.48,0.43,Nutrient Deficient
569.0,Sangli,1.0,1009.0,906,0.68,1.62,1.78,0.42,0.14,81,39.0,113,204,47.12,0.53,0.24,0.27,Nutrient Deficient
4542.0,Pune,0.9,1057.0,478,0.32,2.48,1.66,0.44,0.15,50,139.0,40,12,58.07,0.56,0.31,0.14,Nutrient Deficient
307.0,Sangli,1.32,1156.0,479,0.22,2.28,1.33,0.52,0.12,79,43.0,120,40,39.18,0.39,0.29,0.16,Nutrient Deficient
1368.0,Sangli,1.16,1040.0,672,0.48,3.54,1.17,0.58,0.12,82,119.0,249,35,42.36,0.42,0.31,0.35,Nutrient Deficient
3506.0,Sangli,1.62,1110.0,711,0.35,1.76,1.27,0.53,0.13,70,86.0,93,12,44.71,0.48,0.18,0.07,Nutrient Deficient
3194.0,Sangli,1.23,1126.0,639,0.47,2.18,1.26,0.49,0.11,51,81.0,114,59,49.06,0.49,0.27,0.28,Nutrient Deficient
2368.0,Sangli,1.43,1028.0,711,0.32,1.44,1.03,0.43,0.17,65,95.0,62,21,42.94,0.48,0.21,0.23,Nutrient Deficient
1274.0,Sangli,1.61,1027.0,678,0.71,2.34,0.89,0.48,0.1,51,119.0,114,34,40.56,0.47,0.23,0.14,Nutrient Deficient
2828.0,Sangli,1.37,1222.0,523,0.56,1.51,1.93,0.81,0.1,260,48.0,114,29,51.68,0.43,0.34,0.21,Balanced / Optimal
1379.0,Sangli,1.35,1193.0,609,0.39,3.18,0.95,0.44,0.17,87,98.0,54,15,61.66,0.49,0.31,0.26,Nutrient Deficient
3434.0,Sangli,0.67,700.0,423,0.17,2.99,1.69,0.65,0.13,62,110.0,179,37,51.71,0.46,0.26,0.19,Nutrient Deficient
3848.0,Sangli,1.48,1296.0,692,0.38,1.21,1.03,0.31,0.13,51,72.0,127,36,51.64,0.43,0.3,0.17,Nutrient Deficient
3150.0,Sangli,1.01,755.0,396,0.74,1.03,1.45,0.57,0.15,124,57.0,131,98,40.63,0.49,0.24,0.07,Nutrient Deficient
4703.0,Pune,1.53,815.0,392,0.61,1.44,1.54,0.28,0.17,63,69.0,104,203,51.77,0.49,0.16,0.07,Nutrient Deficient
3352.0,Sangli,1.69,987.0,479,0.6,2.11,0.73,0.31,0.19,56,88.0,120,192,57.19,0.37,0.47,0.28,Nutrient Deficient
790.0,Sangli,1.34,1171.0,537,0.43,1.76,0.65,0.28,0.14,48,34.0,94,26,50.05,0.46,0.41,0.23,Nutrient Deficient
3789.0,Sangli,1.4,1400.0,669,0.4,2.51,0.95,0.39,0.12,200,111.0,78,62,37.58,0.39,0.34,0.26,Nutrient Deficient
2994.0,Sangli,1.27,998.0,703,0.25,3.11,1.19,0.44,0.17,91,50.0,127,37,45.75,0.47,0.45,0.15,Nutrient Deficient
292.0,Sangli,1.06,1092.0,801,0.59,2.56,0.77,0.38,0.14,42,72.0,107,47,71.66,0.51,0.18,0.14,Nutrient Deficient
2031.0,Sangli,1.68,1025.0,709,0.38,1.33,1.06,0.4,0.16,103,41.0,88,40,49.78,0.49,0.28,0.14,Nutrient Deficient
2714.0,Sangli,0.9,805.0,371,0.3,1.59,1.09,0.46,0.1,83,104.0,80,17,43.0,0.49,0.28,0.21,Nutrient Deficient
4572.0,Pune,0.9,987.0,401,0.42,3.26,1.82,0.52,0.14,95,66.0,88,13,44.12,0.53,0.23,0.24,Nutrient Deficient
4383.0,Pune,1.0,788.0,392,0.43,2.82,2.23,0.58,0.14,61,59.0,98,23,49.17,0.53,0.29,0.19,Nutrient Deficient
1068.0,Sangli,1.57,1095.0,684,0.2,2.11,1.13,0.36,0.13,61,53.0,156,31,53.66,0.47,0.29,0.14,Nutrient Deficient
5048.0,Solapur,1.54,1072.0,512,0.58,2.24,0.69,0.35,0.14,75,53.0,101,25,61.27,0.54,0.41,0.41,Nutrient Deficient
4704.0,Pune,1.06,879.0,712,0.29,2.32,0.68,0.34,0.14,65,42.0,97,50,45.46,0.37,0.35,0.25,Nutrient Deficient
1577.0,Sangli,0.75,920.0,707,0.31,1.59,0.84,0.43,0.12,41,201.0,114,16,54.67,0.53,0.27,0.27,Nutrient Deficient
4770.0,Pune,1.32,976.0,403,0.25,3.57,2.31,0.65,0.12,78,46.0,62,11,47.66,0.49,0.24,0.15,Nutrient Deficient
129.0,Pune,0.9,882.0,482,0.75,2.75,1.41,0.49,0.12,85,68.0,38,20,52.17,0.61,0.18,0.15,Nutrient Deficient
4164.0,Pune,1.68,1209.0,537,0.53,4.16,0.6,0.47,0.14,68,46.0,39,27,50.8,0.43,0.22,0.14,Nutrient Deficient
3126.0,Sangli,1.16,1025.0,972,0.26,2.88,1.65,0.65,0.12,72,60.0,121,17,53.66,0.6,0.34,0.28,Nutrient Deficient
2538.0,Sangli,1.96,1219.0,632,0.31,2.25,0.7,0.36,0.13,52,147.0,148,37,38.03,0.39,0.23,0.47,Nutrient Deficient
3978.0,Sangli,0.93,1208.0,588,0.43,2.39,0.84,0.29,0.13,428,237.0,136,58,54.18,0.51,0.16,0.31,Nutrient Deficient
3652.0,Sangli,1.21,975.0,478,0.49,3.12,1.36,0.55,0.14,65,72.0,111,23,52.64,0.53,0.37,0.21,Nutrient Deficient
4063.0,Sangli,1.38,905.0,622,0.49,2.2,1.33,0.45,0.16,71,132.0,72,8,42.82,0.49,0.49,0.39,Nutrient Deficient
4344.0,Pune,1.34,1228.0,378,0.52,3.6,2.11,0.31,0.1,91,78.0,51,49,45.78,0.44,0.2,0.17,Nutrient Deficient
4803.0,Pune,1.31,896.0,612,0.38,2.13,1.05,0.53,0.16,64,63.0,88,16,43.69,0.51,0.27,0.31,Nutrient Deficient
2355.0,Sangli,1.12,795.0,509,0.33,1.54,0.65,0.32,0.13,50,74.0,106,62,53.13,0.47,0.2,0.14,Nutrient Deficient
1783.0,Sangli,1.21,1048.0,347,0.17,0.96,1.43,0.65,0.13,99,127.0,130,102,40.27,0.53,0.31,0.29,Nutrient Deficient
4291.0,Pune,1.48,1460.0,408,0.48,3.65,1.83,0.69,0.11,47,124.0,167,52,52.64,0.43,0.24,0.21,Nutrient Excess
1334.0,Sangli,1.27,860.0,718,0.37,3.0,1.86,0.52,0.15,74,298.0,205,24,46.84,0.44,0.29,0.27,Nutrient Deficient
2998.0,Sangli,1.59,1190.0,854,0.38,3.33,1.01,0.51,0.13,54,50.0,83,13,52.17,0.52,0.44,0.41,Nutrient Deficient
3179.0,Sangli,1.08,747.0,581,0.48,2.3,0.72,0.34,0.14,64,110.0,76,9,46.18,0.53,0.18,0.35,Nutrient Deficient
2716.0,Sangli,1.37,1196.0,484,0.23,2.52,0.82,0.32,0.13,104,95.0,67,10,46.78,0.49,0.19,0.21,Nutrient Deficient
3677.0,Sangli,0.9,1127.0,517,0.58,2.67,1.19,0.54,0.15,75,89.0,137,28,56.94,0.52,0.44,0.21,Nutrient Deficient
250.0,Sangli,1.06,997.0,554,0.43,2.28,1.01,0.53,0.13,82,94.0,118,95,42.71,0.52,0.29,0.21,Nutrient Deficient
3020.0,Sangli,0.84,1013.0,488,0.31,1.64,1.32,0.51,0.13,118,109.0,59,16,50.66,0.6,0.19,0.14,Nutrient Deficient
3560.0,Sangli,0.96,953.0,693,0.32,1.92,0.93,0.33,0.13,84,110.0,88,17,49.84,0.47,0.4,0.43,Nutrient Deficient
303.0,Sangli,1.17,1046.0,554,0.32,1.54,0.92,0.46,0.16,54,67.0,110,93,47.66,0.58,0.46,0.33,Nutrient Deficient
1086.0,Pune,1.18,920.0,917,0.32,2.05,0.74,0.39,0.16,62,37.0,69,20,43.74,0.44,0.4,0.33,Nutrient Deficient
3358.0,Sangli,1.32,1470.0,674,0.33,2.54,1.12,0.41,0.13,66,123.0,69,32,47.81,0.42,0.38,0.31,Nutrient Deficient
1728.0,Sangli,1.27,757.0,471,0.45,2.39,1.49,0.61,0.16,64,69.0,62,33,55.4,0.61,0.08,0.16,Nutrient Deficient
403.0,Sangli,1.32,856.0,312,0.61,1.54,1.23,0.52,0.12,82,59.0,71,111,42.71,0.71,0.38,0.31,Balanced / Optimal
3479.0,Sangli,1.06,822.0,585,0.44,1.58,0.86,0.41,0.14,51,84.0,113,59,48.33,0.5,0.24,0.17,Nutrient Deficient
4186.0,Pune,1.2,1485.0,478,0.53,4.18,1.06,0.33,0.15,63,79.0,66,26,54.69,0.39,0.34,0.24,Nutrient Deficient
191.0,Sangli,0.9,850.0,598,0.35,1.7,1.01,0.39,0.09,49,132.0,74,112,50.05,0.67,0.2,0.17,Nutrient Deficient
761.0,Sangli,1.68,1490.0,558,0.47,1.78,0.53,0.3,0.12,38,87.0,57,38,40.63,0.5,0.42,0.16,Nutrient Deficient
1098.0,Pune,0.95,1035.0,512,0.53,3.58,1.79,0.72,0.15,97,189.0,65,9,49.74,0.51,0.44,0.28,Nutrient Deficient
3281.0,Sangli,1.59,820.0,405,0.41,2.04,1.76,0.44,0.13,133,69.0,118,29,46.6,0.52,0.23,0.15,Nutrient Deficient
1837.0,Sangli,1.12,750.0,612,0.38,1.54,1.32,0.49,0.14,63,95.0,148,95,55.47,0.51,0.14,0.14,Nutrient Deficient
5162.0,Solapur,1.16,972.0,463,0.34,2.43,0.91,0.22,0.13,50,21.0,52,9,48.33,0.61,0.48,0.31,Nutrient Deficient
4397.0,Pune,1.42,1430.0,672,0.32,2.72,0.64,0.4,0.16,57,56.0,50,58,47.66,0.51,0.31,0.14,Nutrient Deficient
3108.0,Sangli,1.18,1167.0,341,0.37,1.76,1.53,0.35,0.13,66,65.0,62,23,53.66,0.54,0.18,0.14,Nutrient Deficient
4883.0,Pune,1.06,975.0,509,0.46,2.02,1.96,0.41,0.13,74,147.0,69,83,51.78,0.53,0.32,0.27,Nutrient Deficient
2294.0,Sangli,0.95,967.0,612,0.34,2.05,1.41,0.57,0.15,48,113.0,54,17,61.17,0.57,0.3,0.16,Nutrient Deficient
325.0,Pune,0.9,857.0,471,0.26,1.31,0.75,0.35,0.13,51,63.0,84,37,46.71,0.47,0.29,0.17,Nutrient Deficient
2758.0,Sangli,1.48,1196.0,768,0.65,2.84,1.66,0.69,0.15,67,84.0,116,41,46.17,0.41,0.31,0.21,Nutrient Excess
4181.0,Pune,1.2,995.0,670,0.49,2.8,1.89,0.59,0.16,63,44.0,105,40,47.66,0.51,0.36,0.21,Nutrient Deficient
3585.0,Sangli,0.95,1021.0,518,0.49,3.89,1.7,0.63,0.12,96,101.0,156,20,55.19,0.46,0.26,0.5,Toxicity Risk
4319.0,Pune,1.4,1194.0,693,0.29,1.99,1.11,0.51,0.14,46,57.0,72,12,43.82,0.49,0.15,0.14,Nutrient Deficient
2656.0,Sangli,2.27,1018.0,611,0.42,2.54,0.57,0.22,0.17,93,38.0,152,15,51.18,0.46,0.32,0.28,Nutrient Deficient
4592.0,Pune,1.4,1291.0,969,0.27,3.13,2.31,0.71,0.15,78,116.0,106,66,74.14,0.47,0.46,0.35,Nutrient Deficient
1278.0,Sangli,1.0,1203.0,612,0.59,3.71,1.44,0.48,0.1,86,88.0,138,110,52.17,0.49,0.19,0.35,Nutrient Deficient
4125.0,Sangli,1.16,1255.0,718,0.37,4.39,0.99,0.35,0.13,58,141.0,94,8,48.77,0.45,0.45,0.15,Nutrient Deficient
3710.0,Sangli,1.12,1097.0,712,0.49,3.74,1.29,0.57,0.14,126,260.0,151,18,51.66,0.47,0.46,0.32,Nutrient Deficient
2950.0,Sangli,0.95,820.0,495,0.37,1.83,0.67,0.28,0.12,54,90.0,83,13,47.18,0.51,0.19,0.39,Nutrient Deficient
4212.0,Pune,1.37,900.0,814,0.54,2.15,0.97,0.49,0.12,55,82.0,138,23,44.61,0.58,0.4,0.45,Nutrient Deficient
1780.0,Sangli,1.1,960.0,659,0.53,1.04,1.2,0.41,0.14,43,113.0,121,21,48.13,0.49,0.32,0.15,Nutrient Deficient
2639.0,Sangli,1.12,1013.0,405,0.59,2.91,1.09,0.42,0.13,70,169.0,89,15,48.15,0.59,0.37,0.42,Nutrient Deficient
3958.0,Sangli,0.95,996.0,343,0.67,2.57,2.16,0.55,0.2,59,101.0,40,24,51.78,0.51,0.24,0.21,Nutrient Deficient
4851.0,Pune,0.9,787.0,518,0.62,4.24,1.25,0.39,0.13,212,45.0,71,70,45.84,0.66,0.24,0.16,Nutrient Deficient
1899.0,Sangli,1.18,708.0,431,0.44,3.01,2.86,0.61,0.16,76,84.0,109,45,61.74,0.49,0.21,0.21,Nutrient Deficient
442.0,Sangli,0.95,874.0,401,0.3,1.98,1.39,0.49,0.15,68,205.0,78,45,49.12,0.4,0.27,0.16,Nutrient Deficient
3758.0,Sangli,1.06,1367.0,494,0.55,2.75,1.63,0.58,0.15,70,65.0,102,27,40.74,0.51,0.29,0.28,Nutrient Deficient
506.0,Pune,1.06,1021.0,639,0.27,3.95,1.94,0.68,0.18,59,128.0,152,90,67.31,0.43,0.13,0.3,Nutrient Deficient
4804.0,Pune,1.24,1012.0,703,0.3,2.19,0.89,0.4,0.16,72,78.0,80,33,51.63,0.51,0.34,0.19,Nutrient Deficient
1008.0,Pune,1.51,1005.0,711,0.48,1.07,1.02,0.6,0.16,133,111.0,149,18,48.16,0.47,0.48,0.33,Nutrient Deficient
3051.0,Sangli,1.4,1500.0,678,0.76,4.96,0.89,0.4,0.16,51,158.0,137,13,51.83,0.41,0.43,0.15,Nutrient Deficient
3299.0,Sangli,1.23,1044.0,494,0.46,3.52,2.93,0.79,0.17,52,91.0,82,14,61.03,0.41,0.29,0.14,Nutrient Deficient
1560.0,Sangli,1.18,1041.0,958,0.43,3.75,1.41,0.6,0.14,48,178.0,148,59,50.92,0.42,0.51,0.43,Toxicity Risk
1227.0,Sangli,1.79,1872.0,613,0.43,1.91,0.95,0.41,0.1,82,158.0,78,19,50.08,0.43,0.36,0.32,Nutrient Deficient
3028.0,Sangli,1.48,1305.0,411,0.39,1.82,0.7,0.3,0.15,69,89.0,132,24,43.74,0.51,0.19,0.27,Nutrient Deficient
1843.0,Sangli,1.37,956.0,707,0.42,2.88,0.89,0.4,0.15,62,57.0,118,30,43.61,0.44,0.25,0.2,Nutrient Deficient
2701.0,Sangli,0.9,969.0,601,0.36,2.51,1.33,0.49,0.13,70,56.0,37,12,47.66,0.51,0.27,0.17,Nutrient Deficient
3942.0,Sangli,1.28,1379.0,481,0.42,1.73,0.66,0.39,0.13,64,94.0,66,11,46.78,0.66,0.26,0.14,Nutrient Deficient
3463.0,Sangli,1.49,1215.0,409,0.45,2.97,0.67,0.37,0.16,68,64.0,51,11,46.62,0.54,0.32,0.21,Nutrient Deficient
4846.0,Pune,1.11,1160.0,465,0.52,2.78,1.63,0.48,0.13,116,95.0,155,28,38.2,0.63,0.34,0.19,Nutrient Deficient
2282.0,Sangli,1.6,930.0,678,0.35,1.98,0.7,0.31,0.15,49,34.0,84,14,52.64,0.43,0.4,0.35,Nutrient Deficient
4664.0,Pune,1.32,1101.0,412,0.21,2.27,1.43,0.59,0.1,82,144.0,74,17,46.81,0.44,0.44,0.21,Nutrient Deficient
5094.0,Solapur,1.1,786.0,678,0.39,3.0,1.07,0.32,0.16,81,106.0,61,13,51.75,0.51,0.52,0.21,Toxicity Risk
1847.0,Sangli,1.57,1217.0,701,0.31,2.79,1.39,0.39,0.13,47,59.0,82,10,56.11,0.57,0.27,0.21,Nutrient Deficient
2691.0,Sangli,1.62,1000.0,886,0.6,2.78,1.22,0.53,0.15,67,177.0,81,39,58.68,0.49,0.42,0.28,Nutrient Excess
2477.0,Sangli,0.79,810.0,392,0.21,1.24,0.96,0.36,0.16,40,104.0,97,29,46.17,0.64,0.24,0.18,Nutrient Deficient
3171.0,Sangli,1.74,1096.0,978,0.69,3.82,0.56,0.28,0.1,64,81.0,184,16,49.12,0.43,0.36,0.43,Nutrient Deficient
4943.0,Solapur,1.01,1256.0,450,0.49,4.32,0.97,0.51,0.13,79,27.0,97,25,41.93,0.45,0.26,0.39,Nutrient Deficient
3271.0,Sangli,1.8,1254.0,400,0.46,2.65,0.72,0.49,0.15,54,99.0,113,17,40.63,0.47,0.24,0.26,Nutrient Deficient
2353.0,Sangli,1.12,1198.0,618,0.44,2.09,0.66,0.32,0.16,39,37.0,63,11,63.58,0.52,0.23,0.32,Nutrient Deficient
3330.0,Sangli,1.15,1312.0,389,0.35,2.38,1.69,0.68,0.17,90,184.0,137,58,47.84,0.52,0.46,0.31,Nutrient Deficient
4937.0,Solapur,0.95,950.0,447,0.44,2.36,1.28,0.52,0.15,65,63.0,114,10,49.58,0.51,0.48,0.41,Nutrient Deficient
4257.0,Pune,1.06,908.0,839,0.28,1.03,1.43,0.59,0.16,69,184.0,111,52,54.13,0.46,0.29,0.35,Nutrient Deficient
3568.0,Sangli,1.29,869.0,578,0.29,1.91,1.2,0.44,0.13,82,69.0,150,13,54.37,0.52,0.32,0.35,Nutrient Deficient
2956.0,Sangli,1.22,1115.0,556,0.87,3.94,2.55,0.79,0.16,54,104.0,84,20,61.17,0.43,0.3,0.21,Nutrient Deficient
3718.0,Sangli,1.68,1198.0,618,0.49,1.75,0.89,0.3,0.16,37,57.0,140,48,40.63,0.48,0.37,0.28,Nutrient Deficient
1891.0,Sangli,1.6,1120.0,472,0.71,2.42,1.09,0.47,0.12,65,106.0,105,35,47.81,0.54,0.14,0.17,Nutrient Deficient
4461.0,Pune,1.29,1455.0,516,0.62,4.26,1.63,0.47,0.12,76,123.0,105,146,81.79,0.64,0.36,0.21,Nutrient Deficient
3359.0,Sangli,1.51,1400.0,912,0.44,2.4,0.94,0.39,0.13,65,44.0,118,36,56.92,0.42,0.48,0.43,Nutrient Deficient
2506.0,Sangli,1.9,1173.0,474,0.38,1.28,1.2,0.51,0.13,96,119.0,92,39,44.74,0.46,0.08,0.14,Nutrient Deficient
153.0,Solapur,1.16,897.0,609,0.57,2.28,0.61,0.42,0.15,51,67.0,60,25,57.11,0.44,0.21,0.14,Nutrient Deficient
1682.0,Sangli,0.89,1280.0,536,0.43,3.31,2.31,0.61,0.13,81,101.0,89,16,54.37,0.63,0.49,0.26,Nutrient Deficient
4282.0,Pune,1.12,1055.0,674,0.27,1.44,1.32,0.44,0.14,79,45.0,135,19,57.58,0.69,0.47,0.19,Nutrient Deficient
3555.0,Sangli,1.0,749.0,671,0.42,3.48,1.41,0.69,0.16,88,93.0,97,11,56.96,0.46,0.34,0.26,Nutrient Deficient
4795.0,Pune,1.27,1328.0,491,0.48,2.88,1.61,0.66,0.14,118,186.0,85,55,52.64,0.55,0.44,0.26,Nutrient Deficient
3884.0,Sangli,1.43,1495.0,612,0.34,2.48,1.06,0.49,0.13,35,84.0,76,11,46.81,0.59,0.21,0.21,Nutrient Deficient
106.0,Sangli,1.4,1092.0,678,0.44,2.75,1.02,0.66,0.13,72,115.0,79,36,48.66,0.71,0.21,0.14,Nutrient Excess
3061.0,Sangli,1.4,1207.0,663,0.62,2.21,1.15,0.36,0.13,57,101.0,119,225,51.68,0.47,0.63,0.39,Toxicity Risk
59.0,Sangli,1.84,1207.0,419,0.6,3.43,1.41,0.44,0.16,55,49.0,60,84,61.27,0.52,0.23,0.18,Nutrient Deficient
1293.0,Sangli,1.59,1370.0,392,0.5,1.74,0.88,0.42,0.16,75,40.0,78,39,43.15,0.43,0.26,0.26,Nutrient Deficient
1876.0,Sangli,1.62,1012.0,656,0.6,2.39,1.15,0.39,0.16,84,175.0,180,85,61.42,0.53,0.45,0.25,Nutrient Deficient
1224.0,Sangli,1.06,1215.0,611,0.64,1.65,0.62,0.24,0.16,80,130.0,131,139,41.6,0.35,0.19,0.14,Nutrient Deficient
2143.0,Sangli,1.27,1396.0,712,0.62,3.51,1.14,0.37,0.14,84,85.0,55,17,44.18,0.49,0.42,0.32,Nutrient Deficient
1362.0,Sangli,1.23,1190.0,678,0.55,3.73,1.22,0.51,0.15,55,56.0,89,91,54.05,0.47,0.3,0.16,Nutrient Deficient
3050.0,Sangli,2.02,1466.0,543,0.45,1.96,1.2,0.51,0.13,85,109.0,104,52,50.66,0.71,0.36,0.18,Balanced / Optimal
763.0,Sangli,1.51,1495.0,574,0.35,1.11,0.64,0.33,0.13,43,51.0,104,15,43.74,0.44,0.37,0.39,Nutrient Deficient
315.0,Sangli,1.37,1096.0,498,0.64,2.17,1.31,0.6,0.13,65,38.0,69,35,47.71,0.4,0.29,0.21,Balanced / Optimal
5018.0,Solapur,1.11,1446.0,657,0.37,1.27,1.3,0.65,0.1,48,116.0,69,52,43.04,0.64,0.14,0.14,Nutrient Deficient
3887.0,Sangli,1.46,1319.0,479,0.49,3.0,0.9,0.37,0.17,64,112.0,78,93,46.82,0.47,0.36,0.58,Toxicity Risk
408.0,Sangli,1.27,1109.0,501,0.68,2.85,0.63,0.3,0.16,101,51.0,82,47,46.11,0.43,0.35,0.17,Nutrient Deficient
766.0,Sangli,1.12,1475.0,467,0.3,1.74,1.09,0.44,0.13,47,156.0,102,16,43.78,0.43,0.3,0.31,Nutrient Deficient
5065.0,Solapur,1.53,1445.0,675,0.63,2.36,1.07,0.5,0.13,59,103.0,102,10,43.77,0.54,0.24,0.14,Nutrient Deficient
4950.0,Solapur,1.57,998.0,782,0.48,2.83,0.98,0.39,0.13,81,55.0,89,31,60.73,0.62,0.19,0.14,Nutrient Deficient
210.0,Sangli,1.27,996.0,611,0.31,1.63,0.65,0.48,0.1,81,110.0,145,69,49.55,0.63,0.28,0.17,Nutrient Deficient
4677.0,Pune,1.68,809.0,653,0.51,2.59,0.8,0.47,0.16,79,94.0,180,115,43.66,0.51,0.47,0.31,Nutrient Deficient
4576.0,Pune,1.06,1152.0,375,0.45,3.13,2.65,0.74,0.14,62,178.0,153,57,46.09,0.51,0.29,0.19,Nutrient Deficient
4354.0,Pune,0.9,808.0,492,0.14,2.95,1.54,0.52,0.11,62,85.0,39,20,68.02,0.49,0.23,0.17,Nutrient Deficient
626.0,Sangli,1.08,891.0,478,0.66,3.54,2.11,0.57,0.15,206,109.0,165,85,51.6,0.42,0.54,0.29,Toxicity Risk
467.0,Sangli,1.53,1206.0,578,0.46,2.61,1.15,0.42,0.13,75,72.0,94,18,43.66,0.44,0.36,0.27,Nutrient Deficient
651.0,Sangli,1.56,899.0,714,0.62,2.6,0.74,0.39,0.12,87,37.0,89,17,43.67,0.49,0.42,0.38,Nutrient Deficient
3263.0,Sangli,1.22,1297.0,667,0.58,3.67,1.48,0.53,0.1,95,298.0,114,53,57.84,0.52,0.37,0.26,Nutrient Deficient
3336.0,Sangli,1.12,895.0,565,0.19,2.09,0.59,0.25,0.13,38,88.0,35,10,50.66,0.63,0.38,0.18,Nutrient Deficient
2872.0,Sangli,1.34,911.0,418,0.5,2.54,1.09,0.41,0.14,49,52.0,77,48,53.66,0.38,0.18,0.21,Nutrient Deficient
2703.0,Sangli,1.53,880.0,401,0.42,3.12,1.09,0.38,0.15,61,95.0,98,14,54.37,0.38,0.24,0.28,Nutrient Deficient
4066.0,Sangli,1.0,1007.0,678,0.74,1.81,1.15,0.58,0.13,61,69.0,114,38,50.71,0.46,0.44,0.33,Nutrient Deficient
1927.0,Sangli,1.68,1401.0,501,0.36,2.14,1.43,0.47,0.15,108,101.0,175,32,51.64,0.51,0.31,0.14,Nutrient Deficient
1360.0,Sangli,1.37,998.0,574,0.27,2.97,1.14,0.4,0.13,84,89.0,74,8,50.05,0.52,0.25,0.19,Nutrient Deficient
3473.0,Sangli,0.84,712.0,494,0.3,2.43,1.66,0.58,0.1,54,104.0,107,36,53.66,0.49,0.3,0.28,Nutrient Deficient
121.0,Sangli,1.0,798.0,577,0.45,1.75,0.83,0.82,0.13,46,68.0,53,22,58.68,0.57,0.27,0.14,Nutrient Deficient
3981.0,Sangli,1.46,1255.0,678,0.46,1.61,1.01,0.39,0.16,56,135.0,112,50,50.72,0.6,0.36,0.21,Nutrient Deficient
3948.0,Sangli,1.46,994.0,703,0.44,2.39,0.86,0.37,0.14,46,66.0,74,17,50.11,0.39,0.48,0.31,Nutrient Deficient
4358.0,Pune,0.95,975.0,413,0.39,1.59,1.27,0.37,0.12,51,43.0,83,23,46.63,0.41,0.26,0.17,Nutrient Deficient
444.0,Sangli,0.79,792.0,361,0.48,1.97,1.47,0.63,0.12,56,119.0,67,21,48.01,0.63,0.22,0.17,Nutrient Deficient
2194.0,Sangli,1.18,1115.0,571,0.4,2.97,0.89,0.49,0.19,74,79.0,58,14,53.77,0.5,0.31,0.21,Nutrient Deficient
2986.0,Sangli,1.27,1055.0,516,0.64,1.4,0.76,0.4,0.12,51,106.0,71,58,39.38,0.71,0.26,0.27,Nutrient Deficient
1378.0,Sangli,1.29,1027.0,692,0.29,3.33,1.09,0.57,0.19,109,168.0,175,25,53.72,0.44,0.34,0.32,Nutrient Deficient
593.0,Sangli,1.16,1091.0,511,0.9,4.09,3.02,0.81,0.16,126,37.0,113,155,50.92,0.51,0.37,0.54,Toxicity Risk
2913.0,Sangli,1.51,997.0,711,0.81,1.76,1.49,0.49,0.13,98,50.0,124,136,48.13,0.47,0.24,0.28,Nutrient Deficient
4707.0,Pune,1.06,860.0,569,0.49,1.65,0.66,0.33,0.15,64,45.0,81,19,40.62,0.59,0.47,0.17,Nutrient Deficient
4059.0,Sangli,1.69,800.0,613,0.69,3.25,0.72,0.32,0.17,229,107.0,329,84,54.16,0.4,0.45,0.21,Nutrient Deficient
2580.0,Sangli,1.4,1190.0,601,0.25,0.98,0.84,0.4,0.16,150,120.0,96,20,46.11,0.47,0.42,0.21,Nutrient Deficient
4327.0,Pune,1.06,1424.0,602,0.6,2.17,1.12,0.48,0.12,81,193.0,67,24,44.01,0.61,0.17,0.14,Nutrient Deficient
4343.0,Pune,1.06,899.0,693,0.29,2.52,1.32,0.52,0.13,133,129.0,87,16,43.69,0.61,0.45,0.54,Toxicity Risk
3162.0,Sangli,1.12,966.0,709,0.38,2.09,1.39,0.53,0.12,147,86.0,116,53,39.57,0.47,0.25,0.14,Nutrient Deficient
71.0,Sangli,1.68,1279.0,433,0.39,1.34,1.26,0.52,0.15,66,61.0,59,16,60.41,0.6,0.21,0.28,Nutrient Deficient
2667.0,Sangli,1.9,1480.0,711,0.49,1.29,0.63,0.31,0.17,93,61.0,126,16,34.64,0.61,0.1,0.07,Nutrient Deficient
2053.0,Sangli,0.95,990.0,571,0.32,2.31,0.98,0.56,0.18,99,55.0,108,17,48.64,0.57,0.32,0.25,Nutrient Deficient
84.0,Sangli,1.28,1075.0,494,0.3,1.7,1.44,0.49,0.14,69,59.0,43,17,49.19,0.67,0.25,0.14,Nutrient Deficient
3018.0,Sangli,1.51,1206.0,678,0.83,1.76,1.17,0.47,0.16,59,39.0,148,330,58.67,0.42,0.28,0.34,Nutrient Deficient
4553.0,Pune,1.33,1091.0,511,0.33,3.55,0.86,0.59,0.14,143,109.0,118,13,41.17,0.59,0.49,0.28,Nutrient Deficient
3387.0,Sangli,1.53,1470.0,350,0.49,1.33,1.17,0.56,0.12,60,82.0,83,14,42.18,0.46,0.24,0.4,Balanced / Optimal
360.0,Sangli,1.27,1096.0,382,0.3,2.58,1.19,0.43,0.14,72,104.0,106,62,43.17,0.54,0.35,0.31,Nutrient Deficient
4269.0,Pune,1.06,808.0,508,0.26,1.21,1.71,0.61,0.12,37,43.0,163,37,43.73,0.52,0.21,0.14,Nutrient Deficient
1621.0,Sangli,1.27,1125.0,488,0.47,1.23,1.08,0.51,0.12,154,39.0,101,80,41.74,0.51,0.18,0.19,Nutrient Deficient
2749.0,Sangli,2.02,1575.0,912,0.38,3.52,1.96,0.53,0.15,70,120.0,202,59,49.03,0.44,0.49,0.14,Nutrient Deficient
801.0,Solapur,1.9,730.0,625,0.65,3.05,1.1,0.49,0.16,77,143.0,112,12,51.78,0.49,0.44,0.39,Nutrient Deficient
3221.0,Sangli,1.28,997.0,907,0.45,2.2,1.3,0.58,0.15,381,88.0,180,232,42.68,0.51,0.24,0.21,Nutrient Deficient
1898.0,Sangli,1.34,1193.0,474,0.67,3.19,0.57,0.29,0.19,67,50.0,113,9,50.07,0.44,0.34,0.17,Nutrient Deficient
3113.0,Sangli,1.01,846.0,563,0.31,2.34,1.14,0.42,0.16,43,107.0,59,11,46.89,0.48,0.28,0.21,Nutrient Deficient
5161.0,Solapur,1.12,1349.0,595,0.33,1.68,1.15,0.55,0.13,71,61.0,145,19,46.7,0.41,0.44,0.45,Nutrient Deficient
4075.0,Sangli,1.16,996.0,511,0.31,3.2,1.7,0.45,0.19,101,83.0,95,24,46.81,0.38,0.3,0.35,Nutrient Deficient
2945.0,Sangli,1.86,1285.0,714,0.65,4.05,1.19,0.43,0.17,53,144.0,193,219,46.12,0.46,0.49,0.44,Nutrient Deficient
2107.0,Sangli,1.74,1160.0,795,0.39,1.78,0.59,0.33,0.1,80,41.0,38,12,50.67,0.48,0.3,0.24,Nutrient Deficient
116.0,Sangli,1.41,1058.0,433,0.4,3.31,1.82,0.47,0.13,81,99.0,52,69,51.78,0.52,0.17,0.14,Nutrient Deficient
2028.0,Sangli,1.53,1097.0,574,0.37,3.62,1.26,0.47,0.16,117,129.0,154,66,51.17,0.54,0.24,0.17,Nutrient Deficient
2277.0,Sangli,1.37,1208.0,571,0.5,2.6,1.17,0.39,0.18,52,119.0,81,10,54.7,0.5,0.2,0.28,Nutrient Deficient
774.0,Sangli,1.29,1275.0,709,0.42,1.77,0.77,0.31,0.13,123,211.0,113,67,42.67,0.43,0.45,0.23,Nutrient Deficient
3606.0,Sangli,0.86,906.0,912,0.53,1.75,0.95,0.53,0.15,45,39.0,111,22,54.7,0.51,0.23,0.21,Nutrient Deficient
3539.0,Sangli,1.37,1076.0,763,0.27,1.23,0.76,0.41,0.12,50,51.0,107,23,50.66,0.47,0.26,0.31,Nutrient Deficient
5198.0,Solapur,0.9,1350.0,383,0.36,2.93,0.69,0.49,0.17,59,48.0,69,49,38.8,0.43,0.35,0.21,Nutrient Deficient
3187.0,Sangli,1.5,1017.0,491,0.52,3.72,1.14,0.59,0.15,56,144.0,169,72,42.29,0.38,0.44,0.39,Nutrient Excess
603.0,Sangli,1.16,905.0,718,0.93,2.64,1.66,0.56,0.13,72,79.0,184,167,56.71,0.49,0.45,0.43,Nutrient Deficient
2512.0,Sangli,1.32,905.0,471,0.43,2.64,0.88,0.3,0.15,51,80.0,131,58,50.66,0.54,0.29,0.15,Nutrient Deficient
838.0,Sangli,1.12,1490.0,673,0.49,2.34,0.84,0.4,0.12,71,206.0,132,13,44.01,0.48,0.19,0.39,Nutrient Deficient
1351.0,Sangli,1.38,1047.0,601,0.15,2.96,0.79,0.54,0.12,51,130.0,100,17,50.66,0.49,0.27,0.31,Nutrient Deficient
274.0,Sangli,1.21,1253.0,701,0.49,1.51,0.61,0.42,0.16,45,67.0,55,23,49.07,0.56,0.26,0.21,Nutrient Deficient
4992.0,Solapur,1.41,902.0,705,0.48,2.21,0.74,0.45,0.16,54,63.0,74,46,43.57,0.47,0.29,0.21,Nutrient Deficient
181.0,Sangli,1.43,1044.0,769,0.62,3.46,1.92,0.65,0.13,62,94.0,123,11,43.15,0.57,0.19,0.21,Nutrient Excess
4488.0,Pune,1.53,896.0,471,0.48,2.83,0.74,0.43,0.14,53,46.0,79,21,45.96,0.46,0.15,0.17,Nutrient Deficient
965.0,Sangli,1.23,1190.0,793,0.24,3.52,0.91,0.37,0.17,63,153.0,128,23,53.11,0.38,0.49,0.14,Nutrient Deficient
3632.0,Sangli,1.01,1207.0,718,0.34,3.03,1.92,0.62,0.13,66,64.0,73,41,51.67,0.4,0.4,0.41,Nutrient Deficient
5032.0,Solapur,1.36,1096.0,491,0.65,2.04,0.98,0.49,0.16,47,113.0,62,40,50.21,0.54,0.39,0.14,Nutrient Deficient
1272.0,Sangli,1.32,1093.0,494,0.33,2.8,1.46,0.45,0.14,57,300.0,92,36,51.17,0.45,0.24,0.21,Nutrient Deficient
2777.0,Sangli,1.29,920.0,493,0.39,2.87,1.57,0.47,0.14,96,91.0,93,82,53.78,0.49,0.22,0.14,Nutrient Deficient
5206.0,Satara,1.05,753.0,511,0.46,1.69,1.39,0.58,0.14,86,95.0,97,43,44.83,0.71,0.26,0.28,Nutrient Deficient
1281.0,Sangli,1.16,950.0,749,0.5,2.95,1.23,0.46,0.14,53,73.0,113,26,54.18,0.49,0.34,0.2,Nutrient Deficient
2736.0,Sangli,1.96,1490.0,598,0.31,3.03,0.8,0.28,0.13,96,189.0,197,27,44.81,0.44,0.27,0.21,Nutrient Deficient
2417.0,Sangli,1.32,1298.0,488,0.2,0.95,1.89,0.59,0.14,69,120.0,69,24,40.09,0.39,0.19,0.14,Nutrient Deficient
1455.0,Sangli,1.51,1215.0,863,0.34,1.34,0.84,0.36,0.14,58,100.0,104,50,46.67,0.49,0.47,0.17,Nutrient Deficient
663.0,Sangli,1.64,1805.0,512,0.41,2.08,0.84,0.39,0.13,83,46.0,39,18,48.66,0.41,0.2,0.19,Nutrient Deficient
3332.0,Sangli,1.02,795.0,396,0.38,2.93,1.49,0.46,0.13,69,75.0,67,8,44.12,0.43,0.44,0.47,Nutrient Deficient
4854.0,Pune,1.34,807.0,392,0.64,2.13,0.6,0.24,0.15,48,79.0,43,45,51.63,0.51,0.31,0.34,Nutrient Deficient
391.0,Sangli,1.11,965.0,493,0.55,2.63,0.8,0.39,0.13,84,143.0,88,188,44.81,0.64,0.34,0.19,Nutrient Deficient
3279.0,Sangli,1.37,1420.0,611,0.24,2.34,1.02,0.42,0.15,83,63.0,87,16,50.78,0.52,0.28,0.15,Nutrient Deficient
4996.0,Solapur,1.06,859.0,693,0.64,1.62,0.5,0.27,0.17,63,27.0,53,25,57.58,0.53,0.29,0.2,Nutrient Deficient
575.0,Sangli,1.06,1071.0,718,0.13,2.82,1.51,0.5,0.1,76,58.0,51,12,51.17,0.5,0.29,0.19,Nutrient Deficient
875.0,Sangli,1.51,850.0,678,0.52,3.21,0.57,0.21,0.13,71,41.0,43,54,41.87,0.51,0.29,0.43,Nutrient Deficient
3566.0,Sangli,1.0,1415.0,658,0.32,2.11,1.86,0.61,0.13,49,89.0,112,49,44.01,0.49,0.38,0.43,Nutrient Deficient
2697.0,Sangli,1.29,895.0,711,0.36,1.31,0.89,0.51,0.13,58,92.0,37,229,47.12,0.58,0.37,0.14,Nutrient Deficient
109.0,Sangli,1.23,946.0,571,0.41,1.44,0.91,0.56,0.16,61,35.0,51,16,51.18,0.54,0.17,0.14,Nutrient Deficient
3648.0,Sangli,1.53,1075.0,398,0.47,2.12,0.86,0.41,0.16,61,110.0,100,15,39.12,0.49,0.27,0.19,Nutrient Deficient
1905.0,Sangli,1.53,1160.0,392,0.42,2.58,1.29,0.6,0.1,126,82.0,102,88,43.66,0.47,0.33,0.19,Nutrient Excess
1257.0,Sangli,1.53,1155.0,718,0.42,1.19,1.34,0.55,0.13,72,206.0,123,247,49.78,0.47,0.19,0.21,Balanced / Optimal
3658.0,Sangli,1.12,1183.0,555,0.34,2.82,1.28,0.39,0.17,65,142.0,104,16,49.82,0.52,0.59,0.5,Toxicity Risk
4777.0,Pune,1.16,1460.0,578,0.4,2.97,0.93,0.4,0.16,72,65.0,129,12,51.88,0.53,0.41,0.44,Nutrient Deficient
570.0,Sangli,1.32,1022.0,708,0.71,2.88,2.02,0.74,0.17,75,50.0,119,252,49.78,0.52,0.31,0.19,Nutrient Excess
5197.0,Solapur,1.43,918.0,671,0.57,2.08,0.98,0.4,0.14,81,169.0,149,42,60.9,0.66,0.32,0.14,Nutrient Deficient
2947.0,Sangli,1.79,1120.0,574,0.5,3.94,1.29,0.47,0.17,72,103.0,109,16,49.07,0.59,0.37,0.31,Nutrient Deficient
5115.0,Solapur,1.57,1096.0,711,0.57,2.8,0.91,0.37,0.15,71,106.0,52,42,53.13,0.54,0.2,0.14,Nutrient Deficient
4947.0,Solapur,1.46,1495.0,631,0.21,1.81,1.32,0.61,0.1,50,70.0,123,13,46.24,0.38,0.26,0.19,Nutrient Deficient
5035.0,Solapur,1.0,859.0,728,0.31,3.33,1.25,0.4,0.12,82,45.0,87,11,44.83,0.52,0.31,0.21,Nutrient Deficient
1430.0,Sangli,1.43,1475.0,769,0.68,3.4,0.87,0.46,0.19,84,64.0,112,70,51.78,0.51,0.27,0.21,Nutrient Deficient
1739.0,Sangli,1.9,1490.0,669,0.66,2.93,1.02,0.49,0.16,111,35.0,88,15,55.23,0.42,0.29,0.35,Nutrient Deficient
4199.0,Pune,0.9,872.0,751,0.27,2.21,1.01,0.33,0.15,113,76.0,41,18,46.18,0.47,0.23,0.14,Nutrient Deficient
1512.0,Sangli,1.06,853.0,617,0.27,2.58,0.99,0.43,0.13,211,51.0,111,22,45.11,0.52,0.21,0.14,Nutrient Deficient
5103.0,Solapur,1.01,1033.0,462,0.24,1.69,0.97,0.39,0.1,59,21.0,75,10,38.64,0.42,0.27,0.21,Nutrient Deficient
807.0,Sangli,1.57,1345.0,544,0.54,2.91,0.63,0.31,0.17,62,20.0,49,19,44.78,0.38,0.41,0.16,Nutrient Deficient
4279.0,Pune,1.37,954.0,418,0.31,1.75,0.82,0.28,0.12,63,57.0,90,58,46.71,0.41,0.4,0.2,Nutrient Deficient
572.0,Sangli,1.06,976.0,659,0.51,1.43,1.36,0.6,0.12,83,179.0,138,42,46.78,0.54,0.32,0.21,Nutrient Deficient
4003.0,Sangli,1.37,966.0,638,0.44,1.29,0.89,0.42,0.13,62,156.0,149,17,39.66,0.4,0.29,0.28,Nutrient Deficient
3446.0,Sangli,2.22,1547.0,543,0.33,1.35,0.6,0.33,0.17,59,60.0,54,13,41.69,0.4,0.29,0.17,Nutrient Deficient
3081.0,Sangli,1.12,880.0,613,0.26,2.55,1.19,0.47,0.15,60,422.0,126,17,61.17,0.51,0.23,0.21,Nutrient Deficient
3989.0,Sangli,1.51,1312.0,711,0.59,1.8,1.08,0.47,0.13,45,65.0,156,62,45.71,0.41,0.4,0.5,Toxicity Risk
4645.0,Pune,1.79,1479.0,500,0.54,3.55,0.63,0.24,0.16,79,38.0,81,59,47.77,0.43,0.28,0.29,Nutrient Deficient
3173.0,Sangli,1.29,955.0,511,0.54,1.98,0.83,0.42,0.12,96,228.0,78,52,53.66,0.47,0.22,0.16,Nutrient Deficient
2412.0,Sangli,1.69,1383.0,612,0.41,3.45,1.17,0.49,0.15,84,176.0,68,22,40.56,0.49,0.26,0.26,Nutrient Deficient
745.0,Solapur,1.35,1210.0,512,0.49,4.72,0.82,0.33,0.14,50,18.0,63,13,43.71,0.43,0.29,0.32,Nutrient Deficient
2769.0,Sangli,1.59,1370.0,398,0.59,2.34,0.67,0.36,0.13,84,101.0,117,19,42.72,0.47,0.35,0.43,Nutrient Deficient
3395.0,Sangli,2.24,1270.0,615,0.46,3.25,1.03,0.29,0.1,94,95.0,95,16,56.84,0.48,0.34,0.38,Nutrient Deficient
905.0,Sangli,1.23,1035.0,509,0.29,3.78,1.07,0.39,0.15,71,163.0,108,13,42.17,0.44,0.32,0.35,Nutrient Deficient
4135.0,Pune,1.74,1102.0,892,0.29,2.74,0.89,0.4,0.14,59,88.0,67,31,51.91,0.47,0.23,0.43,Nutrient Deficient
4411.0,Pune,1.53,1430.0,611,0.3,1.22,1.12,0.63,0.14,166,179.0,105,12,44.04,0.37,0.36,0.35,Nutrient Deficient
1657.0,Sangli,1.06,1045.0,468,0.48,3.47,1.28,0.46,0.16,108,68.0,104,48,50.05,0.52,0.18,0.21,Nutrient Deficient
1860.0,Sangli,0.89,946.0,355,0.36,2.54,0.67,0.41,0.1,124,85.0,65,22,41.57,0.37,0.42,0.21,Nutrient Deficient
4894.0,Pune,1.27,1277.0,856,0.3,1.21,0.85,0.43,0.15,108,54.0,109,88,49.17,0.39,0.19,0.21,Nutrient Deficient
4935.0,Solapur,1.85,926.0,705,0.52,2.27,0.98,0.51,0.16,63,107.0,106,27,43.72,0.47,0.43,0.31,Nutrient Excess
4203.0,Pune,1.59,1197.0,643,0.43,2.21,0.67,0.52,0.16,76,121.0,105,14,51.84,0.47,0.41,0.24,Nutrient Deficient
1908.0,Sangli,1.12,1013.0,512,0.72,2.46,1.49,0.79,0.18,81,78.0,78,54,43.74,0.72,0.23,0.19,Nutrient Deficient
3403.0,Sangli,1.16,1020.0,609,0.53,2.18,1.2,0.61,0.14,75,130.0,94,19,51.51,0.54,0.28,0.19,Nutrient Deficient
4711.0,Pune,0.89,994.0,452,0.31,2.77,2.34,0.59,0.15,78,41.0,94,127,56.11,0.47,0.28,0.15,Nutrient Deficient
1366.0,Sangli,1.16,1490.0,408,0.5,2.62,1.28,0.57,0.13,129,260.0,115,33,54.62,0.6,0.17,0.24,Nutrient Deficient
2467.0,Sangli,1.06,955.0,412,0.5,1.3,0.97,0.4,0.16,64,41.0,87,16,41.42,0.59,0.21,0.21,Nutrient Deficient
1894.0,Sangli,1.46,1364.0,398,0.66,2.55,0.93,0.54,0.17,51,102.0,121,12,51.05,0.47,0.45,0.21,Nutrient Excess
3382.0,Sangli,1.28,925.0,560,0.45,2.93,1.09,0.6,0.15,66,71.0,70,57,49.75,0.32,0.3,0.35,Nutrient Deficient
2268.0,Sangli,1.21,801.0,358,0.56,1.31,1.96,0.79,0.12,68,120.0,162,121,43.17,0.48,0.27,0.17,Nutrient Deficient
4302.0,Pune,1.27,859.0,558,0.25,1.08,1.4,0.29,0.14,99,206.0,56,21,41.76,0.51,0.19,0.45,Nutrient Deficient
3320.0,Sangli,1.06,1209.0,768,0.49,2.97,0.51,0.27,0.16,52,118.0,114,18,49.19,0.47,0.26,0.21,Nutrient Deficient
4760.0,Pune,0.89,884.0,510,0.38,1.47,1.61,0.53,0.17,82,75.0,139,37,49.69,0.47,0.24,0.14,Nutrient Deficient
3935.0,Sangli,1.79,1279.0,527,0.57,3.63,0.83,0.35,0.13,79,123.0,135,18,57.82,0.42,0.38,0.28,Nutrient Deficient
2261.0,Sangli,1.45,1190.0,711,0.77,3.84,1.51,0.53,0.15,106,133.0,165,36,46.07,0.42,0.47,0.35,Nutrient Excess
3855.0,Sangli,0.95,1070.0,301,0.33,1.46,1.87,0.48,0.12,58,64.0,62,18,49.66,0.46,0.28,0.16,Nutrient Deficient
5139.0,Solapur,1.58,1350.0,710,0.24,3.56,1.07,0.2,0.15,45,26.0,64,7,41.71,0.43,0.26,0.32,Nutrient Deficient
198.0,Sangli,1.37,1097.0,491,0.23,2.22,1.69,0.64,0.13,53,100.0,128,29,49.06,0.54,0.28,0.32,Nutrient Deficient
916.0,Sangli,1.51,905.0,971,0.54,3.06,0.58,0.34,0.13,53,45.0,97,29,50.92,0.39,0.29,0.21,Nutrient Deficient
3581.0,Sangli,1.34,1206.0,632,0.58,2.4,1.28,0.43,0.17,53,66.0,76,41,54.16,0.51,0.24,0.35,Nutrient Deficient
4273.0,Pune,1.34,1475.0,571,0.44,4.26,0.94,0.35,0.14,187,119.0,148,37,44.73,0.42,0.39,0.5,Toxicity Risk
2014.0,Sangli,1.18,792.0,411,0.4,1.65,1.32,0.43,0.17,70,88.0,80,23,40.12,0.49,0.48,0.38,Nutrient Deficient
4948.0,Solapur,1.14,765.0,589,0.49,2.45,1.16,0.45,0.13,63,105.0,78,18,57.24,0.71,0.22,0.26,Nutrient Deficient
5204.0,Satara,1.0,759.0,409,0.29,0.99,1.02,0.37,0.1,74,112.0,78,37,46.5,0.66,0.22,0.21,Nutrient Deficient
2597.0,Sangli,1.79,1345.0,714,0.51,3.12,0.8,0.44,0.1,64,135.0,179,60,51.78,0.47,0.4,0.41,Nutrient Deficient
2171.0,Sangli,1.0,812.0,493,0.25,1.67,2.13,0.59,0.1,83,210.0,58,12,49.88,0.45,0.26,0.39,Nutrient Deficient
3188.0,Sangli,1.57,798.0,419,0.35,2.9,1.15,0.57,0.12,46,119.0,91,24,41.6,0.49,0.3,0.23,Nutrient Deficient
35.0,Sangli,1.8,1298.0,412,0.44,2.02,0.89,0.43,0.14,64,64.0,35,31,51.64,0.49,0.29,0.21,Nutrient Deficient
2055.0,Sangli,1.69,875.0,848,0.34,1.04,0.7,0.21,0.1,56,38.0,40,13,44.72,0.51,0.22,0.19,Nutrient Deficient
1946.0,Sangli,1.12,968.0,418,0.38,2.82,1.38,0.63,0.13,74,171.0,79,85,57.72,0.44,0.53,0.28,Toxicity Risk
3123.0,Sangli,1.12,805.0,510,0.47,1.9,1.25,0.49,0.14,71,81.0,58,64,44.77,0.34,0.27,0.21,Nutrient Deficient
3431.0,Sangli,1.34,1027.0,655,0.36,1.04,1.22,0.48,0.15,83,169.0,82,13,46.84,0.49,0.41,0.32,Nutrient Deficient
793.0,Sangli,1.79,705.0,694,0.4,1.58,1.01,0.49,0.14,86,110.0,120,72,51.78,0.39,0.39,0.16,Nutrient Deficient
2198.0,Sangli,0.95,997.0,693,0.39,2.42,1.66,0.56,0.14,96,69.0,80,11,61.72,0.52,0.43,0.19,Nutrient Deficient
1581.0,Sangli,1.37,1093.0,517,0.48,3.28,0.98,0.5,0.13,62,50.0,93,27,51.64,0.51,0.38,0.5,Toxicity Risk
3023.0,Sangli,1.64,897.0,514,0.31,2.34,0.79,0.31,0.1,60,37.0,119,17,50.66,0.47,0.29,0.14,Nutrient Deficient
234.0,Sangli,1.0,756.0,571,0.31,1.12,0.88,0.45,0.1,56,156.0,107,19,51.74,0.53,0.28,0.17,Nutrient Deficient
2006.0,Sangli,1.69,996.0,511,0.49,1.63,0.95,0.47,0.2,79,40.0,107,39,51.89,0.49,0.39,0.21,Nutrient Deficient
2723.0,Sangli,1.46,1400.0,598,0.23,3.95,1.49,0.47,0.16,82,205.0,128,20,53.74,0.54,0.28,0.28,Nutrient Deficient
3609.0,Sangli,1.4,765.0,588,0.57,1.05,0.72,0.27,0.14,51,112.0,61,25,40.57,0.48,0.2,0.21,Nutrient Deficient
4494.0,Pune,1.12,1350.0,417,0.25,2.35,1.53,0.4,0.1,71,97.0,79,24,54.13,0.49,0.32,0.28,Nutrient Deficient
1359.0,Sangli,1.59,1420.0,609,0.43,1.87,0.69,0.41,0.11,54,57.0,95,19,41.94,0.59,0.42,0.32,Nutrient Deficient
3484.0,Sangli,1.32,1201.0,509,0.46,2.79,1.38,0.49,0.13,78,79.0,98,26,50.67,0.46,0.26,0.16,Nutrient Deficient
183.0,Sangli,1.32,1017.0,494,0.67,3.57,0.84,0.41,0.13,62,65.0,68,38,51.78,0.54,0.15,0.21,Nutrient Deficient
3794.0,Sangli,1.85,1280.0,715,0.4,3.64,0.87,0.42,0.14,49,184.0,105,12,44.09,0.51,0.49,0.28,Nutrient Deficient
2142.0,Sangli,1.9,1198.0,684,0.32,2.82,0.71,0.38,0.15,99,38.0,138,62,51.64,0.46,0.44,0.5,Toxicity Risk
845.0,Sangli,2.02,1475.0,543,0.37,1.75,0.53,0.33,0.14,47,92.0,105,18,44.88,0.46,0.24,0.31,Nutrient Deficient
3143.0,Sangli,1.49,1097.0,307,0.36,1.31,0.94,0.33,0.15,126,79.0,54,17,43.68,0.7,0.21,0.29,Nutrient Deficient
2539.0,Sangli,1.69,1478.0,509,0.24,3.1,0.59,0.29,0.15,46,170.0,89,17,49.76,0.49,0.25,0.19,Nutrient Deficient
4601.0,Pune,1.29,1361.0,492,0.53,2.82,2.04,0.69,0.18,117,63.0,191,159,42.74,0.47,0.36,0.32,Nutrient Deficient
342.0,Sangli,1.0,1093.0,401,0.47,2.54,1.01,0.5,0.14,50,68.0,133,189,45.03,0.55,0.2,0.16,Nutrient Deficient
4708.0,Pune,1.43,896.0,712,0.51,2.58,0.63,0.46,0.15,74,129.0,102,13,54.11,0.46,0.26,0.24,Nutrient Deficient
4430.0,Pune,1.0,1191.0,366,0.48,2.63,2.61,0.59,0.14,108,56.0,88,56,49.17,0.61,0.3,0.17,Nutrient Deficient
3467.0,Sangli,1.34,1097.0,612,0.59,4.97,0.78,0.34,0.16,193,88.0,120,22,54.67,0.47,0.48,0.5,Toxicity Risk
850.0,Pune,1.57,1450.0,667,0.38,2.28,0.61,0.33,0.15,70,146.0,50,15,52.64,0.47,0.24,0.47,Nutrient Deficient
3722.0,Sangli,1.48,1475.0,693,0.65,1.63,1.09,0.43,0.16,39,38.0,77,57,41.57,0.43,0.31,0.21,Nutrient Deficient
1945.0,Sangli,1.27,857.0,507,0.26,2.65,2.02,0.6,0.16,64,113.0,98,67,48.33,0.49,0.21,0.25,Nutrient Deficient
2989.0,Sangli,1.37,856.0,493,0.67,1.43,0.61,0.32,0.14,52,54.0,112,94,46.81,0.54,0.23,0.14,Nutrient Deficient
1919.0,Sangli,1.43,1215.0,819,0.82,3.92,1.21,0.47,0.16,94,120.0,128,33,53.14,0.42,0.23,0.19,Nutrient Deficient
3686.0,Sangli,2.04,1092.0,401,0.48,2.85,0.7,0.46,0.13,62,79.0,74,140,40.12,0.38,0.22,0.14,Nutrient Deficient
445.0,Sangli,0.84,819.0,309,0.39,2.14,1.74,0.58,0.14,55,66.0,65,34,46.17,0.52,0.34,0.23,Nutrient Deficient
4949.0,Solapur,1.01,859.0,329,0.5,2.12,1.27,0.41,0.12,81,188.0,92,25,52.98,0.54,0.47,0.41,Nutrient Deficient
4309.0,Pune,1.62,1238.0,556,0.52,1.14,0.93,0.4,0.13,51,60.0,71,36,44.01,0.37,0.19,0.2,Nutrient Deficient
2372.0,Sangli,0.7,905.0,474,0.35,3.44,1.23,0.46,0.12,67,95.0,124,29,51.17,0.54,0.35,0.26,Nutrient Deficient
273.0,Sangli,1.21,1096.0,611,0.27,1.66,1.1,0.6,0.13,59,177.0,76,29,45.12,0.54,0.26,0.16,Nutrient Deficient
5159.0,Solapur,1.17,950.0,678,0.47,1.28,0.69,0.32,0.12,48,63.0,92,19,50.77,0.49,0.41,0.39,Nutrient Deficient
3211.0,Sangli,1.32,940.0,492,0.48,1.12,0.86,0.39,0.1,38,65.0,51,9,40.65,0.51,0.25,0.19,Nutrient Deficient
3908.0,Sangli,0.79,809.0,478,0.5,1.84,1.63,0.53,0.15,109,72.0,131,21,50.61,0.51,0.3,0.26,Nutrient Deficient
1848.0,Sangli,1.32,1419.0,692,0.2,0.96,0.71,0.36,0.1,55,41.0,66,16,53.68,0.51,0.2,0.31,Nutrient Deficient
3669.0,Sangli,1.23,1156.0,671,0.67,2.31,0.73,0.4,0.15,85,43.0,90,86,52.64,0.57,0.23,0.07,Nutrient Deficient
3793.0,Sangli,1.06,930.0,362,0.26,1.76,0.72,0.34,0.15,56,67.0,71,7,47.63,0.58,0.34,0.21,Nutrient Deficient
1503.0,Sangli,1.51,1335.0,493,0.42,1.74,0.72,0.39,0.13,72,64.0,107,13,43.64,0.42,0.32,0.47,Nutrient Deficient
4871.0,Pune,1.74,1090.0,641,0.43,2.85,0.86,0.34,0.14,48,56.0,71,52,50.41,0.47,0.4,0.32,Nutrient Deficient
2065.0,Sangli,1.11,840.0,478,0.54,2.13,0.95,0.33,0.16,118,55.0,76,15,52.64,0.59,0.26,0.14,Nutrient Deficient
3975.0,Sangli,1.45,1017.0,712,0.58,2.67,1.02,0.37,0.15,63,153.0,138,32,54.66,0.43,0.29,0.28,Nutrient Deficient
3516.0,Sangli,1.62,785.0,365,0.32,2.21,1.06,0.47,0.12,66,82.0,118,162,40.86,0.47,0.22,0.21,Nutrient Deficient
5124.0,Solapur,1.11,915.0,466,0.34,2.75,0.57,0.25,0.12,50,55.0,55,11,48.33,0.47,0.2,0.27,Nutrient Deficient
3955.0,Sangli,0.84,900.0,609,0.39,3.92,0.97,0.46,0.13,59,70.0,84,18,43.74,0.56,0.46,0.32,Nutrient Deficient
3657.0,Sangli,1.9,1105.0,371,0.32,2.34,1.72,0.61,0.16,59,130.0,90,206,51.77,0.52,0.17,0.21,Nutrient Deficient
2210.0,Sangli,1.68,1581.0,611,0.33,2.38,1.37,0.39,0.14,71,181.0,93,25,51.64,0.44,0.24,0.45,Nutrient Deficient
238.0,Sangli,0.89,876.0,489,0.65,2.11,0.89,0.46,0.16,56,101.0,124,52,44.63,0.51,0.19,0.16,Nutrient Deficient
4991.0,Solapur,1.16,927.0,578,0.48,1.08,0.64,0.31,0.15,50,69.0,60,13,53.18,0.54,0.26,0.26,Nutrient Deficient
3960.0,Sangli,1.35,1365.0,588,0.24,3.24,1.06,0.52,0.13,83,97.0,78,24,45.81,0.39,0.44,0.24,Nutrient Deficient
4625.0,Pune,1.59,809.0,672,0.6,2.82,0.97,0.47,0.13,53,125.0,54,23,51.88,0.4,0.17,0.19,Nutrient Deficient
4956.0,Solapur,0.9,973.0,467,0.44,2.45,1.07,0.45,0.16,46,111.0,174,30,53.15,0.71,0.2,0.31,Nutrient Deficient
284.0,Sangli,1.53,1196.0,673,0.78,2.94,1.34,0.56,0.17,86,100.0,63,60,60.41,0.47,0.17,0.15,Nutrient Excess
1494.0,Sangli,1.45,1096.0,688,0.28,3.76,3.02,0.63,0.17,88,69.0,152,36,59.5,0.68,0.42,0.32,Nutrient Deficient
2887.0,Sangli,1.37,1072.0,711,0.5,2.63,0.86,0.62,0.17,54,119.0,158,59,49.67,0.43,0.42,0.21,Nutrient Excess
4241.0,Pune,1.46,1196.0,711,0.26,2.8,0.91,0.41,0.2,134,39.0,79,17,51.88,0.57,0.28,0.21,Nutrient Deficient
1518.0,Sangli,1.06,997.0,301,0.41,2.1,2.09,0.62,0.14,307,71.0,52,84,56.66,0.67,0.21,0.14,Nutrient Deficient
2449.0,Sangli,1.85,1163.0,881,0.18,1.03,0.84,0.47,0.13,62,115.0,95,85,43.61,0.59,0.19,0.17,Nutrient Deficient
3514.0,Sangli,1.28,1268.0,509,0.53,3.35,1.76,0.47,0.13,76,39.0,57,36,40.86,0.37,0.39,0.14,Nutrient Deficient
2250.0,Sangli,0.89,909.0,392,0.33,2.65,1.36,0.59,0.17,862,204.0,153,30,55.23,0.71,0.24,0.17,Nutrient Deficient
1741.0,Sangli,1.12,990.0,583,0.47,1.88,0.84,0.32,0.17,91,50.0,63,12,41.42,0.71,0.19,0.24,Nutrient Deficient
1875.0,Sangli,1.43,1044.0,453,0.61,2.91,0.79,0.34,0.16,52,65.0,81,16,41.84,0.47,0.21,0.17,Nutrient Deficient
5146.0,Solapur,1.11,928.0,613,0.48,1.06,0.61,0.24,0.15,44,37.0,42,26,49.7,0.69,0.13,0.08,Nutrient Deficient
5165.0,Solapur,1.46,971.0,894,0.34,2.59,0.61,0.29,0.13,73,73.0,65,12,51.78,0.5,0.42,0.1,Nutrient Deficient
3839.0,Sangli,1.11,905.0,604,0.36,3.21,1.17,0.57,0.16,50,89.0,135,25,52.17,0.5,0.26,0.43,Nutrient Deficient
2905.0,Sangli,1.43,1213.0,417,0.17,1.62,0.99,0.45,0.08,74,136.0,114,36,39.63,0.43,0.24,0.21,Nutrient Deficient
3272.0,Sangli,1.23,1175.0,611,0.54,3.1,1.59,0.47,0.17,260,199.0,84,276,56.09,0.57,0.23,0.14,Nutrient Deficient
1809.0,Sangli,1.11,1110.0,423,0.41,1.14,1.09,0.46,0.15,60,95.0,78,39,49.19,0.59,0.16,0.15,Nutrient Deficient
2941.0,Sangli,1.62,1460.0,493,0.48,2.58,2.51,0.59,0.16,379,41.0,148,43,44.01,0.5,0.35,0.33,Nutrient Excess
2837.0,Sangli,1.79,1291.0,911,0.63,3.62,1.11,0.39,0.13,41,59.0,97,26,50.05,0.32,0.41,0.5,Toxicity Risk
3369.0,Sangli,2.06,966.0,356,0.4,2.0,0.86,0.35,0.14,71,35.0,50,42,47.25,0.48,0.14,0.18,Nutrient Deficient
3526.0,Sangli,1.4,907.0,522,0.54,1.85,0.62,0.37,0.14,54,239.0,90,89,48.3,0.51,0.49,0.43,Nutrient Deficient
1934.0,Sangli,1.23,1097.0,417,0.39,2.25,0.74,0.26,0.13,82,106.0,78,280,40.56,0.51,0.2,0.28,Nutrient Deficient
1271.0,Sangli,1.11,827.0,617,0.2,2.71,2.32,0.81,0.12,113,104.0,155,58,50.72,0.46,0.31,0.21,Nutrient Deficient
4848.0,Pune,1.42,1475.0,568,0.24,2.95,1.13,0.66,0.15,115,105.0,101,54,58.16,0.71,0.48,0.32,Nutrient Deficient
3454.0,Sangli,1.36,947.0,492,0.28,2.74,0.74,0.35,0.14,73,51.0,108,25,51.67,0.49,0.34,0.31,Nutrient Deficient
1890.0,Sangli,1.9,1372.0,678,0.19,2.02,1.59,0.63,0.13,164,268.0,118,99,56.17,0.57,0.4,0.21,Nutrient Deficient
1969.0,Sangli,1.06,1221.0,493,0.2,1.85,0.98,0.44,0.13,51,118.0,129,37,47.63,0.49,0.35,0.21,Nutrient Deficient
4403.0,Pune,2.17,1607.0,624,0.54,2.56,0.62,0.29,0.1,50,147.0,126,12,44.04,0.52,0.25,0.39,Nutrient Deficient
110.0,Sangli,1.12,756.0,488,0.4,1.19,0.64,0.37,0.14,192,99.0,122,30,53.84,0.59,0.14,0.14,Nutrient Deficient
3002.0,Sangli,1.45,1096.0,478,0.4,3.41,2.54,0.48,0.15,51,61.0,95,16,50.11,0.44,0.36,0.23,Nutrient Deficient
454.0,Sangli,1.59,1094.0,584,0.38,2.27,1.26,0.6,0.12,177,168.0,89,51,42.11,0.39,0.31,0.17,Nutrient Deficient
1696.0,Sangli,1.27,815.0,601,0.46,3.98,1.17,0.62,0.14,67,43.0,134,36,51.74,0.47,0.39,0.21,Nutrient Deficient
854.0,Pune,1.62,1485.0,712,0.62,2.26,0.63,0.44,0.12,63,47.0,44,20,42.79,0.39,0.13,0.39,Nutrient Deficient
4700.0,Pune,1.21,821.0,478,0.32,1.39,1.05,0.36,0.12,99,63.0,75,56,41.14,0.51,0.19,0.19,Nutrient Deficient
461.0,Sangli,1.27,1190.0,509,0.77,2.34,1.04,0.51,0.13,61,83.0,92,17,42.94,0.43,0.28,0.16,Nutrient Deficient
4705.0,Pune,1.7,1004.0,794,0.38,3.95,0.76,0.42,0.1,69,78.0,91,24,48.07,0.57,0.25,0.24,Nutrient Deficient
49.0,Sangli,1.28,1015.0,418,0.17,2.28,2.34,0.63,0.1,474,263.0,249,85,44.01,0.47,0.1,0.28,Nutrient Deficient
1240.0,Sangli,1.86,1566.0,769,0.5,3.85,1.07,0.41,0.14,57,138.0,68,16,48.5,0.38,0.32,0.31,Nutrient Deficient
4052.0,Sangli,1.9,1592.0,578,0.43,2.82,1.15,0.54,0.16,403,197.0,186,28,53.74,0.57,0.44,0.18,Nutrient Excess
2902.0,Sangli,1.34,1163.0,611,0.18,1.85,1.26,0.52,0.12,51,128.0,108,12,41.12,0.47,0.23,0.24,Nutrient Deficient
1782.0,Sangli,1.23,1470.0,711,0.76,1.84,1.12,0.43,0.14,46,141.0,62,75,44.81,0.41,0.21,0.21,Nutrient Deficient
2985.0,Sangli,1.43,1025.0,671,0.71,1.67,0.87,0.28,0.13,131,106.0,93,59,40.56,0.39,0.36,0.21,Nutrient Deficient
2943.0,Sangli,1.27,996.0,536,0.45,1.19,0.89,0.43,0.13,42,75.0,84,16,41.28,0.51,0.26,0.26,Nutrient Deficient
380.0,Pune,0.84,756.0,432,0.46,0.98,0.67,0.32,0.15,38,105.0,51,19,46.09,0.53,0.29,0.27,Nutrient Deficient
3857.0,Sangli,1.16,996.0,512,0.44,2.42,2.12,0.66,0.14,252,74.0,192,451,54.71,0.49,0.43,0.39,Nutrient Deficient
2666.0,Sangli,1.18,1094.0,711,0.47,2.3,0.71,0.31,0.14,69,138.0,149,16,42.74,0.52,0.43,0.32,Nutrient Deficient
4810.0,Pune,1.29,905.0,518,0.32,2.74,1.28,0.56,0.14,69,91.0,207,34,51.61,0.54,0.56,0.45,Toxicity Risk
3316.0,Sangli,1.06,997.0,701,0.41,2.58,1.05,0.46,0.14,73,53.0,90,25,54.17,0.54,0.45,0.28,Nutrient Deficient
5087.0,Solapur,1.08,1442.0,856,0.47,1.17,0.97,0.39,0.12,79,47.0,45,14,42.26,0.49,0.19,0.14,Nutrient Deficient
848.0,Pune,1.34,1375.0,639,0.42,2.05,0.81,0.4,0.13,108,227.0,71,13,46.6,0.41,0.23,0.47,Nutrient Deficient
3311.0,Sangli,0.95,850.0,558,0.55,2.6,1.66,0.66,0.12,73,38.0,104,316,47.12,0.47,0.23,0.32,Nutrient Deficient
2490.0,Sangli,1.37,1400.0,561,0.5,3.42,1.46,0.56,0.15,109,136.0,125,99,42.88,0.51,0.19,0.16,Nutrient Excess
3773.0,Sangli,1.23,1475.0,368,0.33,1.67,1.1,0.51,0.19,74,138.0,73,20,52.65,0.42,0.21,0.21,Nutrient Deficient
4686.0,Pune,0.84,1110.0,512,0.38,2.27,1.82,0.59,0.16,72,124.0,96,41,51.66,0.41,0.18,0.19,Nutrient Deficient
4726.0,Pune,1.16,793.0,470,0.56,3.58,1.04,0.46,0.12,95,54.0,53,44,44.1,0.53,0.27,0.24,Nutrient Deficient
1064.0,Pune,1.12,1240.0,578,0.3,1.99,1.41,0.63,0.15,77,101.0,153,10,54.6,0.49,0.43,0.33,Nutrient Deficient
1707.0,Sangli,1.15,1125.0,413,0.42,2.55,1.06,0.52,0.13,78,48.0,61,50,40.71,0.54,0.23,0.07,Nutrient Deficient
2907.0,Sangli,1.69,1213.0,692,0.69,1.39,0.98,0.35,0.13,52,120.0,121,49,38.79,0.41,0.24,0.26,Nutrient Deficient
2239.0,Sangli,1.64,1055.0,671,0.33,2.92,1.52,0.6,0.13,195,168.0,99,41,59.12,0.44,0.24,0.21,Nutrient Deficient
2780.0,Sangli,0.95,1297.0,613,0.36,1.16,1.39,0.57,0.13,80,211.0,75,85,42.69,0.43,0.26,0.35,Nutrient Deficient
711.0,Sangli,1.18,1365.0,479,0.35,1.62,0.96,0.29,0.13,51,171.0,89,26,43.71,0.44,0.27,0.32,Nutrient Deficient
4096.0,Sangli,1.57,1198.0,693,0.89,2.88,0.97,0.62,0.13,68,202.0,184,30,48.0,0.51,0.32,0.28,Nutrient Excess
2274.0,Sangli,1.68,1367.0,888,0.38,2.46,0.62,0.28,0.14,60,72.0,76,18,45.7,0.56,0.29,0.21,Nutrient Deficient
39.0,Sangli,0.83,994.0,714,0.29,1.64,2.16,0.62,0.13,256,196.0,91,27,53.67,0.46,0.28,0.27,Nutrient Deficient
1052.0,Sangli,1.06,760.0,689,0.4,3.49,0.96,0.42,0.13,58,85.0,96,12,49.88,0.51,0.25,0.21,Nutrient Deficient
5071.0,Solapur,1.5,975.0,512,0.64,1.71,0.69,0.35,0.13,80,46.0,63,24,51.17,0.47,0.33,0.28,Nutrient Deficient
4205.0,Pune,1.68,1630.0,693,0.63,3.48,1.05,0.46,0.31,69,60.0,117,34,80.92,0.53,0.59,0.43,Toxicity Risk
5099.0,Solapur,1.23,812.0,889,0.42,3.34,1.3,0.35,0.15,92,104.0,102,13,61.22,0.52,0.49,0.41,Nutrient Deficient
1288.0,Sangli,1.74,961.0,701,0.48,2.64,0.94,0.61,0.12,61,96.0,119,38,47.84,0.51,0.37,0.27,Nutrient Excess
489.0,Sangli,1.53,1290.0,711,0.43,3.64,1.59,0.62,0.16,88,116.0,143,118,50.66,0.47,0.32,0.24,Nutrient Excess
1010.0,Sangli,1.29,950.0,493,0.43,1.16,1.23,0.39,0.15,57,48.0,81,11,51.17,0.51,0.35,0.28,Nutrient Deficient
1228.0,Sangli,2.18,1280.0,536,0.49,2.42,1.49,0.65,0.13,79,67.0,68,7,59.8,0.47,0.26,0.55,Toxicity Risk
1487.0,Sangli,1.43,1296.0,471,0.27,1.44,0.66,0.41,0.15,58,84.0,62,102,43.69,0.47,0.24,0.14,Nutrient Deficient
4010.0,Sangli,1.23,805.0,467,0.25,1.95,1.28,0.54,0.1,81,133.0,150,22,41.57,0.44,0.31,0.26,Nutrient Deficient
4763.0,Pune,0.9,980.0,644,0.21,1.55,1.17,0.39,0.16,100,63.0,58,21,50.12,0.66,0.34,0.19,Nutrient Deficient
3554.0,Sangli,1.87,1166.0,688,0.2,1.56,1.35,0.57,0.15,59,112.0,84,24,54.12,0.51,0.4,0.39,Nutrient Deficient
5123.0,Solapur,1.28,1071.0,579,0.5,2.66,0.61,0.17,0.16,39,25.0,70,15,42.1,0.52,0.23,0.39,Nutrient Deficient
630.0,Sangli,1.12,991.0,396,0.49,2.99,2.61,0.74,0.19,156,210.0,133,71,53.78,0.51,0.49,0.37,Nutrient Deficient
2193.0,Sangli,1.53,1094.0,701,0.62,3.12,0.7,0.26,0.12,53,38.0,83,13,43.71,0.46,0.32,0.21,Nutrient Deficient
4509.0,Pune,1.01,900.0,391,0.19,2.2,1.05,0.57,0.12,51,79.0,51,15,45.86,0.48,0.24,0.31,Nutrient Deficient
808.0,Sangli,1.51,905.0,723,0.52,2.39,0.76,0.3,0.15,69,48.0,71,20,42.93,0.33,0.59,0.23,Toxicity Risk
5010.0,Solapur,1.0,811.0,781,0.57,1.32,0.63,0.29,0.15,63,85.0,52,11,51.09,0.6,0.44,0.14,Nutrient Deficient
1712.0,Sangli,1.18,905.0,609,0.38,1.32,1.73,0.59,0.16,55,76.0,127,22,49.88,0.49,0.11,0.16,Nutrient Deficient
4055.0,Sangli,1.12,1070.0,571,0.24,3.31,1.2,0.46,0.1,62,147.0,81,12,48.11,0.51,0.43,0.47,Nutrient Deficient
2825.0,Sangli,1.32,1219.0,611,0.39,1.8,1.22,0.45,0.13,52,142.0,59,32,47.66,0.47,0.22,0.21,Nutrient Deficient
3673.0,Sangli,1.68,1126.0,479,0.63,1.95,0.61,0.34,0.14,80,43.0,86,17,46.78,0.44,0.27,0.33,Nutrient Deficient
1233.0,Sangli,1.57,1133.0,711,0.44,3.65,1.3,0.6,0.14,66,51.0,62,23,52.64,0.51,0.25,0.23,Nutrient Excess
3285.0,Sangli,1.16,1215.0,518,0.23,1.51,1.2,0.58,0.15,56,98.0,121,23,40.56,0.46,0.08,0.18,Nutrient Deficient
4155.0,Pune,1.12,1098.0,601,0.49,2.95,1.27,0.44,0.16,41,72.0,46,26,56.87,0.47,0.24,0.29,Nutrient Deficient
1797.0,Sangli,1.72,948.0,566,0.77,1.9,0.84,0.29,0.15,40,41.0,49,18,56.93,0.51,0.25,0.21,Nutrient Deficient
2167.0,Sangli,1.32,1495.0,613,0.39,2.55,1.28,0.46,0.13,59,61.0,82,17,48.33,0.47,0.32,0.19,Nutrient Deficient
3364.0,Sangli,1.62,905.0,584,0.44,1.08,0.57,0.39,0.13,62,67.0,129,11,48.16,0.71,0.17,0.14,Nutrient Deficient
681.0,Sangli,1.73,1280.0,418,0.79,1.51,0.64,0.29,0.14,35,63.0,134,22,40.56,0.46,0.43,0.58,Toxicity Risk
4226.0,Pune,0.9,950.0,467,0.34,1.38,2.21,0.4,0.16,109,44.0,80,33,39.63,0.47,0.2,0.19,Nutrient Deficient
351.0,Sangli,0.84,795.0,492,0.35,2.13,1.03,0.67,0.12,55,175.0,138,37,53.74,0.53,0.39,0.29,Nutrient Deficient
2768.0,Sangli,1.34,1253.0,508,0.41,1.92,1.06,0.38,0.13,60,137.0,144,65,39.7,0.51,0.38,0.24,Nutrient Deficient
1690.0,Sangli,1.8,1480.0,769,0.45,2.82,0.87,0.43,0.17,51,101.0,53,13,50.05,0.49,0.39,0.43,Nutrient Deficient
1575.0,Sangli,1.0,1094.0,708,0.31,2.99,0.59,0.34,0.16,66,96.0,37,39,60.91,0.57,0.43,0.25,Nutrient Deficient
2824.0,Sangli,1.06,905.0,505,0.31,2.31,0.73,0.47,0.12,61,73.0,121,17,54.27,0.53,0.2,0.19,Nutrient Deficient
3036.0,Sangli,0.78,950.0,406,0.37,1.7,1.25,0.52,0.13,72,74.0,66,39,49.19,0.41,0.25,0.14,Nutrient Deficient
2253.0,Sangli,0.95,829.0,711,0.25,1.16,0.88,0.56,0.11,57,115.0,116,19,48.71,0.6,0.17,0.14,Nutrient Deficient
893.0,Sangli,1.72,1264.0,611,0.42,3.05,1.37,0.46,0.15,64,54.0,96,26,48.13,0.43,0.29,0.21,Nutrient Deficient
2273.0,Sangli,2.18,1440.0,893,0.35,3.65,1.17,0.42,0.12,71,146.0,120,28,46.78,0.38,0.41,0.23,Nutrient Deficient
2575.0,Sangli,0.79,964.0,378,0.54,4.13,1.2,0.54,0.16,49,26.0,43,16,68.67,0.57,0.22,0.14,Nutrient Deficient
175.0,Sangli,1.53,1215.0,609,0.34,1.02,0.93,0.43,0.13,56,106.0,71,17,45.81,0.71,0.18,0.14,Nutrient Deficient
2647.0,Sangli,1.43,1336.0,701,0.39,2.1,1.58,0.57,0.14,71,101.0,98,97,51.78,0.51,0.27,0.28,Nutrient Deficient
3100.0,Sangli,1.0,1447.0,512,0.24,3.39,1.09,0.52,0.16,104,61.0,101,12,52.11,0.58,0.19,0.19,Nutrient Deficient
221.0,Sangli,1.27,987.0,484,0.29,1.65,1.14,0.51,0.12,65,114.0,147,41,41.68,0.53,0.23,0.21,Nutrient Deficient
4102.0,Sangli,2.02,1040.0,889,0.58,1.74,1.02,0.37,0.14,77,64.0,181,50,47.11,0.51,0.37,0.39,Nutrient Deficient
3768.0,Sangli,1.34,1475.0,393,0.16,1.08,0.81,0.28,0.12,47,100.0,51,8,36.94,0.59,0.33,0.28,Nutrient Deficient
3414.0,Sangli,1.69,1490.0,674,0.32,1.96,1.08,0.47,0.12,41,39.0,43,13,46.81,0.39,0.27,0.43,Nutrient Deficient
1740.0,Sangli,1.79,1419.0,711,0.28,1.51,0.62,0.24,0.13,74,144.0,51,13,43.71,0.34,0.39,0.38,Nutrient Deficient
1479.0,Sangli,1.96,1400.0,936,0.38,2.88,1.44,0.39,0.15,82,128.0,85,36,52.63,0.43,0.44,0.48,Nutrient Deficient
2111.0,Sangli,1.22,1027.0,711,0.55,1.15,1.14,0.43,0.14,65,70.0,51,11,46.6,0.49,0.25,0.21,Nutrient Deficient
4870.0,Pune,1.21,1468.0,466,0.25,1.98,1.26,0.42,0.1,51,178.0,201,54,49.16,0.48,0.24,0.43,Nutrient Deficient
3217.0,Sangli,1.37,1112.0,398,0.33,3.03,2.46,0.62,0.14,72,34.0,125,22,43.5,0.51,0.31,0.5,Toxicity Risk
2946.0,Sangli,1.37,1163.0,978,0.31,1.51,0.69,0.57,0.15,56,303.0,95,14,41.78,0.49,0.4,0.33,Nutrient Deficient
837.0,Sangli,1.29,998.0,609,0.43,1.87,0.79,0.4,0.13,42,64.0,51,25,44.12,0.47,0.49,0.47,Nutrient Deficient
2018.0,Sangli,1.29,1495.0,611,0.32,2.82,0.99,0.36,0.17,48,141.0,163,23,50.11,0.42,0.48,0.21,Nutrient Deficient
598.0,Sangli,1.23,994.0,363,0.41,4.03,2.55,0.57,0.16,84,182.0,184,284,54.67,0.49,0.49,0.46,Nutrient Deficient
2959.0,Sangli,1.03,1449.0,912,0.26,1.58,1.4,0.6,0.13,53,247.0,110,21,50.1,0.41,0.28,0.19,Nutrient Deficient
2259.0,Sangli,0.9,997.0,673,0.48,1.63,0.86,0.61,0.12,67,31.0,121,62,57.76,0.46,0.44,0.18,Nutrient Deficient
2770.0,Sangli,1.51,986.0,508,0.49,3.29,1.09,0.51,0.11,62,118.0,43,49,50.92,0.5,0.11,0.21,Nutrient Excess
1294.0,Sangli,1.12,1092.0,401,0.45,1.08,1.18,0.56,0.13,85,101.0,57,13,44.78,0.51,0.19,0.14,Nutrient Deficient
21.0,Sangli,1.53,1191.0,487,0.46,3.25,1.02,0.55,0.1,136,41.0,35,17,61.31,0.46,0.28,0.31,Nutrient Excess
3116.0,Sangli,1.16,1091.0,328,0.52,1.55,1.51,0.56,0.16,80,131.0,115,50,49.71,0.32,0.26,0.32,Nutrient Deficient
5055.0,Solapur,1.46,897.0,849,0.35,1.12,0.93,0.36,0.14,53,56.0,42,25,52.99,0.57,0.21,0.14,Nutrient Deficient
4329.0,Pune,0.84,898.0,507,0.25,1.59,1.79,0.67,0.15,46,72.0,51,11,43.91,0.51,0.21,0.28,Nutrient Deficient
3597.0,Sangli,1.23,969.0,601,0.54,4.07,1.26,0.57,0.13,77,90.0,137,67,54.62,0.47,0.32,0.17,Nutrient Deficient
4767.0,Pune,1.32,1207.0,492,0.56,4.3,1.05,0.45,0.16,133,125.0,107,65,57.35,0.61,0.48,0.28,Nutrient Deficient
1396.0,Sangli,1.43,792.0,491,0.58,1.14,1.82,0.61,0.13,83,59.0,147,97,48.92,0.58,0.28,0.16,Balanced / Optimal
2645.0,Sangli,1.34,792.0,554,0.45,1.82,1.43,0.38,0.14,71,83.0,143,26,47.12,0.49,0.25,0.14,Nutrient Deficient
2603.0,Sangli,1.37,931.0,412,0.15,2.17,1.81,0.66,0.15,118,105.0,51,10,50.79,0.39,0.39,0.29,Nutrient Deficient
345.0,Sangli,0.84,809.0,401,0.74,2.58,0.95,0.37,0.14,80,69.0,126,23,47.63,0.37,0.25,0.2,Nutrient Deficient
1897.0,Sangli,1.59,1367.0,556,0.46,2.15,0.73,0.28,0.17,52,100.0,110,12,49.78,0.49,0.29,0.21,Nutrient Deficient
777.0,Sangli,1.9,1595.0,709,0.6,2.96,0.82,0.4,0.15,70,82.0,75,8,42.67,0.41,0.41,0.31,Nutrient Deficient
3131.0,Sangli,1.4,905.0,512,0.78,2.11,0.59,0.24,0.13,65,110.0,81,94,47.68,0.54,0.32,0.19,Nutrient Deficient
3383.0,Sangli,1.16,820.0,478,0.5,2.09,0.82,0.46,0.16,111,98.0,98,43,54.37,0.6,0.25,0.14,Nutrient Deficient
3656.0,Sangli,1.22,922.0,576,0.26,1.42,1.23,0.46,0.13,92,100.0,82,38,42.79,0.3,0.47,0.19,Nutrient Deficient
4638.0,Pune,1.12,940.0,684,0.42,2.82,1.32,0.51,0.14,188,54.0,48,12,59.1,0.71,0.45,0.14,Nutrient Deficient
1205.0,Pune,1.06,1230.0,471,0.34,3.42,1.36,0.51,0.17,78,28.0,51,12,56.12,0.56,0.44,0.19,Nutrient Deficient
3304.0,Sangli,1.62,1387.0,673,0.45,1.96,0.57,0.29,0.11,60,26.0,42,10,61.75,0.47,0.21,0.21,Nutrient Deficient
3984.0,Sangli,1.34,1109.0,950,0.5,0.99,0.84,0.3,0.13,55,40.0,149,39,50.94,0.43,0.28,0.32,Nutrient Deficient
451.0,Sangli,1.43,1126.0,674,0.19,1.29,1.58,0.58,0.13,75,240.0,136,27,43.17,0.48,0.23,0.19,Nutrient Deficient
